{
"type": "FeatureCollection",
"name": "randompointsAT",
"crs": { "type": "name", "properties": { "name": "urn:ogc:def:crs:OGC:1.3:CRS84" } },
"features": [
{ "type": "Feature", "properties": { "rand_point_id": 0 }, "geometry": { "type": "Point", "coordinates": [ 13.904353, 47.308904 ] } },
{ "type": "Feature", "properties": { "rand_point_id": 1 }, "geometry": { "type": "Point", "coordinates": [ 14.755844, 46.618937 ] } },
{ "type": "Feature", "properties": { "rand_point_id": 2 }, "geometry": { "type": "Point", "coordinates": [ 13.858554, 46.752301 ] } },
{ "type": "Feature", "properties": { "rand_point_id": 3 }, "geometry": { "type": "Point", "coordinates": [ 14.208725, 48.164528 ] } },
{ "type": "Feature", "properties": { "rand_point_id": 4 }, "geometry": { "type": "Point", "coordinates": [ 13.850794, 48.078428 ] } },
{ "type": "Feature", "properties": { "rand_point_id": 5 }, "geometry": { "type": "Point", "coordinates": [ 13.623247, 47.96395 ] } },
{ "type": "Feature", "properties": { "rand_point_id": 6 }, "geometry": { "type": "Point", "coordinates": [ 11.637462, 47.532701 ] } },
{ "type": "Feature", "properties": { "rand_point_id": 7 }, "geometry": { "type": "Point", "coordinates": [ 15.427005, 47.736733 ] } },
{ "type": "Feature", "properties": { "rand_point_id": 8 }, "geometry": { "type": "Point", "coordinates": [ 13.264309, 48.288244 ] } },
{ "type": "Feature", "properties": { "rand_point_id": 9 }, "geometry": { "type": "Point", "coordinates": [ 13.07351, 47.976986 ] } },
{ "type": "Feature", "properties": { "rand_point_id": 10 }, "geometry": { "type": "Point", "coordinates": [ 12.409191, 47.469296 ] } },
{ "type": "Feature", "properties": { "rand_point_id": 11 }, "geometry": { "type": "Point", "coordinates": [ 15.196161, 47.038875 ] } },
{ "type": "Feature", "properties": { "rand_point_id": 12 }, "geometry": { "type": "Point", "coordinates": [ 15.296636, 48.625751 ] } },
{ "type": "Feature", "properties": { "rand_point_id": 13 }, "geometry": { "type": "Point", "coordinates": [ 14.761797, 46.996019 ] } },
{ "type": "Feature", "properties": { "rand_point_id": 14 }, "geometry": { "type": "Point", "coordinates": [ 10.603352, 47.381873 ] } },
{ "type": "Feature", "properties": { "rand_point_id": 15 }, "geometry": { "type": "Point", "coordinates": [ 15.14031, 48.252085 ] } },
{ "type": "Feature", "properties": { "rand_point_id": 16 }, "geometry": { "type": "Point", "coordinates": [ 14.426756, 48.125914 ] } },
{ "type": "Feature", "properties": { "rand_point_id": 17 }, "geometry": { "type": "Point", "coordinates": [ 16.201384, 48.077318 ] } },
{ "type": "Feature", "properties": { "rand_point_id": 18 }, "geometry": { "type": "Point", "coordinates": [ 14.42021, 47.933718 ] } },
{ "type": "Feature", "properties": { "rand_point_id": 19 }, "geometry": { "type": "Point", "coordinates": [ 14.883806, 47.527823 ] } },
{ "type": "Feature", "properties": { "rand_point_id": 20 }, "geometry": { "type": "Point", "coordinates": [ 13.978209, 46.776338 ] } },
{ "type": "Feature", "properties": { "rand_point_id": 21 }, "geometry": { "type": "Point", "coordinates": [ 12.692083, 46.779131 ] } },
{ "type": "Feature", "properties": { "rand_point_id": 22 }, "geometry": { "type": "Point", "coordinates": [ 14.728438, 47.902498 ] } },
{ "type": "Feature", "properties": { "rand_point_id": 23 }, "geometry": { "type": "Point", "coordinates": [ 10.164791, 46.949 ] } },
{ "type": "Feature", "properties": { "rand_point_id": 24 }, "geometry": { "type": "Point", "coordinates": [ 15.145374, 47.741411 ] } },
{ "type": "Feature", "properties": { "rand_point_id": 25 }, "geometry": { "type": "Point", "coordinates": [ 15.434123, 47.697053 ] } },
{ "type": "Feature", "properties": { "rand_point_id": 26 }, "geometry": { "type": "Point", "coordinates": [ 13.82901, 46.536054 ] } },
{ "type": "Feature", "properties": { "rand_point_id": 27 }, "geometry": { "type": "Point", "coordinates": [ 15.053219, 47.226285 ] } },
{ "type": "Feature", "properties": { "rand_point_id": 28 }, "geometry": { "type": "Point", "coordinates": [ 13.522634, 46.945796 ] } },
{ "type": "Feature", "properties": { "rand_point_id": 29 }, "geometry": { "type": "Point", "coordinates": [ 9.870164, 47.445829 ] } },
{ "type": "Feature", "properties": { "rand_point_id": 30 }, "geometry": { "type": "Point", "coordinates": [ 15.25991, 46.914677 ] } },
{ "type": "Feature", "properties": { "rand_point_id": 31 }, "geometry": { "type": "Point", "coordinates": [ 15.9865, 48.621159 ] } },
{ "type": "Feature", "properties": { "rand_point_id": 32 }, "geometry": { "type": "Point", "coordinates": [ 11.07645, 47.328152 ] } },
{ "type": "Feature", "properties": { "rand_point_id": 33 }, "geometry": { "type": "Point", "coordinates": [ 15.134779, 47.914809 ] } },
{ "type": "Feature", "properties": { "rand_point_id": 34 }, "geometry": { "type": "Point", "coordinates": [ 14.770116, 47.195957 ] } },
{ "type": "Feature", "properties": { "rand_point_id": 35 }, "geometry": { "type": "Point", "coordinates": [ 11.597564, 47.50099 ] } },
{ "type": "Feature", "properties": { "rand_point_id": 36 }, "geometry": { "type": "Point", "coordinates": [ 16.211485, 47.648104 ] } },
{ "type": "Feature", "properties": { "rand_point_id": 37 }, "geometry": { "type": "Point", "coordinates": [ 16.064065, 47.426092 ] } },
{ "type": "Feature", "properties": { "rand_point_id": 38 }, "geometry": { "type": "Point", "coordinates": [ 16.190164, 47.269064 ] } },
{ "type": "Feature", "properties": { "rand_point_id": 39 }, "geometry": { "type": "Point", "coordinates": [ 14.357686, 47.874241 ] } },
{ "type": "Feature", "properties": { "rand_point_id": 40 }, "geometry": { "type": "Point", "coordinates": [ 16.533021, 48.75164 ] } },
{ "type": "Feature", "properties": { "rand_point_id": 41 }, "geometry": { "type": "Point", "coordinates": [ 11.798522, 47.094437 ] } },
{ "type": "Feature", "properties": { "rand_point_id": 42 }, "geometry": { "type": "Point", "coordinates": [ 14.96438, 48.33017 ] } },
{ "type": "Feature", "properties": { "rand_point_id": 43 }, "geometry": { "type": "Point", "coordinates": [ 13.723133, 47.76113 ] } },
{ "type": "Feature", "properties": { "rand_point_id": 44 }, "geometry": { "type": "Point", "coordinates": [ 12.022886, 47.305167 ] } },
{ "type": "Feature", "properties": { "rand_point_id": 45 }, "geometry": { "type": "Point", "coordinates": [ 16.096415, 47.899814 ] } },
{ "type": "Feature", "properties": { "rand_point_id": 46 }, "geometry": { "type": "Point", "coordinates": [ 15.136145, 48.680325 ] } },
{ "type": "Feature", "properties": { "rand_point_id": 47 }, "geometry": { "type": "Point", "coordinates": [ 14.729445, 47.953643 ] } },
{ "type": "Feature", "properties": { "rand_point_id": 48 }, "geometry": { "type": "Point", "coordinates": [ 10.486199, 47.486049 ] } },
{ "type": "Feature", "properties": { "rand_point_id": 49 }, "geometry": { "type": "Point", "coordinates": [ 13.207793, 47.398479 ] } },
{ "type": "Feature", "properties": { "rand_point_id": 50 }, "geometry": { "type": "Point", "coordinates": [ 15.003316, 48.442076 ] } },
{ "type": "Feature", "properties": { "rand_point_id": 51 }, "geometry": { "type": "Point", "coordinates": [ 15.457139, 48.534652 ] } },
{ "type": "Feature", "properties": { "rand_point_id": 52 }, "geometry": { "type": "Point", "coordinates": [ 15.559738, 48.686807 ] } },
{ "type": "Feature", "properties": { "rand_point_id": 53 }, "geometry": { "type": "Point", "coordinates": [ 12.41707, 47.461533 ] } },
{ "type": "Feature", "properties": { "rand_point_id": 54 }, "geometry": { "type": "Point", "coordinates": [ 12.331511, 47.365796 ] } },
{ "type": "Feature", "properties": { "rand_point_id": 55 }, "geometry": { "type": "Point", "coordinates": [ 16.184894, 48.374138 ] } },
{ "type": "Feature", "properties": { "rand_point_id": 56 }, "geometry": { "type": "Point", "coordinates": [ 13.674388, 47.988651 ] } },
{ "type": "Feature", "properties": { "rand_point_id": 57 }, "geometry": { "type": "Point", "coordinates": [ 14.715381, 46.507395 ] } },
{ "type": "Feature", "properties": { "rand_point_id": 58 }, "geometry": { "type": "Point", "coordinates": [ 10.772328, 46.945384 ] } },
{ "type": "Feature", "properties": { "rand_point_id": 59 }, "geometry": { "type": "Point", "coordinates": [ 15.329044, 47.285244 ] } },
{ "type": "Feature", "properties": { "rand_point_id": 60 }, "geometry": { "type": "Point", "coordinates": [ 16.242786, 48.551778 ] } },
{ "type": "Feature", "properties": { "rand_point_id": 61 }, "geometry": { "type": "Point", "coordinates": [ 13.701313, 48.393459 ] } },
{ "type": "Feature", "properties": { "rand_point_id": 62 }, "geometry": { "type": "Point", "coordinates": [ 14.695378, 47.068686 ] } },
{ "type": "Feature", "properties": { "rand_point_id": 63 }, "geometry": { "type": "Point", "coordinates": [ 14.737213, 47.465965 ] } },
{ "type": "Feature", "properties": { "rand_point_id": 64 }, "geometry": { "type": "Point", "coordinates": [ 15.018879, 48.660891 ] } },
{ "type": "Feature", "properties": { "rand_point_id": 65 }, "geometry": { "type": "Point", "coordinates": [ 9.918097, 46.949779 ] } },
{ "type": "Feature", "properties": { "rand_point_id": 66 }, "geometry": { "type": "Point", "coordinates": [ 12.607117, 47.115291 ] } },
{ "type": "Feature", "properties": { "rand_point_id": 67 }, "geometry": { "type": "Point", "coordinates": [ 16.106051, 47.896635 ] } },
{ "type": "Feature", "properties": { "rand_point_id": 68 }, "geometry": { "type": "Point", "coordinates": [ 14.16204, 47.903082 ] } },
{ "type": "Feature", "properties": { "rand_point_id": 69 }, "geometry": { "type": "Point", "coordinates": [ 16.04052, 48.173532 ] } },
{ "type": "Feature", "properties": { "rand_point_id": 70 }, "geometry": { "type": "Point", "coordinates": [ 14.930339, 48.455684 ] } },
{ "type": "Feature", "properties": { "rand_point_id": 71 }, "geometry": { "type": "Point", "coordinates": [ 13.36576, 46.750827 ] } },
{ "type": "Feature", "properties": { "rand_point_id": 72 }, "geometry": { "type": "Point", "coordinates": [ 16.822365, 47.883863 ] } },
{ "type": "Feature", "properties": { "rand_point_id": 73 }, "geometry": { "type": "Point", "coordinates": [ 14.459114, 47.006499 ] } },
{ "type": "Feature", "properties": { "rand_point_id": 74 }, "geometry": { "type": "Point", "coordinates": [ 14.802497, 47.965011 ] } },
{ "type": "Feature", "properties": { "rand_point_id": 75 }, "geometry": { "type": "Point", "coordinates": [ 13.214292, 47.90142 ] } },
{ "type": "Feature", "properties": { "rand_point_id": 76 }, "geometry": { "type": "Point", "coordinates": [ 14.252609, 47.775324 ] } },
{ "type": "Feature", "properties": { "rand_point_id": 77 }, "geometry": { "type": "Point", "coordinates": [ 9.760178, 47.482422 ] } },
{ "type": "Feature", "properties": { "rand_point_id": 78 }, "geometry": { "type": "Point", "coordinates": [ 12.03529, 47.369186 ] } },
{ "type": "Feature", "properties": { "rand_point_id": 79 }, "geometry": { "type": "Point", "coordinates": [ 13.712473, 46.642288 ] } },
{ "type": "Feature", "properties": { "rand_point_id": 80 }, "geometry": { "type": "Point", "coordinates": [ 14.366937, 46.8392 ] } },
{ "type": "Feature", "properties": { "rand_point_id": 81 }, "geometry": { "type": "Point", "coordinates": [ 14.230563, 47.955641 ] } },
{ "type": "Feature", "properties": { "rand_point_id": 82 }, "geometry": { "type": "Point", "coordinates": [ 14.307159, 47.857365 ] } },
{ "type": "Feature", "properties": { "rand_point_id": 83 }, "geometry": { "type": "Point", "coordinates": [ 15.932804, 47.997553 ] } },
{ "type": "Feature", "properties": { "rand_point_id": 84 }, "geometry": { "type": "Point", "coordinates": [ 15.779443, 48.678003 ] } },
{ "type": "Feature", "properties": { "rand_point_id": 85 }, "geometry": { "type": "Point", "coordinates": [ 13.508011, 46.559646 ] } },
{ "type": "Feature", "properties": { "rand_point_id": 86 }, "geometry": { "type": "Point", "coordinates": [ 15.862503, 47.10494 ] } },
{ "type": "Feature", "properties": { "rand_point_id": 87 }, "geometry": { "type": "Point", "coordinates": [ 16.149109, 47.750611 ] } },
{ "type": "Feature", "properties": { "rand_point_id": 88 }, "geometry": { "type": "Point", "coordinates": [ 12.201476, 47.700951 ] } },
{ "type": "Feature", "properties": { "rand_point_id": 89 }, "geometry": { "type": "Point", "coordinates": [ 16.783439, 48.44449 ] } },
{ "type": "Feature", "properties": { "rand_point_id": 90 }, "geometry": { "type": "Point", "coordinates": [ 14.877479, 48.258729 ] } },
{ "type": "Feature", "properties": { "rand_point_id": 91 }, "geometry": { "type": "Point", "coordinates": [ 11.890403, 47.414105 ] } },
{ "type": "Feature", "properties": { "rand_point_id": 92 }, "geometry": { "type": "Point", "coordinates": [ 11.923266, 47.546823 ] } },
{ "type": "Feature", "properties": { "rand_point_id": 93 }, "geometry": { "type": "Point", "coordinates": [ 13.091918, 47.94076 ] } },
{ "type": "Feature", "properties": { "rand_point_id": 94 }, "geometry": { "type": "Point", "coordinates": [ 15.475427, 48.070685 ] } },
{ "type": "Feature", "properties": { "rand_point_id": 95 }, "geometry": { "type": "Point", "coordinates": [ 13.537355, 46.620498 ] } },
{ "type": "Feature", "properties": { "rand_point_id": 96 }, "geometry": { "type": "Point", "coordinates": [ 15.620442, 46.889364 ] } },
{ "type": "Feature", "properties": { "rand_point_id": 97 }, "geometry": { "type": "Point", "coordinates": [ 15.681579, 47.890124 ] } },
{ "type": "Feature", "properties": { "rand_point_id": 98 }, "geometry": { "type": "Point", "coordinates": [ 11.25248, 47.134054 ] } },
{ "type": "Feature", "properties": { "rand_point_id": 99 }, "geometry": { "type": "Point", "coordinates": [ 15.688728, 48.688799 ] } },
{ "type": "Feature", "properties": { "rand_point_id": 100 }, "geometry": { "type": "Point", "coordinates": [ 16.234879, 47.991068 ] } },
{ "type": "Feature", "properties": { "rand_point_id": 101 }, "geometry": { "type": "Point", "coordinates": [ 11.058302, 46.99096 ] } },
{ "type": "Feature", "properties": { "rand_point_id": 102 }, "geometry": { "type": "Point", "coordinates": [ 14.795277, 47.586984 ] } },
{ "type": "Feature", "properties": { "rand_point_id": 103 }, "geometry": { "type": "Point", "coordinates": [ 11.77678, 47.588001 ] } },
{ "type": "Feature", "properties": { "rand_point_id": 104 }, "geometry": { "type": "Point", "coordinates": [ 12.840273, 46.675967 ] } },
{ "type": "Feature", "properties": { "rand_point_id": 105 }, "geometry": { "type": "Point", "coordinates": [ 11.909966, 47.336303 ] } },
{ "type": "Feature", "properties": { "rand_point_id": 106 }, "geometry": { "type": "Point", "coordinates": [ 15.106794, 47.866979 ] } },
{ "type": "Feature", "properties": { "rand_point_id": 107 }, "geometry": { "type": "Point", "coordinates": [ 15.012124, 48.74858 ] } },
{ "type": "Feature", "properties": { "rand_point_id": 108 }, "geometry": { "type": "Point", "coordinates": [ 12.254104, 47.013128 ] } },
{ "type": "Feature", "properties": { "rand_point_id": 109 }, "geometry": { "type": "Point", "coordinates": [ 13.465972, 47.617497 ] } },
{ "type": "Feature", "properties": { "rand_point_id": 110 }, "geometry": { "type": "Point", "coordinates": [ 14.655258, 47.469836 ] } },
{ "type": "Feature", "properties": { "rand_point_id": 111 }, "geometry": { "type": "Point", "coordinates": [ 13.895228, 47.737307 ] } },
{ "type": "Feature", "properties": { "rand_point_id": 112 }, "geometry": { "type": "Point", "coordinates": [ 14.850923, 46.622052 ] } },
{ "type": "Feature", "properties": { "rand_point_id": 113 }, "geometry": { "type": "Point", "coordinates": [ 14.085793, 47.172986 ] } },
{ "type": "Feature", "properties": { "rand_point_id": 114 }, "geometry": { "type": "Point", "coordinates": [ 15.887112, 46.923985 ] } },
{ "type": "Feature", "properties": { "rand_point_id": 115 }, "geometry": { "type": "Point", "coordinates": [ 16.601685, 48.57754 ] } },
{ "type": "Feature", "properties": { "rand_point_id": 116 }, "geometry": { "type": "Point", "coordinates": [ 14.438417, 48.57618 ] } },
{ "type": "Feature", "properties": { "rand_point_id": 117 }, "geometry": { "type": "Point", "coordinates": [ 16.913841, 48.103145 ] } },
{ "type": "Feature", "properties": { "rand_point_id": 118 }, "geometry": { "type": "Point", "coordinates": [ 15.649681, 48.625289 ] } },
{ "type": "Feature", "properties": { "rand_point_id": 119 }, "geometry": { "type": "Point", "coordinates": [ 15.030663, 47.224079 ] } },
{ "type": "Feature", "properties": { "rand_point_id": 120 }, "geometry": { "type": "Point", "coordinates": [ 13.985175, 47.56265 ] } },
{ "type": "Feature", "properties": { "rand_point_id": 121 }, "geometry": { "type": "Point", "coordinates": [ 16.214607, 48.304585 ] } },
{ "type": "Feature", "properties": { "rand_point_id": 122 }, "geometry": { "type": "Point", "coordinates": [ 16.911896, 48.535179 ] } },
{ "type": "Feature", "properties": { "rand_point_id": 123 }, "geometry": { "type": "Point", "coordinates": [ 13.229343, 46.835622 ] } },
{ "type": "Feature", "properties": { "rand_point_id": 124 }, "geometry": { "type": "Point", "coordinates": [ 15.851463, 47.712297 ] } },
{ "type": "Feature", "properties": { "rand_point_id": 125 }, "geometry": { "type": "Point", "coordinates": [ 15.172658, 48.76062 ] } },
{ "type": "Feature", "properties": { "rand_point_id": 126 }, "geometry": { "type": "Point", "coordinates": [ 11.062772, 47.144489 ] } },
{ "type": "Feature", "properties": { "rand_point_id": 127 }, "geometry": { "type": "Point", "coordinates": [ 15.858939, 48.452233 ] } },
{ "type": "Feature", "properties": { "rand_point_id": 128 }, "geometry": { "type": "Point", "coordinates": [ 11.708706, 47.389508 ] } },
{ "type": "Feature", "properties": { "rand_point_id": 129 }, "geometry": { "type": "Point", "coordinates": [ 9.815299, 47.078616 ] } },
{ "type": "Feature", "properties": { "rand_point_id": 130 }, "geometry": { "type": "Point", "coordinates": [ 10.434397, 47.311119 ] } },
{ "type": "Feature", "properties": { "rand_point_id": 131 }, "geometry": { "type": "Point", "coordinates": [ 15.134236, 47.980015 ] } },
{ "type": "Feature", "properties": { "rand_point_id": 132 }, "geometry": { "type": "Point", "coordinates": [ 13.994239, 48.27807 ] } },
{ "type": "Feature", "properties": { "rand_point_id": 133 }, "geometry": { "type": "Point", "coordinates": [ 13.516373, 47.151396 ] } },
{ "type": "Feature", "properties": { "rand_point_id": 134 }, "geometry": { "type": "Point", "coordinates": [ 14.43723, 48.429378 ] } },
{ "type": "Feature", "properties": { "rand_point_id": 135 }, "geometry": { "type": "Point", "coordinates": [ 15.131428, 46.775009 ] } },
{ "type": "Feature", "properties": { "rand_point_id": 136 }, "geometry": { "type": "Point", "coordinates": [ 15.473268, 47.793472 ] } },
{ "type": "Feature", "properties": { "rand_point_id": 137 }, "geometry": { "type": "Point", "coordinates": [ 14.669669, 48.458837 ] } },
{ "type": "Feature", "properties": { "rand_point_id": 138 }, "geometry": { "type": "Point", "coordinates": [ 15.962095, 46.731728 ] } },
{ "type": "Feature", "properties": { "rand_point_id": 139 }, "geometry": { "type": "Point", "coordinates": [ 15.2085, 47.726433 ] } },
{ "type": "Feature", "properties": { "rand_point_id": 140 }, "geometry": { "type": "Point", "coordinates": [ 13.170741, 47.58133 ] } },
{ "type": "Feature", "properties": { "rand_point_id": 141 }, "geometry": { "type": "Point", "coordinates": [ 14.994614, 47.34065 ] } },
{ "type": "Feature", "properties": { "rand_point_id": 142 }, "geometry": { "type": "Point", "coordinates": [ 15.727993, 48.586912 ] } },
{ "type": "Feature", "properties": { "rand_point_id": 143 }, "geometry": { "type": "Point", "coordinates": [ 15.21591, 47.541709 ] } },
{ "type": "Feature", "properties": { "rand_point_id": 144 }, "geometry": { "type": "Point", "coordinates": [ 11.080783, 47.281592 ] } },
{ "type": "Feature", "properties": { "rand_point_id": 145 }, "geometry": { "type": "Point", "coordinates": [ 15.791521, 47.294951 ] } },
{ "type": "Feature", "properties": { "rand_point_id": 146 }, "geometry": { "type": "Point", "coordinates": [ 14.76335, 48.02926 ] } },
{ "type": "Feature", "properties": { "rand_point_id": 147 }, "geometry": { "type": "Point", "coordinates": [ 14.826373, 48.40713 ] } },
{ "type": "Feature", "properties": { "rand_point_id": 148 }, "geometry": { "type": "Point", "coordinates": [ 14.786118, 48.214789 ] } },
{ "type": "Feature", "properties": { "rand_point_id": 149 }, "geometry": { "type": "Point", "coordinates": [ 14.777364, 48.368253 ] } },
{ "type": "Feature", "properties": { "rand_point_id": 150 }, "geometry": { "type": "Point", "coordinates": [ 14.562007, 46.957965 ] } },
{ "type": "Feature", "properties": { "rand_point_id": 151 }, "geometry": { "type": "Point", "coordinates": [ 13.51306, 47.732305 ] } },
{ "type": "Feature", "properties": { "rand_point_id": 152 }, "geometry": { "type": "Point", "coordinates": [ 16.634866, 48.585086 ] } },
{ "type": "Feature", "properties": { "rand_point_id": 153 }, "geometry": { "type": "Point", "coordinates": [ 13.608562, 46.809699 ] } },
{ "type": "Feature", "properties": { "rand_point_id": 154 }, "geometry": { "type": "Point", "coordinates": [ 16.653267, 47.5585 ] } },
{ "type": "Feature", "properties": { "rand_point_id": 155 }, "geometry": { "type": "Point", "coordinates": [ 11.965848, 47.053429 ] } },
{ "type": "Feature", "properties": { "rand_point_id": 156 }, "geometry": { "type": "Point", "coordinates": [ 14.754142, 48.38618 ] } },
{ "type": "Feature", "properties": { "rand_point_id": 157 }, "geometry": { "type": "Point", "coordinates": [ 13.388301, 46.76696 ] } },
{ "type": "Feature", "properties": { "rand_point_id": 158 }, "geometry": { "type": "Point", "coordinates": [ 15.552689, 47.11702 ] } },
{ "type": "Feature", "properties": { "rand_point_id": 159 }, "geometry": { "type": "Point", "coordinates": [ 14.064414, 47.713505 ] } },
{ "type": "Feature", "properties": { "rand_point_id": 160 }, "geometry": { "type": "Point", "coordinates": [ 13.295804, 47.638765 ] } },
{ "type": "Feature", "properties": { "rand_point_id": 161 }, "geometry": { "type": "Point", "coordinates": [ 14.973253, 48.709762 ] } },
{ "type": "Feature", "properties": { "rand_point_id": 162 }, "geometry": { "type": "Point", "coordinates": [ 10.87014, 46.942453 ] } },
{ "type": "Feature", "properties": { "rand_point_id": 163 }, "geometry": { "type": "Point", "coordinates": [ 16.244338, 47.839197 ] } },
{ "type": "Feature", "properties": { "rand_point_id": 164 }, "geometry": { "type": "Point", "coordinates": [ 14.964503, 48.530292 ] } },
{ "type": "Feature", "properties": { "rand_point_id": 165 }, "geometry": { "type": "Point", "coordinates": [ 11.123928, 47.268279 ] } },
{ "type": "Feature", "properties": { "rand_point_id": 166 }, "geometry": { "type": "Point", "coordinates": [ 13.919604, 47.254297 ] } },
{ "type": "Feature", "properties": { "rand_point_id": 167 }, "geometry": { "type": "Point", "coordinates": [ 13.652998, 46.791188 ] } },
{ "type": "Feature", "properties": { "rand_point_id": 168 }, "geometry": { "type": "Point", "coordinates": [ 13.784736, 47.180547 ] } },
{ "type": "Feature", "properties": { "rand_point_id": 169 }, "geometry": { "type": "Point", "coordinates": [ 13.510221, 46.721854 ] } },
{ "type": "Feature", "properties": { "rand_point_id": 170 }, "geometry": { "type": "Point", "coordinates": [ 15.729005, 48.247788 ] } },
{ "type": "Feature", "properties": { "rand_point_id": 171 }, "geometry": { "type": "Point", "coordinates": [ 16.535348, 48.60953 ] } },
{ "type": "Feature", "properties": { "rand_point_id": 172 }, "geometry": { "type": "Point", "coordinates": [ 16.774624, 48.300746 ] } },
{ "type": "Feature", "properties": { "rand_point_id": 173 }, "geometry": { "type": "Point", "coordinates": [ 10.024804, 47.108603 ] } },
{ "type": "Feature", "properties": { "rand_point_id": 174 }, "geometry": { "type": "Point", "coordinates": [ 12.664545, 47.278653 ] } },
{ "type": "Feature", "properties": { "rand_point_id": 175 }, "geometry": { "type": "Point", "coordinates": [ 9.948548, 47.039132 ] } },
{ "type": "Feature", "properties": { "rand_point_id": 176 }, "geometry": { "type": "Point", "coordinates": [ 12.659681, 47.056311 ] } },
{ "type": "Feature", "properties": { "rand_point_id": 177 }, "geometry": { "type": "Point", "coordinates": [ 14.959141, 46.856902 ] } },
{ "type": "Feature", "properties": { "rand_point_id": 178 }, "geometry": { "type": "Point", "coordinates": [ 15.308429, 48.487453 ] } },
{ "type": "Feature", "properties": { "rand_point_id": 179 }, "geometry": { "type": "Point", "coordinates": [ 12.036864, 47.309806 ] } },
{ "type": "Feature", "properties": { "rand_point_id": 180 }, "geometry": { "type": "Point", "coordinates": [ 12.892556, 47.102244 ] } },
{ "type": "Feature", "properties": { "rand_point_id": 181 }, "geometry": { "type": "Point", "coordinates": [ 15.228365, 48.326957 ] } },
{ "type": "Feature", "properties": { "rand_point_id": 182 }, "geometry": { "type": "Point", "coordinates": [ 15.150478, 47.256741 ] } },
{ "type": "Feature", "properties": { "rand_point_id": 183 }, "geometry": { "type": "Point", "coordinates": [ 14.799678, 48.487081 ] } },
{ "type": "Feature", "properties": { "rand_point_id": 184 }, "geometry": { "type": "Point", "coordinates": [ 16.627942, 48.443861 ] } },
{ "type": "Feature", "properties": { "rand_point_id": 185 }, "geometry": { "type": "Point", "coordinates": [ 14.440763, 48.34677 ] } },
{ "type": "Feature", "properties": { "rand_point_id": 186 }, "geometry": { "type": "Point", "coordinates": [ 14.795007, 47.097914 ] } },
{ "type": "Feature", "properties": { "rand_point_id": 187 }, "geometry": { "type": "Point", "coordinates": [ 14.421243, 47.867051 ] } },
{ "type": "Feature", "properties": { "rand_point_id": 188 }, "geometry": { "type": "Point", "coordinates": [ 13.551904, 46.645524 ] } },
{ "type": "Feature", "properties": { "rand_point_id": 189 }, "geometry": { "type": "Point", "coordinates": [ 15.286381, 48.847937 ] } },
{ "type": "Feature", "properties": { "rand_point_id": 190 }, "geometry": { "type": "Point", "coordinates": [ 11.35119, 47.2388 ] } },
{ "type": "Feature", "properties": { "rand_point_id": 191 }, "geometry": { "type": "Point", "coordinates": [ 15.417444, 47.673768 ] } },
{ "type": "Feature", "properties": { "rand_point_id": 192 }, "geometry": { "type": "Point", "coordinates": [ 15.939428, 48.002013 ] } },
{ "type": "Feature", "properties": { "rand_point_id": 193 }, "geometry": { "type": "Point", "coordinates": [ 9.79283, 47.194778 ] } },
{ "type": "Feature", "properties": { "rand_point_id": 194 }, "geometry": { "type": "Point", "coordinates": [ 16.561562, 48.22853 ] } },
{ "type": "Feature", "properties": { "rand_point_id": 195 }, "geometry": { "type": "Point", "coordinates": [ 15.589192, 47.95074 ] } },
{ "type": "Feature", "properties": { "rand_point_id": 196 }, "geometry": { "type": "Point", "coordinates": [ 14.751877, 47.512292 ] } },
{ "type": "Feature", "properties": { "rand_point_id": 197 }, "geometry": { "type": "Point", "coordinates": [ 14.192917, 47.593871 ] } },
{ "type": "Feature", "properties": { "rand_point_id": 198 }, "geometry": { "type": "Point", "coordinates": [ 13.519302, 48.102063 ] } },
{ "type": "Feature", "properties": { "rand_point_id": 199 }, "geometry": { "type": "Point", "coordinates": [ 14.051991, 48.656102 ] } },
{ "type": "Feature", "properties": { "rand_point_id": 200 }, "geometry": { "type": "Point", "coordinates": [ 15.677972, 47.31231 ] } },
{ "type": "Feature", "properties": { "rand_point_id": 201 }, "geometry": { "type": "Point", "coordinates": [ 11.068668, 47.31308 ] } },
{ "type": "Feature", "properties": { "rand_point_id": 202 }, "geometry": { "type": "Point", "coordinates": [ 13.479701, 47.582904 ] } },
{ "type": "Feature", "properties": { "rand_point_id": 203 }, "geometry": { "type": "Point", "coordinates": [ 15.734088, 47.71162 ] } },
{ "type": "Feature", "properties": { "rand_point_id": 204 }, "geometry": { "type": "Point", "coordinates": [ 15.31931, 48.700016 ] } },
{ "type": "Feature", "properties": { "rand_point_id": 205 }, "geometry": { "type": "Point", "coordinates": [ 13.540085, 48.38094 ] } },
{ "type": "Feature", "properties": { "rand_point_id": 206 }, "geometry": { "type": "Point", "coordinates": [ 14.199613, 48.275838 ] } },
{ "type": "Feature", "properties": { "rand_point_id": 207 }, "geometry": { "type": "Point", "coordinates": [ 13.019048, 47.323583 ] } },
{ "type": "Feature", "properties": { "rand_point_id": 208 }, "geometry": { "type": "Point", "coordinates": [ 14.100938, 47.044198 ] } },
{ "type": "Feature", "properties": { "rand_point_id": 209 }, "geometry": { "type": "Point", "coordinates": [ 15.637942, 47.188977 ] } },
{ "type": "Feature", "properties": { "rand_point_id": 210 }, "geometry": { "type": "Point", "coordinates": [ 14.738728, 48.619076 ] } },
{ "type": "Feature", "properties": { "rand_point_id": 211 }, "geometry": { "type": "Point", "coordinates": [ 16.491785, 47.474333 ] } },
{ "type": "Feature", "properties": { "rand_point_id": 212 }, "geometry": { "type": "Point", "coordinates": [ 13.783012, 47.460047 ] } },
{ "type": "Feature", "properties": { "rand_point_id": 213 }, "geometry": { "type": "Point", "coordinates": [ 13.70045, 48.488915 ] } },
{ "type": "Feature", "properties": { "rand_point_id": 214 }, "geometry": { "type": "Point", "coordinates": [ 13.335139, 46.739267 ] } },
{ "type": "Feature", "properties": { "rand_point_id": 215 }, "geometry": { "type": "Point", "coordinates": [ 16.411394, 47.095287 ] } },
{ "type": "Feature", "properties": { "rand_point_id": 216 }, "geometry": { "type": "Point", "coordinates": [ 15.299193, 48.720283 ] } },
{ "type": "Feature", "properties": { "rand_point_id": 217 }, "geometry": { "type": "Point", "coordinates": [ 14.898121, 47.669038 ] } },
{ "type": "Feature", "properties": { "rand_point_id": 218 }, "geometry": { "type": "Point", "coordinates": [ 16.437867, 47.287708 ] } },
{ "type": "Feature", "properties": { "rand_point_id": 219 }, "geometry": { "type": "Point", "coordinates": [ 11.692169, 47.44942 ] } },
{ "type": "Feature", "properties": { "rand_point_id": 220 }, "geometry": { "type": "Point", "coordinates": [ 14.26691, 47.72962 ] } },
{ "type": "Feature", "properties": { "rand_point_id": 221 }, "geometry": { "type": "Point", "coordinates": [ 15.690915, 47.289066 ] } },
{ "type": "Feature", "properties": { "rand_point_id": 222 }, "geometry": { "type": "Point", "coordinates": [ 14.562407, 46.884186 ] } },
{ "type": "Feature", "properties": { "rand_point_id": 223 }, "geometry": { "type": "Point", "coordinates": [ 16.044253, 47.031449 ] } },
{ "type": "Feature", "properties": { "rand_point_id": 224 }, "geometry": { "type": "Point", "coordinates": [ 12.97304, 48.135162 ] } },
{ "type": "Feature", "properties": { "rand_point_id": 225 }, "geometry": { "type": "Point", "coordinates": [ 12.651376, 47.583576 ] } },
{ "type": "Feature", "properties": { "rand_point_id": 226 }, "geometry": { "type": "Point", "coordinates": [ 13.428022, 47.136768 ] } },
{ "type": "Feature", "properties": { "rand_point_id": 227 }, "geometry": { "type": "Point", "coordinates": [ 15.02182, 47.781114 ] } },
{ "type": "Feature", "properties": { "rand_point_id": 228 }, "geometry": { "type": "Point", "coordinates": [ 16.33765, 47.001857 ] } },
{ "type": "Feature", "properties": { "rand_point_id": 229 }, "geometry": { "type": "Point", "coordinates": [ 13.705456, 48.319613 ] } },
{ "type": "Feature", "properties": { "rand_point_id": 230 }, "geometry": { "type": "Point", "coordinates": [ 13.875772, 48.129332 ] } },
{ "type": "Feature", "properties": { "rand_point_id": 231 }, "geometry": { "type": "Point", "coordinates": [ 15.731404, 47.266783 ] } },
{ "type": "Feature", "properties": { "rand_point_id": 232 }, "geometry": { "type": "Point", "coordinates": [ 14.635134, 47.726006 ] } },
{ "type": "Feature", "properties": { "rand_point_id": 233 }, "geometry": { "type": "Point", "coordinates": [ 16.508489, 48.758693 ] } },
{ "type": "Feature", "properties": { "rand_point_id": 234 }, "geometry": { "type": "Point", "coordinates": [ 10.54976, 47.214978 ] } },
{ "type": "Feature", "properties": { "rand_point_id": 235 }, "geometry": { "type": "Point", "coordinates": [ 15.397605, 48.535985 ] } },
{ "type": "Feature", "properties": { "rand_point_id": 236 }, "geometry": { "type": "Point", "coordinates": [ 13.383524, 48.017004 ] } },
{ "type": "Feature", "properties": { "rand_point_id": 237 }, "geometry": { "type": "Point", "coordinates": [ 15.991415, 48.117719 ] } },
{ "type": "Feature", "properties": { "rand_point_id": 238 }, "geometry": { "type": "Point", "coordinates": [ 13.386692, 47.330616 ] } },
{ "type": "Feature", "properties": { "rand_point_id": 239 }, "geometry": { "type": "Point", "coordinates": [ 14.637473, 47.03607 ] } },
{ "type": "Feature", "properties": { "rand_point_id": 240 }, "geometry": { "type": "Point", "coordinates": [ 15.028128, 47.093317 ] } },
{ "type": "Feature", "properties": { "rand_point_id": 241 }, "geometry": { "type": "Point", "coordinates": [ 15.707528, 48.786664 ] } },
{ "type": "Feature", "properties": { "rand_point_id": 242 }, "geometry": { "type": "Point", "coordinates": [ 16.337014, 48.001613 ] } },
{ "type": "Feature", "properties": { "rand_point_id": 243 }, "geometry": { "type": "Point", "coordinates": [ 9.961651, 47.358689 ] } },
{ "type": "Feature", "properties": { "rand_point_id": 244 }, "geometry": { "type": "Point", "coordinates": [ 14.786656, 47.844749 ] } },
{ "type": "Feature", "properties": { "rand_point_id": 245 }, "geometry": { "type": "Point", "coordinates": [ 13.73779, 47.27574 ] } },
{ "type": "Feature", "properties": { "rand_point_id": 246 }, "geometry": { "type": "Point", "coordinates": [ 16.164581, 47.787421 ] } },
{ "type": "Feature", "properties": { "rand_point_id": 247 }, "geometry": { "type": "Point", "coordinates": [ 15.379069, 48.197879 ] } },
{ "type": "Feature", "properties": { "rand_point_id": 248 }, "geometry": { "type": "Point", "coordinates": [ 12.871738, 48.118233 ] } },
{ "type": "Feature", "properties": { "rand_point_id": 249 }, "geometry": { "type": "Point", "coordinates": [ 11.95446, 47.117232 ] } },
{ "type": "Feature", "properties": { "rand_point_id": 250 }, "geometry": { "type": "Point", "coordinates": [ 14.630553, 48.450817 ] } },
{ "type": "Feature", "properties": { "rand_point_id": 251 }, "geometry": { "type": "Point", "coordinates": [ 15.076126, 46.909235 ] } },
{ "type": "Feature", "properties": { "rand_point_id": 252 }, "geometry": { "type": "Point", "coordinates": [ 14.509939, 46.967847 ] } },
{ "type": "Feature", "properties": { "rand_point_id": 253 }, "geometry": { "type": "Point", "coordinates": [ 16.71424, 48.546162 ] } },
{ "type": "Feature", "properties": { "rand_point_id": 254 }, "geometry": { "type": "Point", "coordinates": [ 16.36734, 47.458694 ] } },
{ "type": "Feature", "properties": { "rand_point_id": 255 }, "geometry": { "type": "Point", "coordinates": [ 13.387558, 47.59818 ] } },
{ "type": "Feature", "properties": { "rand_point_id": 256 }, "geometry": { "type": "Point", "coordinates": [ 14.423086, 48.267377 ] } },
{ "type": "Feature", "properties": { "rand_point_id": 257 }, "geometry": { "type": "Point", "coordinates": [ 16.235807, 48.539364 ] } },
{ "type": "Feature", "properties": { "rand_point_id": 258 }, "geometry": { "type": "Point", "coordinates": [ 14.26372, 48.289552 ] } },
{ "type": "Feature", "properties": { "rand_point_id": 259 }, "geometry": { "type": "Point", "coordinates": [ 15.951226, 46.934101 ] } },
{ "type": "Feature", "properties": { "rand_point_id": 260 }, "geometry": { "type": "Point", "coordinates": [ 16.111239, 48.611681 ] } },
{ "type": "Feature", "properties": { "rand_point_id": 261 }, "geometry": { "type": "Point", "coordinates": [ 12.669335, 46.971318 ] } },
{ "type": "Feature", "properties": { "rand_point_id": 262 }, "geometry": { "type": "Point", "coordinates": [ 15.297508, 48.72687 ] } },
{ "type": "Feature", "properties": { "rand_point_id": 263 }, "geometry": { "type": "Point", "coordinates": [ 14.04889, 47.471837 ] } },
{ "type": "Feature", "properties": { "rand_point_id": 264 }, "geometry": { "type": "Point", "coordinates": [ 15.600518, 47.847616 ] } },
{ "type": "Feature", "properties": { "rand_point_id": 265 }, "geometry": { "type": "Point", "coordinates": [ 10.549165, 47.300955 ] } },
{ "type": "Feature", "properties": { "rand_point_id": 266 }, "geometry": { "type": "Point", "coordinates": [ 16.346447, 48.226215 ] } },
{ "type": "Feature", "properties": { "rand_point_id": 267 }, "geometry": { "type": "Point", "coordinates": [ 11.718712, 47.433852 ] } },
{ "type": "Feature", "properties": { "rand_point_id": 268 }, "geometry": { "type": "Point", "coordinates": [ 13.875547, 48.24779 ] } },
{ "type": "Feature", "properties": { "rand_point_id": 269 }, "geometry": { "type": "Point", "coordinates": [ 13.629268, 47.2187 ] } },
{ "type": "Feature", "properties": { "rand_point_id": 270 }, "geometry": { "type": "Point", "coordinates": [ 15.165443, 48.703475 ] } },
{ "type": "Feature", "properties": { "rand_point_id": 271 }, "geometry": { "type": "Point", "coordinates": [ 15.466242, 48.095574 ] } },
{ "type": "Feature", "properties": { "rand_point_id": 272 }, "geometry": { "type": "Point", "coordinates": [ 13.458065, 47.013925 ] } },
{ "type": "Feature", "properties": { "rand_point_id": 273 }, "geometry": { "type": "Point", "coordinates": [ 16.144855, 46.888023 ] } },
{ "type": "Feature", "properties": { "rand_point_id": 274 }, "geometry": { "type": "Point", "coordinates": [ 15.426501, 47.643444 ] } },
{ "type": "Feature", "properties": { "rand_point_id": 275 }, "geometry": { "type": "Point", "coordinates": [ 13.720109, 48.133958 ] } },
{ "type": "Feature", "properties": { "rand_point_id": 276 }, "geometry": { "type": "Point", "coordinates": [ 16.888499, 47.810722 ] } },
{ "type": "Feature", "properties": { "rand_point_id": 277 }, "geometry": { "type": "Point", "coordinates": [ 14.923052, 48.255772 ] } },
{ "type": "Feature", "properties": { "rand_point_id": 278 }, "geometry": { "type": "Point", "coordinates": [ 13.51637, 46.884343 ] } },
{ "type": "Feature", "properties": { "rand_point_id": 279 }, "geometry": { "type": "Point", "coordinates": [ 15.07953, 48.755019 ] } },
{ "type": "Feature", "properties": { "rand_point_id": 280 }, "geometry": { "type": "Point", "coordinates": [ 13.878243, 48.74623 ] } },
{ "type": "Feature", "properties": { "rand_point_id": 281 }, "geometry": { "type": "Point", "coordinates": [ 15.563845, 46.794703 ] } },
{ "type": "Feature", "properties": { "rand_point_id": 282 }, "geometry": { "type": "Point", "coordinates": [ 14.402045, 46.891175 ] } },
{ "type": "Feature", "properties": { "rand_point_id": 283 }, "geometry": { "type": "Point", "coordinates": [ 14.484094, 48.354914 ] } },
{ "type": "Feature", "properties": { "rand_point_id": 284 }, "geometry": { "type": "Point", "coordinates": [ 13.927661, 46.610728 ] } },
{ "type": "Feature", "properties": { "rand_point_id": 285 }, "geometry": { "type": "Point", "coordinates": [ 14.746307, 48.266592 ] } },
{ "type": "Feature", "properties": { "rand_point_id": 286 }, "geometry": { "type": "Point", "coordinates": [ 14.16719, 46.519459 ] } },
{ "type": "Feature", "properties": { "rand_point_id": 287 }, "geometry": { "type": "Point", "coordinates": [ 16.502629, 48.159916 ] } },
{ "type": "Feature", "properties": { "rand_point_id": 288 }, "geometry": { "type": "Point", "coordinates": [ 13.646066, 48.053737 ] } },
{ "type": "Feature", "properties": { "rand_point_id": 289 }, "geometry": { "type": "Point", "coordinates": [ 13.272262, 47.185656 ] } },
{ "type": "Feature", "properties": { "rand_point_id": 290 }, "geometry": { "type": "Point", "coordinates": [ 16.61805, 48.369779 ] } },
{ "type": "Feature", "properties": { "rand_point_id": 291 }, "geometry": { "type": "Point", "coordinates": [ 14.96305, 47.131632 ] } },
{ "type": "Feature", "properties": { "rand_point_id": 292 }, "geometry": { "type": "Point", "coordinates": [ 14.510677, 47.487221 ] } },
{ "type": "Feature", "properties": { "rand_point_id": 293 }, "geometry": { "type": "Point", "coordinates": [ 15.135664, 48.445647 ] } },
{ "type": "Feature", "properties": { "rand_point_id": 294 }, "geometry": { "type": "Point", "coordinates": [ 11.872565, 47.465477 ] } },
{ "type": "Feature", "properties": { "rand_point_id": 295 }, "geometry": { "type": "Point", "coordinates": [ 16.276149, 48.540914 ] } },
{ "type": "Feature", "properties": { "rand_point_id": 296 }, "geometry": { "type": "Point", "coordinates": [ 13.809258, 46.834872 ] } },
{ "type": "Feature", "properties": { "rand_point_id": 297 }, "geometry": { "type": "Point", "coordinates": [ 11.614269, 47.472056 ] } },
{ "type": "Feature", "properties": { "rand_point_id": 298 }, "geometry": { "type": "Point", "coordinates": [ 12.30653, 47.642644 ] } },
{ "type": "Feature", "properties": { "rand_point_id": 299 }, "geometry": { "type": "Point", "coordinates": [ 15.812322, 47.118568 ] } },
{ "type": "Feature", "properties": { "rand_point_id": 300 }, "geometry": { "type": "Point", "coordinates": [ 14.589759, 47.75858 ] } },
{ "type": "Feature", "properties": { "rand_point_id": 301 }, "geometry": { "type": "Point", "coordinates": [ 15.511014, 46.722134 ] } },
{ "type": "Feature", "properties": { "rand_point_id": 302 }, "geometry": { "type": "Point", "coordinates": [ 14.361681, 47.62907 ] } },
{ "type": "Feature", "properties": { "rand_point_id": 303 }, "geometry": { "type": "Point", "coordinates": [ 10.877481, 47.223679 ] } },
{ "type": "Feature", "properties": { "rand_point_id": 304 }, "geometry": { "type": "Point", "coordinates": [ 10.891883, 46.851907 ] } },
{ "type": "Feature", "properties": { "rand_point_id": 305 }, "geometry": { "type": "Point", "coordinates": [ 13.907629, 47.646162 ] } },
{ "type": "Feature", "properties": { "rand_point_id": 306 }, "geometry": { "type": "Point", "coordinates": [ 13.966521, 47.177763 ] } },
{ "type": "Feature", "properties": { "rand_point_id": 307 }, "geometry": { "type": "Point", "coordinates": [ 16.096025, 47.00192 ] } },
{ "type": "Feature", "properties": { "rand_point_id": 308 }, "geometry": { "type": "Point", "coordinates": [ 14.565029, 47.988141 ] } },
{ "type": "Feature", "properties": { "rand_point_id": 309 }, "geometry": { "type": "Point", "coordinates": [ 11.72898, 47.524583 ] } },
{ "type": "Feature", "properties": { "rand_point_id": 310 }, "geometry": { "type": "Point", "coordinates": [ 14.222539, 47.667333 ] } },
{ "type": "Feature", "properties": { "rand_point_id": 311 }, "geometry": { "type": "Point", "coordinates": [ 12.114662, 47.286167 ] } },
{ "type": "Feature", "properties": { "rand_point_id": 312 }, "geometry": { "type": "Point", "coordinates": [ 15.008507, 46.953824 ] } },
{ "type": "Feature", "properties": { "rand_point_id": 313 }, "geometry": { "type": "Point", "coordinates": [ 14.387141, 48.025546 ] } },
{ "type": "Feature", "properties": { "rand_point_id": 314 }, "geometry": { "type": "Point", "coordinates": [ 17.02323, 48.105489 ] } },
{ "type": "Feature", "properties": { "rand_point_id": 315 }, "geometry": { "type": "Point", "coordinates": [ 16.166043, 47.61351 ] } },
{ "type": "Feature", "properties": { "rand_point_id": 316 }, "geometry": { "type": "Point", "coordinates": [ 14.610472, 48.21471 ] } },
{ "type": "Feature", "properties": { "rand_point_id": 317 }, "geometry": { "type": "Point", "coordinates": [ 16.590827, 48.521785 ] } },
{ "type": "Feature", "properties": { "rand_point_id": 318 }, "geometry": { "type": "Point", "coordinates": [ 13.175036, 47.015727 ] } },
{ "type": "Feature", "properties": { "rand_point_id": 319 }, "geometry": { "type": "Point", "coordinates": [ 12.363745, 47.67205 ] } },
{ "type": "Feature", "properties": { "rand_point_id": 320 }, "geometry": { "type": "Point", "coordinates": [ 13.784974, 48.1251 ] } },
{ "type": "Feature", "properties": { "rand_point_id": 321 }, "geometry": { "type": "Point", "coordinates": [ 14.164266, 47.136765 ] } },
{ "type": "Feature", "properties": { "rand_point_id": 322 }, "geometry": { "type": "Point", "coordinates": [ 13.354038, 47.166917 ] } },
{ "type": "Feature", "properties": { "rand_point_id": 323 }, "geometry": { "type": "Point", "coordinates": [ 15.190381, 48.039151 ] } },
{ "type": "Feature", "properties": { "rand_point_id": 324 }, "geometry": { "type": "Point", "coordinates": [ 16.381335, 48.091026 ] } },
{ "type": "Feature", "properties": { "rand_point_id": 325 }, "geometry": { "type": "Point", "coordinates": [ 12.217802, 47.376141 ] } },
{ "type": "Feature", "properties": { "rand_point_id": 326 }, "geometry": { "type": "Point", "coordinates": [ 13.04083, 47.132787 ] } },
{ "type": "Feature", "properties": { "rand_point_id": 327 }, "geometry": { "type": "Point", "coordinates": [ 13.673063, 48.448552 ] } },
{ "type": "Feature", "properties": { "rand_point_id": 328 }, "geometry": { "type": "Point", "coordinates": [ 14.281459, 47.274299 ] } },
{ "type": "Feature", "properties": { "rand_point_id": 329 }, "geometry": { "type": "Point", "coordinates": [ 12.708046, 46.787608 ] } },
{ "type": "Feature", "properties": { "rand_point_id": 330 }, "geometry": { "type": "Point", "coordinates": [ 14.547351, 48.239934 ] } },
{ "type": "Feature", "properties": { "rand_point_id": 331 }, "geometry": { "type": "Point", "coordinates": [ 9.933252, 47.355358 ] } },
{ "type": "Feature", "properties": { "rand_point_id": 332 }, "geometry": { "type": "Point", "coordinates": [ 12.640811, 47.577605 ] } },
{ "type": "Feature", "properties": { "rand_point_id": 333 }, "geometry": { "type": "Point", "coordinates": [ 15.718445, 48.410659 ] } },
{ "type": "Feature", "properties": { "rand_point_id": 334 }, "geometry": { "type": "Point", "coordinates": [ 10.16696, 47.315977 ] } },
{ "type": "Feature", "properties": { "rand_point_id": 335 }, "geometry": { "type": "Point", "coordinates": [ 12.959488, 47.142397 ] } },
{ "type": "Feature", "properties": { "rand_point_id": 336 }, "geometry": { "type": "Point", "coordinates": [ 14.359458, 48.116717 ] } },
{ "type": "Feature", "properties": { "rand_point_id": 337 }, "geometry": { "type": "Point", "coordinates": [ 15.942633, 47.372051 ] } },
{ "type": "Feature", "properties": { "rand_point_id": 338 }, "geometry": { "type": "Point", "coordinates": [ 14.235619, 46.575301 ] } },
{ "type": "Feature", "properties": { "rand_point_id": 339 }, "geometry": { "type": "Point", "coordinates": [ 16.195762, 48.258328 ] } },
{ "type": "Feature", "properties": { "rand_point_id": 340 }, "geometry": { "type": "Point", "coordinates": [ 15.508707, 48.507028 ] } },
{ "type": "Feature", "properties": { "rand_point_id": 341 }, "geometry": { "type": "Point", "coordinates": [ 15.519043, 46.705783 ] } },
{ "type": "Feature", "properties": { "rand_point_id": 342 }, "geometry": { "type": "Point", "coordinates": [ 16.607409, 48.274192 ] } },
{ "type": "Feature", "properties": { "rand_point_id": 343 }, "geometry": { "type": "Point", "coordinates": [ 15.955813, 48.288661 ] } },
{ "type": "Feature", "properties": { "rand_point_id": 344 }, "geometry": { "type": "Point", "coordinates": [ 16.954204, 47.822327 ] } },
{ "type": "Feature", "properties": { "rand_point_id": 345 }, "geometry": { "type": "Point", "coordinates": [ 13.539113, 47.744628 ] } },
{ "type": "Feature", "properties": { "rand_point_id": 346 }, "geometry": { "type": "Point", "coordinates": [ 15.209269, 48.893042 ] } },
{ "type": "Feature", "properties": { "rand_point_id": 347 }, "geometry": { "type": "Point", "coordinates": [ 15.89139, 47.875777 ] } },
{ "type": "Feature", "properties": { "rand_point_id": 348 }, "geometry": { "type": "Point", "coordinates": [ 14.922559, 47.321669 ] } },
{ "type": "Feature", "properties": { "rand_point_id": 349 }, "geometry": { "type": "Point", "coordinates": [ 10.867459, 46.810786 ] } },
{ "type": "Feature", "properties": { "rand_point_id": 350 }, "geometry": { "type": "Point", "coordinates": [ 16.162553, 48.036983 ] } },
{ "type": "Feature", "properties": { "rand_point_id": 351 }, "geometry": { "type": "Point", "coordinates": [ 14.677946, 48.256186 ] } },
{ "type": "Feature", "properties": { "rand_point_id": 352 }, "geometry": { "type": "Point", "coordinates": [ 13.499622, 47.56572 ] } },
{ "type": "Feature", "properties": { "rand_point_id": 353 }, "geometry": { "type": "Point", "coordinates": [ 16.458843, 47.160873 ] } },
{ "type": "Feature", "properties": { "rand_point_id": 354 }, "geometry": { "type": "Point", "coordinates": [ 15.843008, 46.730931 ] } },
{ "type": "Feature", "properties": { "rand_point_id": 355 }, "geometry": { "type": "Point", "coordinates": [ 10.243407, 47.091718 ] } },
{ "type": "Feature", "properties": { "rand_point_id": 356 }, "geometry": { "type": "Point", "coordinates": [ 16.212779, 47.458566 ] } },
{ "type": "Feature", "properties": { "rand_point_id": 357 }, "geometry": { "type": "Point", "coordinates": [ 14.356941, 46.672013 ] } },
{ "type": "Feature", "properties": { "rand_point_id": 358 }, "geometry": { "type": "Point", "coordinates": [ 14.186052, 47.197758 ] } },
{ "type": "Feature", "properties": { "rand_point_id": 359 }, "geometry": { "type": "Point", "coordinates": [ 10.586163, 47.131369 ] } },
{ "type": "Feature", "properties": { "rand_point_id": 360 }, "geometry": { "type": "Point", "coordinates": [ 12.92379, 47.248643 ] } },
{ "type": "Feature", "properties": { "rand_point_id": 361 }, "geometry": { "type": "Point", "coordinates": [ 14.537631, 47.838313 ] } },
{ "type": "Feature", "properties": { "rand_point_id": 362 }, "geometry": { "type": "Point", "coordinates": [ 13.3075, 47.914315 ] } },
{ "type": "Feature", "properties": { "rand_point_id": 363 }, "geometry": { "type": "Point", "coordinates": [ 15.487176, 48.275657 ] } },
{ "type": "Feature", "properties": { "rand_point_id": 364 }, "geometry": { "type": "Point", "coordinates": [ 14.228244, 47.42951 ] } },
{ "type": "Feature", "properties": { "rand_point_id": 365 }, "geometry": { "type": "Point", "coordinates": [ 14.249848, 46.444863 ] } },
{ "type": "Feature", "properties": { "rand_point_id": 366 }, "geometry": { "type": "Point", "coordinates": [ 14.009033, 47.41885 ] } },
{ "type": "Feature", "properties": { "rand_point_id": 367 }, "geometry": { "type": "Point", "coordinates": [ 16.288232, 48.003276 ] } },
{ "type": "Feature", "properties": { "rand_point_id": 368 }, "geometry": { "type": "Point", "coordinates": [ 14.790012, 48.401726 ] } },
{ "type": "Feature", "properties": { "rand_point_id": 369 }, "geometry": { "type": "Point", "coordinates": [ 9.959959, 47.200891 ] } },
{ "type": "Feature", "properties": { "rand_point_id": 370 }, "geometry": { "type": "Point", "coordinates": [ 11.568118, 47.005108 ] } },
{ "type": "Feature", "properties": { "rand_point_id": 371 }, "geometry": { "type": "Point", "coordinates": [ 16.149306, 48.248315 ] } },
{ "type": "Feature", "properties": { "rand_point_id": 372 }, "geometry": { "type": "Point", "coordinates": [ 11.667135, 47.468568 ] } },
{ "type": "Feature", "properties": { "rand_point_id": 373 }, "geometry": { "type": "Point", "coordinates": [ 13.259093, 46.563409 ] } },
{ "type": "Feature", "properties": { "rand_point_id": 374 }, "geometry": { "type": "Point", "coordinates": [ 15.681299, 48.198531 ] } },
{ "type": "Feature", "properties": { "rand_point_id": 375 }, "geometry": { "type": "Point", "coordinates": [ 13.668153, 48.005683 ] } },
{ "type": "Feature", "properties": { "rand_point_id": 376 }, "geometry": { "type": "Point", "coordinates": [ 14.525596, 48.310961 ] } },
{ "type": "Feature", "properties": { "rand_point_id": 377 }, "geometry": { "type": "Point", "coordinates": [ 14.920895, 47.878557 ] } },
{ "type": "Feature", "properties": { "rand_point_id": 378 }, "geometry": { "type": "Point", "coordinates": [ 15.038082, 47.80463 ] } },
{ "type": "Feature", "properties": { "rand_point_id": 379 }, "geometry": { "type": "Point", "coordinates": [ 13.689329, 48.183208 ] } },
{ "type": "Feature", "properties": { "rand_point_id": 380 }, "geometry": { "type": "Point", "coordinates": [ 12.296474, 47.665005 ] } },
{ "type": "Feature", "properties": { "rand_point_id": 381 }, "geometry": { "type": "Point", "coordinates": [ 13.485415, 46.946886 ] } },
{ "type": "Feature", "properties": { "rand_point_id": 382 }, "geometry": { "type": "Point", "coordinates": [ 13.572907, 47.878243 ] } },
{ "type": "Feature", "properties": { "rand_point_id": 383 }, "geometry": { "type": "Point", "coordinates": [ 15.991494, 47.550577 ] } },
{ "type": "Feature", "properties": { "rand_point_id": 384 }, "geometry": { "type": "Point", "coordinates": [ 10.842896, 47.130334 ] } },
{ "type": "Feature", "properties": { "rand_point_id": 385 }, "geometry": { "type": "Point", "coordinates": [ 14.860298, 47.242966 ] } },
{ "type": "Feature", "properties": { "rand_point_id": 386 }, "geometry": { "type": "Point", "coordinates": [ 16.249311, 47.062305 ] } },
{ "type": "Feature", "properties": { "rand_point_id": 387 }, "geometry": { "type": "Point", "coordinates": [ 13.934655, 47.06055 ] } },
{ "type": "Feature", "properties": { "rand_point_id": 388 }, "geometry": { "type": "Point", "coordinates": [ 12.988674, 47.110592 ] } },
{ "type": "Feature", "properties": { "rand_point_id": 389 }, "geometry": { "type": "Point", "coordinates": [ 10.505674, 47.001567 ] } },
{ "type": "Feature", "properties": { "rand_point_id": 390 }, "geometry": { "type": "Point", "coordinates": [ 9.736837, 47.326281 ] } },
{ "type": "Feature", "properties": { "rand_point_id": 391 }, "geometry": { "type": "Point", "coordinates": [ 16.149943, 48.346006 ] } },
{ "type": "Feature", "properties": { "rand_point_id": 392 }, "geometry": { "type": "Point", "coordinates": [ 14.532904, 48.352509 ] } },
{ "type": "Feature", "properties": { "rand_point_id": 393 }, "geometry": { "type": "Point", "coordinates": [ 13.966013, 46.746689 ] } },
{ "type": "Feature", "properties": { "rand_point_id": 394 }, "geometry": { "type": "Point", "coordinates": [ 12.079413, 47.199577 ] } },
{ "type": "Feature", "properties": { "rand_point_id": 395 }, "geometry": { "type": "Point", "coordinates": [ 14.237259, 48.014135 ] } },
{ "type": "Feature", "properties": { "rand_point_id": 396 }, "geometry": { "type": "Point", "coordinates": [ 16.807745, 47.798071 ] } },
{ "type": "Feature", "properties": { "rand_point_id": 397 }, "geometry": { "type": "Point", "coordinates": [ 15.014041, 47.515712 ] } },
{ "type": "Feature", "properties": { "rand_point_id": 398 }, "geometry": { "type": "Point", "coordinates": [ 14.069196, 48.198892 ] } },
{ "type": "Feature", "properties": { "rand_point_id": 399 }, "geometry": { "type": "Point", "coordinates": [ 10.159487, 47.012572 ] } },
{ "type": "Feature", "properties": { "rand_point_id": 400 }, "geometry": { "type": "Point", "coordinates": [ 16.66057, 47.763742 ] } },
{ "type": "Feature", "properties": { "rand_point_id": 401 }, "geometry": { "type": "Point", "coordinates": [ 13.706021, 46.534941 ] } },
{ "type": "Feature", "properties": { "rand_point_id": 402 }, "geometry": { "type": "Point", "coordinates": [ 10.659142, 47.190578 ] } },
{ "type": "Feature", "properties": { "rand_point_id": 403 }, "geometry": { "type": "Point", "coordinates": [ 14.45867, 46.703828 ] } },
{ "type": "Feature", "properties": { "rand_point_id": 404 }, "geometry": { "type": "Point", "coordinates": [ 14.634688, 47.786102 ] } },
{ "type": "Feature", "properties": { "rand_point_id": 405 }, "geometry": { "type": "Point", "coordinates": [ 11.282615, 47.352745 ] } },
{ "type": "Feature", "properties": { "rand_point_id": 406 }, "geometry": { "type": "Point", "coordinates": [ 15.472091, 46.962196 ] } },
{ "type": "Feature", "properties": { "rand_point_id": 407 }, "geometry": { "type": "Point", "coordinates": [ 16.299809, 47.706748 ] } },
{ "type": "Feature", "properties": { "rand_point_id": 408 }, "geometry": { "type": "Point", "coordinates": [ 14.619726, 47.907958 ] } },
{ "type": "Feature", "properties": { "rand_point_id": 409 }, "geometry": { "type": "Point", "coordinates": [ 16.209152, 47.601343 ] } },
{ "type": "Feature", "properties": { "rand_point_id": 410 }, "geometry": { "type": "Point", "coordinates": [ 11.525216, 47.35645 ] } },
{ "type": "Feature", "properties": { "rand_point_id": 411 }, "geometry": { "type": "Point", "coordinates": [ 15.746088, 46.738255 ] } },
{ "type": "Feature", "properties": { "rand_point_id": 412 }, "geometry": { "type": "Point", "coordinates": [ 12.453362, 47.554274 ] } },
{ "type": "Feature", "properties": { "rand_point_id": 413 }, "geometry": { "type": "Point", "coordinates": [ 13.866593, 48.039309 ] } },
{ "type": "Feature", "properties": { "rand_point_id": 414 }, "geometry": { "type": "Point", "coordinates": [ 15.777503, 47.091964 ] } },
{ "type": "Feature", "properties": { "rand_point_id": 415 }, "geometry": { "type": "Point", "coordinates": [ 15.336058, 46.681638 ] } },
{ "type": "Feature", "properties": { "rand_point_id": 416 }, "geometry": { "type": "Point", "coordinates": [ 13.353208, 47.063189 ] } },
{ "type": "Feature", "properties": { "rand_point_id": 417 }, "geometry": { "type": "Point", "coordinates": [ 16.99482, 47.838427 ] } },
{ "type": "Feature", "properties": { "rand_point_id": 418 }, "geometry": { "type": "Point", "coordinates": [ 12.241568, 46.894987 ] } },
{ "type": "Feature", "properties": { "rand_point_id": 419 }, "geometry": { "type": "Point", "coordinates": [ 12.462288, 46.780107 ] } },
{ "type": "Feature", "properties": { "rand_point_id": 420 }, "geometry": { "type": "Point", "coordinates": [ 15.381822, 48.650369 ] } },
{ "type": "Feature", "properties": { "rand_point_id": 421 }, "geometry": { "type": "Point", "coordinates": [ 15.57479, 48.099176 ] } },
{ "type": "Feature", "properties": { "rand_point_id": 422 }, "geometry": { "type": "Point", "coordinates": [ 13.561183, 47.887912 ] } },
{ "type": "Feature", "properties": { "rand_point_id": 423 }, "geometry": { "type": "Point", "coordinates": [ 14.999284, 48.621571 ] } },
{ "type": "Feature", "properties": { "rand_point_id": 424 }, "geometry": { "type": "Point", "coordinates": [ 11.84006, 47.267934 ] } },
{ "type": "Feature", "properties": { "rand_point_id": 425 }, "geometry": { "type": "Point", "coordinates": [ 15.863857, 46.788585 ] } },
{ "type": "Feature", "properties": { "rand_point_id": 426 }, "geometry": { "type": "Point", "coordinates": [ 13.562487, 47.39378 ] } },
{ "type": "Feature", "properties": { "rand_point_id": 427 }, "geometry": { "type": "Point", "coordinates": [ 15.994522, 47.74688 ] } },
{ "type": "Feature", "properties": { "rand_point_id": 428 }, "geometry": { "type": "Point", "coordinates": [ 11.74517, 47.273139 ] } },
{ "type": "Feature", "properties": { "rand_point_id": 429 }, "geometry": { "type": "Point", "coordinates": [ 14.219613, 47.217373 ] } },
{ "type": "Feature", "properties": { "rand_point_id": 430 }, "geometry": { "type": "Point", "coordinates": [ 14.142796, 46.612085 ] } },
{ "type": "Feature", "properties": { "rand_point_id": 431 }, "geometry": { "type": "Point", "coordinates": [ 11.532862, 47.405157 ] } },
{ "type": "Feature", "properties": { "rand_point_id": 432 }, "geometry": { "type": "Point", "coordinates": [ 14.173697, 47.512386 ] } },
{ "type": "Feature", "properties": { "rand_point_id": 433 }, "geometry": { "type": "Point", "coordinates": [ 15.028134, 48.961266 ] } },
{ "type": "Feature", "properties": { "rand_point_id": 434 }, "geometry": { "type": "Point", "coordinates": [ 10.034418, 47.462338 ] } },
{ "type": "Feature", "properties": { "rand_point_id": 435 }, "geometry": { "type": "Point", "coordinates": [ 16.340894, 47.649419 ] } },
{ "type": "Feature", "properties": { "rand_point_id": 436 }, "geometry": { "type": "Point", "coordinates": [ 14.106302, 46.706138 ] } },
{ "type": "Feature", "properties": { "rand_point_id": 437 }, "geometry": { "type": "Point", "coordinates": [ 14.445078, 46.908081 ] } },
{ "type": "Feature", "properties": { "rand_point_id": 438 }, "geometry": { "type": "Point", "coordinates": [ 12.365043, 47.398102 ] } },
{ "type": "Feature", "properties": { "rand_point_id": 439 }, "geometry": { "type": "Point", "coordinates": [ 14.777032, 46.536259 ] } },
{ "type": "Feature", "properties": { "rand_point_id": 440 }, "geometry": { "type": "Point", "coordinates": [ 13.760855, 46.768232 ] } },
{ "type": "Feature", "properties": { "rand_point_id": 441 }, "geometry": { "type": "Point", "coordinates": [ 12.989062, 46.99034 ] } },
{ "type": "Feature", "properties": { "rand_point_id": 442 }, "geometry": { "type": "Point", "coordinates": [ 13.086438, 47.840118 ] } },
{ "type": "Feature", "properties": { "rand_point_id": 443 }, "geometry": { "type": "Point", "coordinates": [ 13.753023, 47.675564 ] } },
{ "type": "Feature", "properties": { "rand_point_id": 444 }, "geometry": { "type": "Point", "coordinates": [ 16.312555, 47.964451 ] } },
{ "type": "Feature", "properties": { "rand_point_id": 445 }, "geometry": { "type": "Point", "coordinates": [ 16.335304, 47.88084 ] } },
{ "type": "Feature", "properties": { "rand_point_id": 446 }, "geometry": { "type": "Point", "coordinates": [ 14.715086, 48.030304 ] } },
{ "type": "Feature", "properties": { "rand_point_id": 447 }, "geometry": { "type": "Point", "coordinates": [ 13.928424, 46.961186 ] } },
{ "type": "Feature", "properties": { "rand_point_id": 448 }, "geometry": { "type": "Point", "coordinates": [ 15.089383, 46.770533 ] } },
{ "type": "Feature", "properties": { "rand_point_id": 449 }, "geometry": { "type": "Point", "coordinates": [ 16.654781, 48.299865 ] } },
{ "type": "Feature", "properties": { "rand_point_id": 450 }, "geometry": { "type": "Point", "coordinates": [ 13.00335, 47.104894 ] } },
{ "type": "Feature", "properties": { "rand_point_id": 451 }, "geometry": { "type": "Point", "coordinates": [ 13.465151, 47.674478 ] } },
{ "type": "Feature", "properties": { "rand_point_id": 452 }, "geometry": { "type": "Point", "coordinates": [ 14.057379, 46.774149 ] } },
{ "type": "Feature", "properties": { "rand_point_id": 453 }, "geometry": { "type": "Point", "coordinates": [ 15.426874, 47.477689 ] } },
{ "type": "Feature", "properties": { "rand_point_id": 454 }, "geometry": { "type": "Point", "coordinates": [ 16.631617, 47.454866 ] } },
{ "type": "Feature", "properties": { "rand_point_id": 455 }, "geometry": { "type": "Point", "coordinates": [ 14.258602, 47.659532 ] } },
{ "type": "Feature", "properties": { "rand_point_id": 456 }, "geometry": { "type": "Point", "coordinates": [ 10.47547, 47.181881 ] } },
{ "type": "Feature", "properties": { "rand_point_id": 457 }, "geometry": { "type": "Point", "coordinates": [ 15.201793, 47.396001 ] } },
{ "type": "Feature", "properties": { "rand_point_id": 458 }, "geometry": { "type": "Point", "coordinates": [ 14.534032, 46.766129 ] } },
{ "type": "Feature", "properties": { "rand_point_id": 459 }, "geometry": { "type": "Point", "coordinates": [ 14.086779, 47.921627 ] } },
{ "type": "Feature", "properties": { "rand_point_id": 460 }, "geometry": { "type": "Point", "coordinates": [ 10.261076, 47.280296 ] } },
{ "type": "Feature", "properties": { "rand_point_id": 461 }, "geometry": { "type": "Point", "coordinates": [ 13.608279, 48.334811 ] } },
{ "type": "Feature", "properties": { "rand_point_id": 462 }, "geometry": { "type": "Point", "coordinates": [ 16.389726, 48.284814 ] } },
{ "type": "Feature", "properties": { "rand_point_id": 463 }, "geometry": { "type": "Point", "coordinates": [ 14.960254, 48.142033 ] } },
{ "type": "Feature", "properties": { "rand_point_id": 464 }, "geometry": { "type": "Point", "coordinates": [ 16.113755, 48.170572 ] } },
{ "type": "Feature", "properties": { "rand_point_id": 465 }, "geometry": { "type": "Point", "coordinates": [ 13.512233, 48.479138 ] } },
{ "type": "Feature", "properties": { "rand_point_id": 466 }, "geometry": { "type": "Point", "coordinates": [ 16.785305, 48.631476 ] } },
{ "type": "Feature", "properties": { "rand_point_id": 467 }, "geometry": { "type": "Point", "coordinates": [ 15.681113, 47.046763 ] } },
{ "type": "Feature", "properties": { "rand_point_id": 468 }, "geometry": { "type": "Point", "coordinates": [ 10.836152, 46.81601 ] } },
{ "type": "Feature", "properties": { "rand_point_id": 469 }, "geometry": { "type": "Point", "coordinates": [ 12.163546, 46.95548 ] } },
{ "type": "Feature", "properties": { "rand_point_id": 470 }, "geometry": { "type": "Point", "coordinates": [ 13.150126, 47.617937 ] } },
{ "type": "Feature", "properties": { "rand_point_id": 471 }, "geometry": { "type": "Point", "coordinates": [ 16.351448, 48.592042 ] } },
{ "type": "Feature", "properties": { "rand_point_id": 472 }, "geometry": { "type": "Point", "coordinates": [ 14.822273, 46.778531 ] } },
{ "type": "Feature", "properties": { "rand_point_id": 473 }, "geometry": { "type": "Point", "coordinates": [ 12.747828, 47.375885 ] } },
{ "type": "Feature", "properties": { "rand_point_id": 474 }, "geometry": { "type": "Point", "coordinates": [ 12.883062, 47.415941 ] } },
{ "type": "Feature", "properties": { "rand_point_id": 475 }, "geometry": { "type": "Point", "coordinates": [ 13.589642, 47.368955 ] } },
{ "type": "Feature", "properties": { "rand_point_id": 476 }, "geometry": { "type": "Point", "coordinates": [ 14.886379, 48.425169 ] } },
{ "type": "Feature", "properties": { "rand_point_id": 477 }, "geometry": { "type": "Point", "coordinates": [ 15.758688, 48.611999 ] } },
{ "type": "Feature", "properties": { "rand_point_id": 478 }, "geometry": { "type": "Point", "coordinates": [ 15.204393, 47.47874 ] } },
{ "type": "Feature", "properties": { "rand_point_id": 479 }, "geometry": { "type": "Point", "coordinates": [ 13.390953, 48.242013 ] } },
{ "type": "Feature", "properties": { "rand_point_id": 480 }, "geometry": { "type": "Point", "coordinates": [ 13.687766, 46.95065 ] } },
{ "type": "Feature", "properties": { "rand_point_id": 481 }, "geometry": { "type": "Point", "coordinates": [ 15.637832, 48.188864 ] } },
{ "type": "Feature", "properties": { "rand_point_id": 482 }, "geometry": { "type": "Point", "coordinates": [ 15.490962, 48.103457 ] } },
{ "type": "Feature", "properties": { "rand_point_id": 483 }, "geometry": { "type": "Point", "coordinates": [ 13.889907, 48.325705 ] } },
{ "type": "Feature", "properties": { "rand_point_id": 484 }, "geometry": { "type": "Point", "coordinates": [ 11.100959, 46.945289 ] } },
{ "type": "Feature", "properties": { "rand_point_id": 485 }, "geometry": { "type": "Point", "coordinates": [ 15.299116, 47.782433 ] } },
{ "type": "Feature", "properties": { "rand_point_id": 486 }, "geometry": { "type": "Point", "coordinates": [ 14.622495, 48.459764 ] } },
{ "type": "Feature", "properties": { "rand_point_id": 487 }, "geometry": { "type": "Point", "coordinates": [ 13.971019, 47.787719 ] } },
{ "type": "Feature", "properties": { "rand_point_id": 488 }, "geometry": { "type": "Point", "coordinates": [ 16.080934, 47.695752 ] } },
{ "type": "Feature", "properties": { "rand_point_id": 489 }, "geometry": { "type": "Point", "coordinates": [ 16.101265, 47.731747 ] } },
{ "type": "Feature", "properties": { "rand_point_id": 490 }, "geometry": { "type": "Point", "coordinates": [ 10.850008, 46.961953 ] } },
{ "type": "Feature", "properties": { "rand_point_id": 491 }, "geometry": { "type": "Point", "coordinates": [ 15.225768, 47.839426 ] } },
{ "type": "Feature", "properties": { "rand_point_id": 492 }, "geometry": { "type": "Point", "coordinates": [ 15.202396, 47.661873 ] } },
{ "type": "Feature", "properties": { "rand_point_id": 493 }, "geometry": { "type": "Point", "coordinates": [ 12.965721, 48.157267 ] } },
{ "type": "Feature", "properties": { "rand_point_id": 494 }, "geometry": { "type": "Point", "coordinates": [ 12.116103, 47.225474 ] } },
{ "type": "Feature", "properties": { "rand_point_id": 495 }, "geometry": { "type": "Point", "coordinates": [ 16.531403, 47.44055 ] } },
{ "type": "Feature", "properties": { "rand_point_id": 496 }, "geometry": { "type": "Point", "coordinates": [ 13.916799, 47.605041 ] } },
{ "type": "Feature", "properties": { "rand_point_id": 497 }, "geometry": { "type": "Point", "coordinates": [ 14.633545, 48.081871 ] } },
{ "type": "Feature", "properties": { "rand_point_id": 498 }, "geometry": { "type": "Point", "coordinates": [ 13.51802, 48.46043 ] } },
{ "type": "Feature", "properties": { "rand_point_id": 499 }, "geometry": { "type": "Point", "coordinates": [ 16.763232, 48.66491 ] } },
{ "type": "Feature", "properties": { "rand_point_id": 500 }, "geometry": { "type": "Point", "coordinates": [ 13.828042, 47.23398 ] } },
{ "type": "Feature", "properties": { "rand_point_id": 501 }, "geometry": { "type": "Point", "coordinates": [ 16.536586, 48.221501 ] } },
{ "type": "Feature", "properties": { "rand_point_id": 502 }, "geometry": { "type": "Point", "coordinates": [ 12.214326, 47.482737 ] } },
{ "type": "Feature", "properties": { "rand_point_id": 503 }, "geometry": { "type": "Point", "coordinates": [ 13.633973, 48.212566 ] } },
{ "type": "Feature", "properties": { "rand_point_id": 504 }, "geometry": { "type": "Point", "coordinates": [ 16.061415, 47.225816 ] } },
{ "type": "Feature", "properties": { "rand_point_id": 505 }, "geometry": { "type": "Point", "coordinates": [ 10.825605, 46.989768 ] } },
{ "type": "Feature", "properties": { "rand_point_id": 506 }, "geometry": { "type": "Point", "coordinates": [ 15.805792, 48.222428 ] } },
{ "type": "Feature", "properties": { "rand_point_id": 507 }, "geometry": { "type": "Point", "coordinates": [ 13.749758, 47.355953 ] } },
{ "type": "Feature", "properties": { "rand_point_id": 508 }, "geometry": { "type": "Point", "coordinates": [ 15.598361, 48.28166 ] } },
{ "type": "Feature", "properties": { "rand_point_id": 509 }, "geometry": { "type": "Point", "coordinates": [ 13.436981, 46.91813 ] } },
{ "type": "Feature", "properties": { "rand_point_id": 510 }, "geometry": { "type": "Point", "coordinates": [ 15.129444, 48.754734 ] } },
{ "type": "Feature", "properties": { "rand_point_id": 511 }, "geometry": { "type": "Point", "coordinates": [ 16.661039, 48.74249 ] } },
{ "type": "Feature", "properties": { "rand_point_id": 512 }, "geometry": { "type": "Point", "coordinates": [ 16.786494, 48.138837 ] } },
{ "type": "Feature", "properties": { "rand_point_id": 513 }, "geometry": { "type": "Point", "coordinates": [ 15.710266, 47.950395 ] } },
{ "type": "Feature", "properties": { "rand_point_id": 514 }, "geometry": { "type": "Point", "coordinates": [ 14.035495, 47.736657 ] } },
{ "type": "Feature", "properties": { "rand_point_id": 515 }, "geometry": { "type": "Point", "coordinates": [ 13.133501, 47.093887 ] } },
{ "type": "Feature", "properties": { "rand_point_id": 516 }, "geometry": { "type": "Point", "coordinates": [ 11.168641, 47.009008 ] } },
{ "type": "Feature", "properties": { "rand_point_id": 517 }, "geometry": { "type": "Point", "coordinates": [ 16.87333, 48.478425 ] } },
{ "type": "Feature", "properties": { "rand_point_id": 518 }, "geometry": { "type": "Point", "coordinates": [ 16.764112, 48.552393 ] } },
{ "type": "Feature", "properties": { "rand_point_id": 519 }, "geometry": { "type": "Point", "coordinates": [ 14.563951, 48.467096 ] } },
{ "type": "Feature", "properties": { "rand_point_id": 520 }, "geometry": { "type": "Point", "coordinates": [ 15.614552, 48.627471 ] } },
{ "type": "Feature", "properties": { "rand_point_id": 521 }, "geometry": { "type": "Point", "coordinates": [ 12.233699, 46.978632 ] } },
{ "type": "Feature", "properties": { "rand_point_id": 522 }, "geometry": { "type": "Point", "coordinates": [ 11.781636, 47.196813 ] } },
{ "type": "Feature", "properties": { "rand_point_id": 523 }, "geometry": { "type": "Point", "coordinates": [ 13.463305, 47.025255 ] } },
{ "type": "Feature", "properties": { "rand_point_id": 524 }, "geometry": { "type": "Point", "coordinates": [ 14.052622, 48.323858 ] } },
{ "type": "Feature", "properties": { "rand_point_id": 525 }, "geometry": { "type": "Point", "coordinates": [ 12.802881, 46.738775 ] } },
{ "type": "Feature", "properties": { "rand_point_id": 526 }, "geometry": { "type": "Point", "coordinates": [ 14.519934, 46.647381 ] } },
{ "type": "Feature", "properties": { "rand_point_id": 527 }, "geometry": { "type": "Point", "coordinates": [ 14.345395, 47.867526 ] } },
{ "type": "Feature", "properties": { "rand_point_id": 528 }, "geometry": { "type": "Point", "coordinates": [ 10.520055, 47.113726 ] } },
{ "type": "Feature", "properties": { "rand_point_id": 529 }, "geometry": { "type": "Point", "coordinates": [ 12.017644, 47.385164 ] } },
{ "type": "Feature", "properties": { "rand_point_id": 530 }, "geometry": { "type": "Point", "coordinates": [ 13.226856, 48.202715 ] } },
{ "type": "Feature", "properties": { "rand_point_id": 531 }, "geometry": { "type": "Point", "coordinates": [ 14.41276, 46.626911 ] } },
{ "type": "Feature", "properties": { "rand_point_id": 532 }, "geometry": { "type": "Point", "coordinates": [ 16.08525, 47.753555 ] } },
{ "type": "Feature", "properties": { "rand_point_id": 533 }, "geometry": { "type": "Point", "coordinates": [ 15.108214, 48.662884 ] } },
{ "type": "Feature", "properties": { "rand_point_id": 534 }, "geometry": { "type": "Point", "coordinates": [ 13.592212, 48.225177 ] } },
{ "type": "Feature", "properties": { "rand_point_id": 535 }, "geometry": { "type": "Point", "coordinates": [ 15.99643, 48.703931 ] } },
{ "type": "Feature", "properties": { "rand_point_id": 536 }, "geometry": { "type": "Point", "coordinates": [ 15.617621, 48.351113 ] } },
{ "type": "Feature", "properties": { "rand_point_id": 537 }, "geometry": { "type": "Point", "coordinates": [ 15.973017, 47.981827 ] } },
{ "type": "Feature", "properties": { "rand_point_id": 538 }, "geometry": { "type": "Point", "coordinates": [ 13.203534, 48.030748 ] } },
{ "type": "Feature", "properties": { "rand_point_id": 539 }, "geometry": { "type": "Point", "coordinates": [ 16.558734, 48.591776 ] } },
{ "type": "Feature", "properties": { "rand_point_id": 540 }, "geometry": { "type": "Point", "coordinates": [ 15.381719, 48.443894 ] } },
{ "type": "Feature", "properties": { "rand_point_id": 541 }, "geometry": { "type": "Point", "coordinates": [ 15.736389, 47.533037 ] } },
{ "type": "Feature", "properties": { "rand_point_id": 542 }, "geometry": { "type": "Point", "coordinates": [ 16.018565, 48.156387 ] } },
{ "type": "Feature", "properties": { "rand_point_id": 543 }, "geometry": { "type": "Point", "coordinates": [ 11.040387, 46.880939 ] } },
{ "type": "Feature", "properties": { "rand_point_id": 544 }, "geometry": { "type": "Point", "coordinates": [ 13.85217, 47.899792 ] } },
{ "type": "Feature", "properties": { "rand_point_id": 545 }, "geometry": { "type": "Point", "coordinates": [ 14.693819, 47.351478 ] } },
{ "type": "Feature", "properties": { "rand_point_id": 546 }, "geometry": { "type": "Point", "coordinates": [ 16.678911, 48.223063 ] } },
{ "type": "Feature", "properties": { "rand_point_id": 547 }, "geometry": { "type": "Point", "coordinates": [ 15.983733, 47.933005 ] } },
{ "type": "Feature", "properties": { "rand_point_id": 548 }, "geometry": { "type": "Point", "coordinates": [ 12.802935, 47.153126 ] } },
{ "type": "Feature", "properties": { "rand_point_id": 549 }, "geometry": { "type": "Point", "coordinates": [ 15.640227, 47.372864 ] } },
{ "type": "Feature", "properties": { "rand_point_id": 550 }, "geometry": { "type": "Point", "coordinates": [ 13.181788, 47.794245 ] } },
{ "type": "Feature", "properties": { "rand_point_id": 551 }, "geometry": { "type": "Point", "coordinates": [ 14.208169, 48.06028 ] } },
{ "type": "Feature", "properties": { "rand_point_id": 552 }, "geometry": { "type": "Point", "coordinates": [ 16.87337, 48.542864 ] } },
{ "type": "Feature", "properties": { "rand_point_id": 553 }, "geometry": { "type": "Point", "coordinates": [ 13.607336, 47.690828 ] } },
{ "type": "Feature", "properties": { "rand_point_id": 554 }, "geometry": { "type": "Point", "coordinates": [ 14.43005, 47.558643 ] } },
{ "type": "Feature", "properties": { "rand_point_id": 555 }, "geometry": { "type": "Point", "coordinates": [ 12.963638, 47.30478 ] } },
{ "type": "Feature", "properties": { "rand_point_id": 556 }, "geometry": { "type": "Point", "coordinates": [ 12.9231, 48.169443 ] } },
{ "type": "Feature", "properties": { "rand_point_id": 557 }, "geometry": { "type": "Point", "coordinates": [ 15.674865, 47.903255 ] } },
{ "type": "Feature", "properties": { "rand_point_id": 558 }, "geometry": { "type": "Point", "coordinates": [ 13.577338, 47.586696 ] } },
{ "type": "Feature", "properties": { "rand_point_id": 559 }, "geometry": { "type": "Point", "coordinates": [ 13.828152, 47.666626 ] } },
{ "type": "Feature", "properties": { "rand_point_id": 560 }, "geometry": { "type": "Point", "coordinates": [ 15.275288, 48.072863 ] } },
{ "type": "Feature", "properties": { "rand_point_id": 561 }, "geometry": { "type": "Point", "coordinates": [ 15.894078, 48.36482 ] } },
{ "type": "Feature", "properties": { "rand_point_id": 562 }, "geometry": { "type": "Point", "coordinates": [ 13.297762, 47.220256 ] } },
{ "type": "Feature", "properties": { "rand_point_id": 563 }, "geometry": { "type": "Point", "coordinates": [ 14.651176, 47.697956 ] } },
{ "type": "Feature", "properties": { "rand_point_id": 564 }, "geometry": { "type": "Point", "coordinates": [ 16.00481, 47.463527 ] } },
{ "type": "Feature", "properties": { "rand_point_id": 565 }, "geometry": { "type": "Point", "coordinates": [ 15.917682, 47.073246 ] } },
{ "type": "Feature", "properties": { "rand_point_id": 566 }, "geometry": { "type": "Point", "coordinates": [ 15.606412, 47.100792 ] } },
{ "type": "Feature", "properties": { "rand_point_id": 567 }, "geometry": { "type": "Point", "coordinates": [ 13.304045, 46.795078 ] } },
{ "type": "Feature", "properties": { "rand_point_id": 568 }, "geometry": { "type": "Point", "coordinates": [ 14.820839, 47.86579 ] } },
{ "type": "Feature", "properties": { "rand_point_id": 569 }, "geometry": { "type": "Point", "coordinates": [ 14.399441, 47.421121 ] } },
{ "type": "Feature", "properties": { "rand_point_id": 570 }, "geometry": { "type": "Point", "coordinates": [ 13.238802, 48.1906 ] } },
{ "type": "Feature", "properties": { "rand_point_id": 571 }, "geometry": { "type": "Point", "coordinates": [ 11.742851, 47.13115 ] } },
{ "type": "Feature", "properties": { "rand_point_id": 572 }, "geometry": { "type": "Point", "coordinates": [ 10.19152, 46.878495 ] } },
{ "type": "Feature", "properties": { "rand_point_id": 573 }, "geometry": { "type": "Point", "coordinates": [ 15.746789, 48.297737 ] } },
{ "type": "Feature", "properties": { "rand_point_id": 574 }, "geometry": { "type": "Point", "coordinates": [ 14.846639, 46.760774 ] } },
{ "type": "Feature", "properties": { "rand_point_id": 575 }, "geometry": { "type": "Point", "coordinates": [ 15.347335, 47.369507 ] } },
{ "type": "Feature", "properties": { "rand_point_id": 576 }, "geometry": { "type": "Point", "coordinates": [ 14.353564, 48.059936 ] } },
{ "type": "Feature", "properties": { "rand_point_id": 577 }, "geometry": { "type": "Point", "coordinates": [ 13.596184, 46.986966 ] } },
{ "type": "Feature", "properties": { "rand_point_id": 578 }, "geometry": { "type": "Point", "coordinates": [ 16.603568, 48.181311 ] } },
{ "type": "Feature", "properties": { "rand_point_id": 579 }, "geometry": { "type": "Point", "coordinates": [ 13.522085, 46.948383 ] } },
{ "type": "Feature", "properties": { "rand_point_id": 580 }, "geometry": { "type": "Point", "coordinates": [ 13.478642, 48.537963 ] } },
{ "type": "Feature", "properties": { "rand_point_id": 581 }, "geometry": { "type": "Point", "coordinates": [ 14.557133, 47.427018 ] } },
{ "type": "Feature", "properties": { "rand_point_id": 582 }, "geometry": { "type": "Point", "coordinates": [ 11.287607, 47.217647 ] } },
{ "type": "Feature", "properties": { "rand_point_id": 583 }, "geometry": { "type": "Point", "coordinates": [ 16.56716, 47.437343 ] } },
{ "type": "Feature", "properties": { "rand_point_id": 584 }, "geometry": { "type": "Point", "coordinates": [ 13.204671, 48.078128 ] } },
{ "type": "Feature", "properties": { "rand_point_id": 585 }, "geometry": { "type": "Point", "coordinates": [ 12.028187, 47.585703 ] } },
{ "type": "Feature", "properties": { "rand_point_id": 586 }, "geometry": { "type": "Point", "coordinates": [ 16.218302, 47.902854 ] } },
{ "type": "Feature", "properties": { "rand_point_id": 587 }, "geometry": { "type": "Point", "coordinates": [ 13.047909, 47.521653 ] } },
{ "type": "Feature", "properties": { "rand_point_id": 588 }, "geometry": { "type": "Point", "coordinates": [ 11.454775, 47.388366 ] } },
{ "type": "Feature", "properties": { "rand_point_id": 589 }, "geometry": { "type": "Point", "coordinates": [ 16.950736, 47.72831 ] } },
{ "type": "Feature", "properties": { "rand_point_id": 590 }, "geometry": { "type": "Point", "coordinates": [ 16.020081, 47.577497 ] } },
{ "type": "Feature", "properties": { "rand_point_id": 591 }, "geometry": { "type": "Point", "coordinates": [ 15.898983, 47.801457 ] } },
{ "type": "Feature", "properties": { "rand_point_id": 592 }, "geometry": { "type": "Point", "coordinates": [ 14.872929, 48.154944 ] } },
{ "type": "Feature", "properties": { "rand_point_id": 593 }, "geometry": { "type": "Point", "coordinates": [ 16.257727, 48.241922 ] } },
{ "type": "Feature", "properties": { "rand_point_id": 594 }, "geometry": { "type": "Point", "coordinates": [ 12.582012, 47.455396 ] } },
{ "type": "Feature", "properties": { "rand_point_id": 595 }, "geometry": { "type": "Point", "coordinates": [ 15.665805, 48.751771 ] } },
{ "type": "Feature", "properties": { "rand_point_id": 596 }, "geometry": { "type": "Point", "coordinates": [ 14.410996, 47.385174 ] } },
{ "type": "Feature", "properties": { "rand_point_id": 597 }, "geometry": { "type": "Point", "coordinates": [ 15.350099, 47.957596 ] } },
{ "type": "Feature", "properties": { "rand_point_id": 598 }, "geometry": { "type": "Point", "coordinates": [ 15.267354, 48.140375 ] } },
{ "type": "Feature", "properties": { "rand_point_id": 599 }, "geometry": { "type": "Point", "coordinates": [ 13.204315, 46.611713 ] } },
{ "type": "Feature", "properties": { "rand_point_id": 600 }, "geometry": { "type": "Point", "coordinates": [ 16.535804, 47.832237 ] } },
{ "type": "Feature", "properties": { "rand_point_id": 601 }, "geometry": { "type": "Point", "coordinates": [ 15.207244, 46.879435 ] } },
{ "type": "Feature", "properties": { "rand_point_id": 602 }, "geometry": { "type": "Point", "coordinates": [ 15.807568, 48.758268 ] } },
{ "type": "Feature", "properties": { "rand_point_id": 603 }, "geometry": { "type": "Point", "coordinates": [ 12.601746, 47.330356 ] } },
{ "type": "Feature", "properties": { "rand_point_id": 604 }, "geometry": { "type": "Point", "coordinates": [ 12.200684, 47.637905 ] } },
{ "type": "Feature", "properties": { "rand_point_id": 605 }, "geometry": { "type": "Point", "coordinates": [ 14.677155, 48.086267 ] } },
{ "type": "Feature", "properties": { "rand_point_id": 606 }, "geometry": { "type": "Point", "coordinates": [ 15.494767, 47.237337 ] } },
{ "type": "Feature", "properties": { "rand_point_id": 607 }, "geometry": { "type": "Point", "coordinates": [ 9.673503, 47.443554 ] } },
{ "type": "Feature", "properties": { "rand_point_id": 608 }, "geometry": { "type": "Point", "coordinates": [ 16.349537, 48.135624 ] } },
{ "type": "Feature", "properties": { "rand_point_id": 609 }, "geometry": { "type": "Point", "coordinates": [ 15.129669, 48.379763 ] } },
{ "type": "Feature", "properties": { "rand_point_id": 610 }, "geometry": { "type": "Point", "coordinates": [ 15.921964, 48.076512 ] } },
{ "type": "Feature", "properties": { "rand_point_id": 611 }, "geometry": { "type": "Point", "coordinates": [ 13.287916, 47.736931 ] } },
{ "type": "Feature", "properties": { "rand_point_id": 612 }, "geometry": { "type": "Point", "coordinates": [ 13.840826, 46.584611 ] } },
{ "type": "Feature", "properties": { "rand_point_id": 613 }, "geometry": { "type": "Point", "coordinates": [ 15.213027, 47.564898 ] } },
{ "type": "Feature", "properties": { "rand_point_id": 614 }, "geometry": { "type": "Point", "coordinates": [ 16.341377, 48.382265 ] } },
{ "type": "Feature", "properties": { "rand_point_id": 615 }, "geometry": { "type": "Point", "coordinates": [ 10.756602, 47.280367 ] } },
{ "type": "Feature", "properties": { "rand_point_id": 616 }, "geometry": { "type": "Point", "coordinates": [ 12.643938, 46.964776 ] } },
{ "type": "Feature", "properties": { "rand_point_id": 617 }, "geometry": { "type": "Point", "coordinates": [ 14.09092, 47.884216 ] } },
{ "type": "Feature", "properties": { "rand_point_id": 618 }, "geometry": { "type": "Point", "coordinates": [ 15.053014, 46.810052 ] } },
{ "type": "Feature", "properties": { "rand_point_id": 619 }, "geometry": { "type": "Point", "coordinates": [ 14.500464, 48.19832 ] } },
{ "type": "Feature", "properties": { "rand_point_id": 620 }, "geometry": { "type": "Point", "coordinates": [ 13.031425, 48.043217 ] } },
{ "type": "Feature", "properties": { "rand_point_id": 621 }, "geometry": { "type": "Point", "coordinates": [ 15.42135, 47.003564 ] } },
{ "type": "Feature", "properties": { "rand_point_id": 622 }, "geometry": { "type": "Point", "coordinates": [ 16.414887, 48.401877 ] } },
{ "type": "Feature", "properties": { "rand_point_id": 623 }, "geometry": { "type": "Point", "coordinates": [ 13.799012, 47.87355 ] } },
{ "type": "Feature", "properties": { "rand_point_id": 624 }, "geometry": { "type": "Point", "coordinates": [ 13.927004, 48.412512 ] } },
{ "type": "Feature", "properties": { "rand_point_id": 625 }, "geometry": { "type": "Point", "coordinates": [ 9.857523, 47.40595 ] } },
{ "type": "Feature", "properties": { "rand_point_id": 626 }, "geometry": { "type": "Point", "coordinates": [ 14.593199, 46.606145 ] } },
{ "type": "Feature", "properties": { "rand_point_id": 627 }, "geometry": { "type": "Point", "coordinates": [ 13.53436, 48.369212 ] } },
{ "type": "Feature", "properties": { "rand_point_id": 628 }, "geometry": { "type": "Point", "coordinates": [ 13.786724, 46.793362 ] } },
{ "type": "Feature", "properties": { "rand_point_id": 629 }, "geometry": { "type": "Point", "coordinates": [ 14.540025, 46.724691 ] } },
{ "type": "Feature", "properties": { "rand_point_id": 630 }, "geometry": { "type": "Point", "coordinates": [ 15.718893, 48.526938 ] } },
{ "type": "Feature", "properties": { "rand_point_id": 631 }, "geometry": { "type": "Point", "coordinates": [ 14.365943, 48.175575 ] } },
{ "type": "Feature", "properties": { "rand_point_id": 632 }, "geometry": { "type": "Point", "coordinates": [ 16.096155, 48.397156 ] } },
{ "type": "Feature", "properties": { "rand_point_id": 633 }, "geometry": { "type": "Point", "coordinates": [ 13.831479, 48.044999 ] } },
{ "type": "Feature", "properties": { "rand_point_id": 634 }, "geometry": { "type": "Point", "coordinates": [ 16.334296, 48.236509 ] } },
{ "type": "Feature", "properties": { "rand_point_id": 635 }, "geometry": { "type": "Point", "coordinates": [ 15.74673, 47.343585 ] } },
{ "type": "Feature", "properties": { "rand_point_id": 636 }, "geometry": { "type": "Point", "coordinates": [ 14.51293, 48.380698 ] } },
{ "type": "Feature", "properties": { "rand_point_id": 637 }, "geometry": { "type": "Point", "coordinates": [ 15.329158, 48.952908 ] } },
{ "type": "Feature", "properties": { "rand_point_id": 638 }, "geometry": { "type": "Point", "coordinates": [ 14.092112, 47.110859 ] } },
{ "type": "Feature", "properties": { "rand_point_id": 639 }, "geometry": { "type": "Point", "coordinates": [ 11.68943, 47.562414 ] } },
{ "type": "Feature", "properties": { "rand_point_id": 640 }, "geometry": { "type": "Point", "coordinates": [ 13.422467, 47.636822 ] } },
{ "type": "Feature", "properties": { "rand_point_id": 641 }, "geometry": { "type": "Point", "coordinates": [ 15.102998, 48.42104 ] } },
{ "type": "Feature", "properties": { "rand_point_id": 642 }, "geometry": { "type": "Point", "coordinates": [ 15.597459, 47.595439 ] } },
{ "type": "Feature", "properties": { "rand_point_id": 643 }, "geometry": { "type": "Point", "coordinates": [ 16.453815, 47.848845 ] } },
{ "type": "Feature", "properties": { "rand_point_id": 644 }, "geometry": { "type": "Point", "coordinates": [ 15.548387, 48.240483 ] } },
{ "type": "Feature", "properties": { "rand_point_id": 645 }, "geometry": { "type": "Point", "coordinates": [ 14.561331, 47.601292 ] } },
{ "type": "Feature", "properties": { "rand_point_id": 646 }, "geometry": { "type": "Point", "coordinates": [ 15.241455, 48.541279 ] } },
{ "type": "Feature", "properties": { "rand_point_id": 647 }, "geometry": { "type": "Point", "coordinates": [ 14.558089, 47.258494 ] } },
{ "type": "Feature", "properties": { "rand_point_id": 648 }, "geometry": { "type": "Point", "coordinates": [ 16.323955, 48.612078 ] } },
{ "type": "Feature", "properties": { "rand_point_id": 649 }, "geometry": { "type": "Point", "coordinates": [ 15.792468, 48.275579 ] } },
{ "type": "Feature", "properties": { "rand_point_id": 650 }, "geometry": { "type": "Point", "coordinates": [ 13.457304, 46.646274 ] } },
{ "type": "Feature", "properties": { "rand_point_id": 651 }, "geometry": { "type": "Point", "coordinates": [ 15.033249, 47.062645 ] } },
{ "type": "Feature", "properties": { "rand_point_id": 652 }, "geometry": { "type": "Point", "coordinates": [ 13.546943, 46.693973 ] } },
{ "type": "Feature", "properties": { "rand_point_id": 653 }, "geometry": { "type": "Point", "coordinates": [ 13.918636, 47.921518 ] } },
{ "type": "Feature", "properties": { "rand_point_id": 654 }, "geometry": { "type": "Point", "coordinates": [ 15.898011, 48.356642 ] } },
{ "type": "Feature", "properties": { "rand_point_id": 655 }, "geometry": { "type": "Point", "coordinates": [ 10.889471, 47.202896 ] } },
{ "type": "Feature", "properties": { "rand_point_id": 656 }, "geometry": { "type": "Point", "coordinates": [ 13.023787, 48.166349 ] } },
{ "type": "Feature", "properties": { "rand_point_id": 657 }, "geometry": { "type": "Point", "coordinates": [ 17.052509, 48.084207 ] } },
{ "type": "Feature", "properties": { "rand_point_id": 658 }, "geometry": { "type": "Point", "coordinates": [ 16.470555, 47.557845 ] } },
{ "type": "Feature", "properties": { "rand_point_id": 659 }, "geometry": { "type": "Point", "coordinates": [ 15.113962, 46.687344 ] } },
{ "type": "Feature", "properties": { "rand_point_id": 660 }, "geometry": { "type": "Point", "coordinates": [ 13.695767, 46.96443 ] } },
{ "type": "Feature", "properties": { "rand_point_id": 661 }, "geometry": { "type": "Point", "coordinates": [ 13.916198, 46.600175 ] } },
{ "type": "Feature", "properties": { "rand_point_id": 662 }, "geometry": { "type": "Point", "coordinates": [ 16.573058, 48.689601 ] } },
{ "type": "Feature", "properties": { "rand_point_id": 663 }, "geometry": { "type": "Point", "coordinates": [ 12.615605, 46.769794 ] } },
{ "type": "Feature", "properties": { "rand_point_id": 664 }, "geometry": { "type": "Point", "coordinates": [ 14.505801, 47.784529 ] } },
{ "type": "Feature", "properties": { "rand_point_id": 665 }, "geometry": { "type": "Point", "coordinates": [ 13.355091, 48.203939 ] } },
{ "type": "Feature", "properties": { "rand_point_id": 666 }, "geometry": { "type": "Point", "coordinates": [ 12.126279, 47.214091 ] } },
{ "type": "Feature", "properties": { "rand_point_id": 667 }, "geometry": { "type": "Point", "coordinates": [ 14.861537, 47.743268 ] } },
{ "type": "Feature", "properties": { "rand_point_id": 668 }, "geometry": { "type": "Point", "coordinates": [ 15.467426, 48.360837 ] } },
{ "type": "Feature", "properties": { "rand_point_id": 669 }, "geometry": { "type": "Point", "coordinates": [ 11.759345, 47.444671 ] } },
{ "type": "Feature", "properties": { "rand_point_id": 670 }, "geometry": { "type": "Point", "coordinates": [ 13.937414, 46.71126 ] } },
{ "type": "Feature", "properties": { "rand_point_id": 671 }, "geometry": { "type": "Point", "coordinates": [ 11.273498, 47.041712 ] } },
{ "type": "Feature", "properties": { "rand_point_id": 672 }, "geometry": { "type": "Point", "coordinates": [ 11.287754, 47.379897 ] } },
{ "type": "Feature", "properties": { "rand_point_id": 673 }, "geometry": { "type": "Point", "coordinates": [ 14.47982, 47.212259 ] } },
{ "type": "Feature", "properties": { "rand_point_id": 674 }, "geometry": { "type": "Point", "coordinates": [ 14.855129, 48.107829 ] } },
{ "type": "Feature", "properties": { "rand_point_id": 675 }, "geometry": { "type": "Point", "coordinates": [ 17.003835, 48.011563 ] } },
{ "type": "Feature", "properties": { "rand_point_id": 676 }, "geometry": { "type": "Point", "coordinates": [ 11.531253, 47.155086 ] } },
{ "type": "Feature", "properties": { "rand_point_id": 677 }, "geometry": { "type": "Point", "coordinates": [ 9.986788, 46.916214 ] } },
{ "type": "Feature", "properties": { "rand_point_id": 678 }, "geometry": { "type": "Point", "coordinates": [ 14.575155, 47.407869 ] } },
{ "type": "Feature", "properties": { "rand_point_id": 679 }, "geometry": { "type": "Point", "coordinates": [ 13.458578, 47.311019 ] } },
{ "type": "Feature", "properties": { "rand_point_id": 680 }, "geometry": { "type": "Point", "coordinates": [ 12.232408, 47.102916 ] } },
{ "type": "Feature", "properties": { "rand_point_id": 681 }, "geometry": { "type": "Point", "coordinates": [ 14.599493, 47.65151 ] } },
{ "type": "Feature", "properties": { "rand_point_id": 682 }, "geometry": { "type": "Point", "coordinates": [ 15.066938, 48.263326 ] } },
{ "type": "Feature", "properties": { "rand_point_id": 683 }, "geometry": { "type": "Point", "coordinates": [ 12.758965, 46.875764 ] } },
{ "type": "Feature", "properties": { "rand_point_id": 684 }, "geometry": { "type": "Point", "coordinates": [ 14.352376, 48.014587 ] } },
{ "type": "Feature", "properties": { "rand_point_id": 685 }, "geometry": { "type": "Point", "coordinates": [ 15.996645, 47.061168 ] } },
{ "type": "Feature", "properties": { "rand_point_id": 686 }, "geometry": { "type": "Point", "coordinates": [ 11.781574, 47.462978 ] } },
{ "type": "Feature", "properties": { "rand_point_id": 687 }, "geometry": { "type": "Point", "coordinates": [ 14.717688, 47.366992 ] } },
{ "type": "Feature", "properties": { "rand_point_id": 688 }, "geometry": { "type": "Point", "coordinates": [ 16.481794, 47.76412 ] } },
{ "type": "Feature", "properties": { "rand_point_id": 689 }, "geometry": { "type": "Point", "coordinates": [ 13.742091, 47.705497 ] } },
{ "type": "Feature", "properties": { "rand_point_id": 690 }, "geometry": { "type": "Point", "coordinates": [ 16.492876, 48.245694 ] } },
{ "type": "Feature", "properties": { "rand_point_id": 691 }, "geometry": { "type": "Point", "coordinates": [ 15.185556, 48.535055 ] } },
{ "type": "Feature", "properties": { "rand_point_id": 692 }, "geometry": { "type": "Point", "coordinates": [ 14.903093, 48.676056 ] } },
{ "type": "Feature", "properties": { "rand_point_id": 693 }, "geometry": { "type": "Point", "coordinates": [ 13.685937, 47.824512 ] } },
{ "type": "Feature", "properties": { "rand_point_id": 694 }, "geometry": { "type": "Point", "coordinates": [ 15.136778, 47.324542 ] } },
{ "type": "Feature", "properties": { "rand_point_id": 695 }, "geometry": { "type": "Point", "coordinates": [ 14.589728, 46.728252 ] } },
{ "type": "Feature", "properties": { "rand_point_id": 696 }, "geometry": { "type": "Point", "coordinates": [ 12.202015, 47.478432 ] } },
{ "type": "Feature", "properties": { "rand_point_id": 697 }, "geometry": { "type": "Point", "coordinates": [ 14.152473, 46.766445 ] } },
{ "type": "Feature", "properties": { "rand_point_id": 698 }, "geometry": { "type": "Point", "coordinates": [ 14.588031, 48.46281 ] } },
{ "type": "Feature", "properties": { "rand_point_id": 699 }, "geometry": { "type": "Point", "coordinates": [ 11.247438, 47.221615 ] } },
{ "type": "Feature", "properties": { "rand_point_id": 700 }, "geometry": { "type": "Point", "coordinates": [ 15.888823, 47.40348 ] } },
{ "type": "Feature", "properties": { "rand_point_id": 701 }, "geometry": { "type": "Point", "coordinates": [ 15.906137, 47.191207 ] } },
{ "type": "Feature", "properties": { "rand_point_id": 702 }, "geometry": { "type": "Point", "coordinates": [ 10.09651, 47.288958 ] } },
{ "type": "Feature", "properties": { "rand_point_id": 703 }, "geometry": { "type": "Point", "coordinates": [ 15.322789, 47.225699 ] } },
{ "type": "Feature", "properties": { "rand_point_id": 704 }, "geometry": { "type": "Point", "coordinates": [ 13.957895, 47.000018 ] } },
{ "type": "Feature", "properties": { "rand_point_id": 705 }, "geometry": { "type": "Point", "coordinates": [ 12.639815, 46.938188 ] } },
{ "type": "Feature", "properties": { "rand_point_id": 706 }, "geometry": { "type": "Point", "coordinates": [ 14.014474, 47.441277 ] } },
{ "type": "Feature", "properties": { "rand_point_id": 707 }, "geometry": { "type": "Point", "coordinates": [ 15.11196, 47.724389 ] } },
{ "type": "Feature", "properties": { "rand_point_id": 708 }, "geometry": { "type": "Point", "coordinates": [ 16.28838, 47.343102 ] } },
{ "type": "Feature", "properties": { "rand_point_id": 709 }, "geometry": { "type": "Point", "coordinates": [ 13.268286, 47.949027 ] } },
{ "type": "Feature", "properties": { "rand_point_id": 710 }, "geometry": { "type": "Point", "coordinates": [ 13.665168, 48.51615 ] } },
{ "type": "Feature", "properties": { "rand_point_id": 711 }, "geometry": { "type": "Point", "coordinates": [ 13.931521, 47.918865 ] } },
{ "type": "Feature", "properties": { "rand_point_id": 712 }, "geometry": { "type": "Point", "coordinates": [ 12.863987, 47.051 ] } },
{ "type": "Feature", "properties": { "rand_point_id": 713 }, "geometry": { "type": "Point", "coordinates": [ 17.015786, 48.069106 ] } },
{ "type": "Feature", "properties": { "rand_point_id": 714 }, "geometry": { "type": "Point", "coordinates": [ 14.45007, 47.296758 ] } },
{ "type": "Feature", "properties": { "rand_point_id": 715 }, "geometry": { "type": "Point", "coordinates": [ 15.400158, 47.724658 ] } },
{ "type": "Feature", "properties": { "rand_point_id": 716 }, "geometry": { "type": "Point", "coordinates": [ 13.11017, 47.198523 ] } },
{ "type": "Feature", "properties": { "rand_point_id": 717 }, "geometry": { "type": "Point", "coordinates": [ 14.178277, 46.975734 ] } },
{ "type": "Feature", "properties": { "rand_point_id": 718 }, "geometry": { "type": "Point", "coordinates": [ 11.993768, 47.41682 ] } },
{ "type": "Feature", "properties": { "rand_point_id": 719 }, "geometry": { "type": "Point", "coordinates": [ 14.550815, 47.57991 ] } },
{ "type": "Feature", "properties": { "rand_point_id": 720 }, "geometry": { "type": "Point", "coordinates": [ 15.319803, 48.566907 ] } },
{ "type": "Feature", "properties": { "rand_point_id": 721 }, "geometry": { "type": "Point", "coordinates": [ 16.425627, 47.890905 ] } },
{ "type": "Feature", "properties": { "rand_point_id": 722 }, "geometry": { "type": "Point", "coordinates": [ 13.761763, 46.666113 ] } },
{ "type": "Feature", "properties": { "rand_point_id": 723 }, "geometry": { "type": "Point", "coordinates": [ 15.53262, 47.547873 ] } },
{ "type": "Feature", "properties": { "rand_point_id": 724 }, "geometry": { "type": "Point", "coordinates": [ 14.244035, 47.324259 ] } },
{ "type": "Feature", "properties": { "rand_point_id": 725 }, "geometry": { "type": "Point", "coordinates": [ 13.577353, 48.340052 ] } },
{ "type": "Feature", "properties": { "rand_point_id": 726 }, "geometry": { "type": "Point", "coordinates": [ 12.400368, 47.579444 ] } },
{ "type": "Feature", "properties": { "rand_point_id": 727 }, "geometry": { "type": "Point", "coordinates": [ 12.345687, 47.096318 ] } },
{ "type": "Feature", "properties": { "rand_point_id": 728 }, "geometry": { "type": "Point", "coordinates": [ 10.896678, 47.457686 ] } },
{ "type": "Feature", "properties": { "rand_point_id": 729 }, "geometry": { "type": "Point", "coordinates": [ 12.710516, 47.241542 ] } },
{ "type": "Feature", "properties": { "rand_point_id": 730 }, "geometry": { "type": "Point", "coordinates": [ 14.750272, 46.775593 ] } },
{ "type": "Feature", "properties": { "rand_point_id": 731 }, "geometry": { "type": "Point", "coordinates": [ 12.402969, 47.271927 ] } },
{ "type": "Feature", "properties": { "rand_point_id": 732 }, "geometry": { "type": "Point", "coordinates": [ 14.400508, 48.060176 ] } },
{ "type": "Feature", "properties": { "rand_point_id": 733 }, "geometry": { "type": "Point", "coordinates": [ 15.343621, 48.49622 ] } },
{ "type": "Feature", "properties": { "rand_point_id": 734 }, "geometry": { "type": "Point", "coordinates": [ 16.374719, 48.146351 ] } },
{ "type": "Feature", "properties": { "rand_point_id": 735 }, "geometry": { "type": "Point", "coordinates": [ 14.133372, 48.552921 ] } },
{ "type": "Feature", "properties": { "rand_point_id": 736 }, "geometry": { "type": "Point", "coordinates": [ 15.424654, 46.970728 ] } },
{ "type": "Feature", "properties": { "rand_point_id": 737 }, "geometry": { "type": "Point", "coordinates": [ 16.405399, 48.396338 ] } },
{ "type": "Feature", "properties": { "rand_point_id": 738 }, "geometry": { "type": "Point", "coordinates": [ 13.716817, 47.486705 ] } },
{ "type": "Feature", "properties": { "rand_point_id": 739 }, "geometry": { "type": "Point", "coordinates": [ 15.383939, 48.567866 ] } },
{ "type": "Feature", "properties": { "rand_point_id": 740 }, "geometry": { "type": "Point", "coordinates": [ 13.320581, 47.452553 ] } },
{ "type": "Feature", "properties": { "rand_point_id": 741 }, "geometry": { "type": "Point", "coordinates": [ 9.995225, 47.308669 ] } },
{ "type": "Feature", "properties": { "rand_point_id": 742 }, "geometry": { "type": "Point", "coordinates": [ 14.314733, 47.64483 ] } },
{ "type": "Feature", "properties": { "rand_point_id": 743 }, "geometry": { "type": "Point", "coordinates": [ 14.789451, 46.578537 ] } },
{ "type": "Feature", "properties": { "rand_point_id": 744 }, "geometry": { "type": "Point", "coordinates": [ 14.85402, 47.512945 ] } },
{ "type": "Feature", "properties": { "rand_point_id": 745 }, "geometry": { "type": "Point", "coordinates": [ 13.068772, 48.18438 ] } },
{ "type": "Feature", "properties": { "rand_point_id": 746 }, "geometry": { "type": "Point", "coordinates": [ 16.526399, 48.740256 ] } },
{ "type": "Feature", "properties": { "rand_point_id": 747 }, "geometry": { "type": "Point", "coordinates": [ 14.211316, 46.936169 ] } },
{ "type": "Feature", "properties": { "rand_point_id": 748 }, "geometry": { "type": "Point", "coordinates": [ 12.59197, 47.007345 ] } },
{ "type": "Feature", "properties": { "rand_point_id": 749 }, "geometry": { "type": "Point", "coordinates": [ 12.258667, 47.660308 ] } },
{ "type": "Feature", "properties": { "rand_point_id": 750 }, "geometry": { "type": "Point", "coordinates": [ 16.96511, 47.862637 ] } },
{ "type": "Feature", "properties": { "rand_point_id": 751 }, "geometry": { "type": "Point", "coordinates": [ 16.014261, 46.842829 ] } },
{ "type": "Feature", "properties": { "rand_point_id": 752 }, "geometry": { "type": "Point", "coordinates": [ 15.557251, 48.78218 ] } },
{ "type": "Feature", "properties": { "rand_point_id": 753 }, "geometry": { "type": "Point", "coordinates": [ 15.03666, 47.175451 ] } },
{ "type": "Feature", "properties": { "rand_point_id": 754 }, "geometry": { "type": "Point", "coordinates": [ 16.752637, 48.143575 ] } },
{ "type": "Feature", "properties": { "rand_point_id": 755 }, "geometry": { "type": "Point", "coordinates": [ 13.447232, 48.442662 ] } },
{ "type": "Feature", "properties": { "rand_point_id": 756 }, "geometry": { "type": "Point", "coordinates": [ 14.220309, 48.331664 ] } },
{ "type": "Feature", "properties": { "rand_point_id": 757 }, "geometry": { "type": "Point", "coordinates": [ 14.197025, 47.465346 ] } },
{ "type": "Feature", "properties": { "rand_point_id": 758 }, "geometry": { "type": "Point", "coordinates": [ 12.173785, 47.397938 ] } },
{ "type": "Feature", "properties": { "rand_point_id": 759 }, "geometry": { "type": "Point", "coordinates": [ 13.715826, 46.988022 ] } },
{ "type": "Feature", "properties": { "rand_point_id": 760 }, "geometry": { "type": "Point", "coordinates": [ 13.372155, 47.579671 ] } },
{ "type": "Feature", "properties": { "rand_point_id": 761 }, "geometry": { "type": "Point", "coordinates": [ 10.468786, 47.54399 ] } },
{ "type": "Feature", "properties": { "rand_point_id": 762 }, "geometry": { "type": "Point", "coordinates": [ 13.065819, 47.546097 ] } },
{ "type": "Feature", "properties": { "rand_point_id": 763 }, "geometry": { "type": "Point", "coordinates": [ 15.631971, 46.796858 ] } },
{ "type": "Feature", "properties": { "rand_point_id": 764 }, "geometry": { "type": "Point", "coordinates": [ 14.019366, 48.142299 ] } },
{ "type": "Feature", "properties": { "rand_point_id": 765 }, "geometry": { "type": "Point", "coordinates": [ 14.369554, 48.215624 ] } },
{ "type": "Feature", "properties": { "rand_point_id": 766 }, "geometry": { "type": "Point", "coordinates": [ 14.397248, 48.220797 ] } },
{ "type": "Feature", "properties": { "rand_point_id": 767 }, "geometry": { "type": "Point", "coordinates": [ 12.761224, 46.992037 ] } },
{ "type": "Feature", "properties": { "rand_point_id": 768 }, "geometry": { "type": "Point", "coordinates": [ 16.956331, 47.957255 ] } },
{ "type": "Feature", "properties": { "rand_point_id": 769 }, "geometry": { "type": "Point", "coordinates": [ 15.592908, 47.137612 ] } },
{ "type": "Feature", "properties": { "rand_point_id": 770 }, "geometry": { "type": "Point", "coordinates": [ 13.374435, 47.442933 ] } },
{ "type": "Feature", "properties": { "rand_point_id": 771 }, "geometry": { "type": "Point", "coordinates": [ 15.365101, 48.927277 ] } },
{ "type": "Feature", "properties": { "rand_point_id": 772 }, "geometry": { "type": "Point", "coordinates": [ 15.164615, 48.516529 ] } },
{ "type": "Feature", "properties": { "rand_point_id": 773 }, "geometry": { "type": "Point", "coordinates": [ 16.481529, 48.430489 ] } },
{ "type": "Feature", "properties": { "rand_point_id": 774 }, "geometry": { "type": "Point", "coordinates": [ 12.7465, 46.782365 ] } },
{ "type": "Feature", "properties": { "rand_point_id": 775 }, "geometry": { "type": "Point", "coordinates": [ 14.764045, 46.859626 ] } },
{ "type": "Feature", "properties": { "rand_point_id": 776 }, "geometry": { "type": "Point", "coordinates": [ 14.655883, 46.510005 ] } },
{ "type": "Feature", "properties": { "rand_point_id": 777 }, "geometry": { "type": "Point", "coordinates": [ 15.682497, 47.669705 ] } },
{ "type": "Feature", "properties": { "rand_point_id": 778 }, "geometry": { "type": "Point", "coordinates": [ 14.448301, 47.400961 ] } },
{ "type": "Feature", "properties": { "rand_point_id": 779 }, "geometry": { "type": "Point", "coordinates": [ 13.303663, 47.762568 ] } },
{ "type": "Feature", "properties": { "rand_point_id": 780 }, "geometry": { "type": "Point", "coordinates": [ 16.313049, 47.921027 ] } },
{ "type": "Feature", "properties": { "rand_point_id": 781 }, "geometry": { "type": "Point", "coordinates": [ 11.648102, 47.515441 ] } },
{ "type": "Feature", "properties": { "rand_point_id": 782 }, "geometry": { "type": "Point", "coordinates": [ 13.531467, 47.242909 ] } },
{ "type": "Feature", "properties": { "rand_point_id": 783 }, "geometry": { "type": "Point", "coordinates": [ 14.320359, 47.578814 ] } },
{ "type": "Feature", "properties": { "rand_point_id": 784 }, "geometry": { "type": "Point", "coordinates": [ 12.614142, 47.058961 ] } },
{ "type": "Feature", "properties": { "rand_point_id": 785 }, "geometry": { "type": "Point", "coordinates": [ 13.391389, 47.182854 ] } },
{ "type": "Feature", "properties": { "rand_point_id": 786 }, "geometry": { "type": "Point", "coordinates": [ 13.088927, 47.162046 ] } },
{ "type": "Feature", "properties": { "rand_point_id": 787 }, "geometry": { "type": "Point", "coordinates": [ 14.235231, 47.539639 ] } },
{ "type": "Feature", "properties": { "rand_point_id": 788 }, "geometry": { "type": "Point", "coordinates": [ 15.278463, 46.780206 ] } },
{ "type": "Feature", "properties": { "rand_point_id": 789 }, "geometry": { "type": "Point", "coordinates": [ 12.217367, 47.664584 ] } },
{ "type": "Feature", "properties": { "rand_point_id": 790 }, "geometry": { "type": "Point", "coordinates": [ 13.612902, 48.439007 ] } },
{ "type": "Feature", "properties": { "rand_point_id": 791 }, "geometry": { "type": "Point", "coordinates": [ 12.593586, 47.175192 ] } },
{ "type": "Feature", "properties": { "rand_point_id": 792 }, "geometry": { "type": "Point", "coordinates": [ 14.467218, 46.681342 ] } },
{ "type": "Feature", "properties": { "rand_point_id": 793 }, "geometry": { "type": "Point", "coordinates": [ 15.109834, 47.741855 ] } },
{ "type": "Feature", "properties": { "rand_point_id": 794 }, "geometry": { "type": "Point", "coordinates": [ 16.279157, 48.192388 ] } },
{ "type": "Feature", "properties": { "rand_point_id": 795 }, "geometry": { "type": "Point", "coordinates": [ 15.92629, 46.711949 ] } },
{ "type": "Feature", "properties": { "rand_point_id": 796 }, "geometry": { "type": "Point", "coordinates": [ 13.492316, 48.543167 ] } },
{ "type": "Feature", "properties": { "rand_point_id": 797 }, "geometry": { "type": "Point", "coordinates": [ 15.846677, 48.527582 ] } },
{ "type": "Feature", "properties": { "rand_point_id": 798 }, "geometry": { "type": "Point", "coordinates": [ 13.024893, 47.275839 ] } },
{ "type": "Feature", "properties": { "rand_point_id": 799 }, "geometry": { "type": "Point", "coordinates": [ 14.205027, 47.401712 ] } },
{ "type": "Feature", "properties": { "rand_point_id": 800 }, "geometry": { "type": "Point", "coordinates": [ 13.24646, 47.272128 ] } },
{ "type": "Feature", "properties": { "rand_point_id": 801 }, "geometry": { "type": "Point", "coordinates": [ 16.778617, 47.899909 ] } },
{ "type": "Feature", "properties": { "rand_point_id": 802 }, "geometry": { "type": "Point", "coordinates": [ 14.099233, 47.302275 ] } },
{ "type": "Feature", "properties": { "rand_point_id": 803 }, "geometry": { "type": "Point", "coordinates": [ 13.298084, 47.479846 ] } },
{ "type": "Feature", "properties": { "rand_point_id": 804 }, "geometry": { "type": "Point", "coordinates": [ 11.42987, 47.432598 ] } },
{ "type": "Feature", "properties": { "rand_point_id": 805 }, "geometry": { "type": "Point", "coordinates": [ 16.142613, 47.376128 ] } },
{ "type": "Feature", "properties": { "rand_point_id": 806 }, "geometry": { "type": "Point", "coordinates": [ 13.920011, 47.79743 ] } },
{ "type": "Feature", "properties": { "rand_point_id": 807 }, "geometry": { "type": "Point", "coordinates": [ 14.509713, 47.52907 ] } },
{ "type": "Feature", "properties": { "rand_point_id": 808 }, "geometry": { "type": "Point", "coordinates": [ 9.870557, 47.182759 ] } },
{ "type": "Feature", "properties": { "rand_point_id": 809 }, "geometry": { "type": "Point", "coordinates": [ 16.156988, 46.944195 ] } },
{ "type": "Feature", "properties": { "rand_point_id": 810 }, "geometry": { "type": "Point", "coordinates": [ 9.639131, 47.467536 ] } },
{ "type": "Feature", "properties": { "rand_point_id": 811 }, "geometry": { "type": "Point", "coordinates": [ 13.422924, 47.676227 ] } },
{ "type": "Feature", "properties": { "rand_point_id": 812 }, "geometry": { "type": "Point", "coordinates": [ 14.556449, 48.396842 ] } },
{ "type": "Feature", "properties": { "rand_point_id": 813 }, "geometry": { "type": "Point", "coordinates": [ 11.534365, 47.117719 ] } },
{ "type": "Feature", "properties": { "rand_point_id": 814 }, "geometry": { "type": "Point", "coordinates": [ 12.547028, 47.500907 ] } },
{ "type": "Feature", "properties": { "rand_point_id": 815 }, "geometry": { "type": "Point", "coordinates": [ 14.25207, 47.32381 ] } },
{ "type": "Feature", "properties": { "rand_point_id": 816 }, "geometry": { "type": "Point", "coordinates": [ 14.35853, 46.64284 ] } },
{ "type": "Feature", "properties": { "rand_point_id": 817 }, "geometry": { "type": "Point", "coordinates": [ 10.414641, 47.16521 ] } },
{ "type": "Feature", "properties": { "rand_point_id": 818 }, "geometry": { "type": "Point", "coordinates": [ 13.520862, 48.181373 ] } },
{ "type": "Feature", "properties": { "rand_point_id": 819 }, "geometry": { "type": "Point", "coordinates": [ 14.450298, 48.30363 ] } },
{ "type": "Feature", "properties": { "rand_point_id": 820 }, "geometry": { "type": "Point", "coordinates": [ 9.867525, 47.312398 ] } },
{ "type": "Feature", "properties": { "rand_point_id": 821 }, "geometry": { "type": "Point", "coordinates": [ 14.289815, 47.08226 ] } },
{ "type": "Feature", "properties": { "rand_point_id": 822 }, "geometry": { "type": "Point", "coordinates": [ 14.728363, 47.078176 ] } },
{ "type": "Feature", "properties": { "rand_point_id": 823 }, "geometry": { "type": "Point", "coordinates": [ 13.010268, 47.776671 ] } },
{ "type": "Feature", "properties": { "rand_point_id": 824 }, "geometry": { "type": "Point", "coordinates": [ 13.524445, 47.415544 ] } },
{ "type": "Feature", "properties": { "rand_point_id": 825 }, "geometry": { "type": "Point", "coordinates": [ 15.969892, 47.341601 ] } },
{ "type": "Feature", "properties": { "rand_point_id": 826 }, "geometry": { "type": "Point", "coordinates": [ 15.580826, 46.974499 ] } },
{ "type": "Feature", "properties": { "rand_point_id": 827 }, "geometry": { "type": "Point", "coordinates": [ 14.203035, 47.505295 ] } },
{ "type": "Feature", "properties": { "rand_point_id": 828 }, "geometry": { "type": "Point", "coordinates": [ 15.646017, 48.229993 ] } },
{ "type": "Feature", "properties": { "rand_point_id": 829 }, "geometry": { "type": "Point", "coordinates": [ 14.624344, 46.721697 ] } },
{ "type": "Feature", "properties": { "rand_point_id": 830 }, "geometry": { "type": "Point", "coordinates": [ 14.548688, 47.344081 ] } },
{ "type": "Feature", "properties": { "rand_point_id": 831 }, "geometry": { "type": "Point", "coordinates": [ 13.414363, 47.434859 ] } },
{ "type": "Feature", "properties": { "rand_point_id": 832 }, "geometry": { "type": "Point", "coordinates": [ 14.140443, 46.75484 ] } },
{ "type": "Feature", "properties": { "rand_point_id": 833 }, "geometry": { "type": "Point", "coordinates": [ 15.372367, 48.838885 ] } },
{ "type": "Feature", "properties": { "rand_point_id": 834 }, "geometry": { "type": "Point", "coordinates": [ 12.275358, 47.585163 ] } },
{ "type": "Feature", "properties": { "rand_point_id": 835 }, "geometry": { "type": "Point", "coordinates": [ 13.905345, 46.799969 ] } },
{ "type": "Feature", "properties": { "rand_point_id": 836 }, "geometry": { "type": "Point", "coordinates": [ 15.857734, 46.942627 ] } },
{ "type": "Feature", "properties": { "rand_point_id": 837 }, "geometry": { "type": "Point", "coordinates": [ 14.788191, 47.414592 ] } },
{ "type": "Feature", "properties": { "rand_point_id": 838 }, "geometry": { "type": "Point", "coordinates": [ 15.454775, 48.583705 ] } },
{ "type": "Feature", "properties": { "rand_point_id": 839 }, "geometry": { "type": "Point", "coordinates": [ 13.952569, 46.810682 ] } },
{ "type": "Feature", "properties": { "rand_point_id": 840 }, "geometry": { "type": "Point", "coordinates": [ 16.045675, 47.305942 ] } },
{ "type": "Feature", "properties": { "rand_point_id": 841 }, "geometry": { "type": "Point", "coordinates": [ 14.051332, 48.478217 ] } },
{ "type": "Feature", "properties": { "rand_point_id": 842 }, "geometry": { "type": "Point", "coordinates": [ 16.413763, 47.445692 ] } },
{ "type": "Feature", "properties": { "rand_point_id": 843 }, "geometry": { "type": "Point", "coordinates": [ 13.348614, 46.728265 ] } },
{ "type": "Feature", "properties": { "rand_point_id": 844 }, "geometry": { "type": "Point", "coordinates": [ 15.571471, 48.230146 ] } },
{ "type": "Feature", "properties": { "rand_point_id": 845 }, "geometry": { "type": "Point", "coordinates": [ 13.553662, 47.47347 ] } },
{ "type": "Feature", "properties": { "rand_point_id": 846 }, "geometry": { "type": "Point", "coordinates": [ 10.694721, 47.536058 ] } },
{ "type": "Feature", "properties": { "rand_point_id": 847 }, "geometry": { "type": "Point", "coordinates": [ 14.652042, 47.184783 ] } },
{ "type": "Feature", "properties": { "rand_point_id": 848 }, "geometry": { "type": "Point", "coordinates": [ 13.137924, 47.371274 ] } },
{ "type": "Feature", "properties": { "rand_point_id": 849 }, "geometry": { "type": "Point", "coordinates": [ 14.586787, 47.075429 ] } },
{ "type": "Feature", "properties": { "rand_point_id": 850 }, "geometry": { "type": "Point", "coordinates": [ 15.300142, 48.85093 ] } },
{ "type": "Feature", "properties": { "rand_point_id": 851 }, "geometry": { "type": "Point", "coordinates": [ 13.106723, 47.136601 ] } },
{ "type": "Feature", "properties": { "rand_point_id": 852 }, "geometry": { "type": "Point", "coordinates": [ 15.168798, 48.91144 ] } },
{ "type": "Feature", "properties": { "rand_point_id": 853 }, "geometry": { "type": "Point", "coordinates": [ 16.525957, 48.477784 ] } },
{ "type": "Feature", "properties": { "rand_point_id": 854 }, "geometry": { "type": "Point", "coordinates": [ 13.005184, 46.853144 ] } },
{ "type": "Feature", "properties": { "rand_point_id": 855 }, "geometry": { "type": "Point", "coordinates": [ 11.344306, 47.083239 ] } },
{ "type": "Feature", "properties": { "rand_point_id": 856 }, "geometry": { "type": "Point", "coordinates": [ 15.457477, 47.891349 ] } },
{ "type": "Feature", "properties": { "rand_point_id": 857 }, "geometry": { "type": "Point", "coordinates": [ 14.358555, 48.383453 ] } },
{ "type": "Feature", "properties": { "rand_point_id": 858 }, "geometry": { "type": "Point", "coordinates": [ 12.930664, 47.970641 ] } },
{ "type": "Feature", "properties": { "rand_point_id": 859 }, "geometry": { "type": "Point", "coordinates": [ 10.827721, 47.524028 ] } },
{ "type": "Feature", "properties": { "rand_point_id": 860 }, "geometry": { "type": "Point", "coordinates": [ 11.007826, 46.846866 ] } },
{ "type": "Feature", "properties": { "rand_point_id": 861 }, "geometry": { "type": "Point", "coordinates": [ 11.871582, 47.047478 ] } },
{ "type": "Feature", "properties": { "rand_point_id": 862 }, "geometry": { "type": "Point", "coordinates": [ 13.125289, 48.10136 ] } },
{ "type": "Feature", "properties": { "rand_point_id": 863 }, "geometry": { "type": "Point", "coordinates": [ 14.164124, 47.389909 ] } },
{ "type": "Feature", "properties": { "rand_point_id": 864 }, "geometry": { "type": "Point", "coordinates": [ 16.255699, 48.50893 ] } },
{ "type": "Feature", "properties": { "rand_point_id": 865 }, "geometry": { "type": "Point", "coordinates": [ 14.488288, 46.999221 ] } },
{ "type": "Feature", "properties": { "rand_point_id": 866 }, "geometry": { "type": "Point", "coordinates": [ 14.03626, 47.772209 ] } },
{ "type": "Feature", "properties": { "rand_point_id": 867 }, "geometry": { "type": "Point", "coordinates": [ 12.67827, 46.665077 ] } },
{ "type": "Feature", "properties": { "rand_point_id": 868 }, "geometry": { "type": "Point", "coordinates": [ 14.289832, 46.784913 ] } },
{ "type": "Feature", "properties": { "rand_point_id": 869 }, "geometry": { "type": "Point", "coordinates": [ 13.160173, 46.664556 ] } },
{ "type": "Feature", "properties": { "rand_point_id": 870 }, "geometry": { "type": "Point", "coordinates": [ 14.719066, 47.291401 ] } },
{ "type": "Feature", "properties": { "rand_point_id": 871 }, "geometry": { "type": "Point", "coordinates": [ 14.455138, 46.936769 ] } },
{ "type": "Feature", "properties": { "rand_point_id": 872 }, "geometry": { "type": "Point", "coordinates": [ 10.793326, 47.371973 ] } },
{ "type": "Feature", "properties": { "rand_point_id": 873 }, "geometry": { "type": "Point", "coordinates": [ 12.742305, 47.335294 ] } },
{ "type": "Feature", "properties": { "rand_point_id": 874 }, "geometry": { "type": "Point", "coordinates": [ 14.158525, 47.073591 ] } },
{ "type": "Feature", "properties": { "rand_point_id": 875 }, "geometry": { "type": "Point", "coordinates": [ 16.989794, 47.819103 ] } },
{ "type": "Feature", "properties": { "rand_point_id": 876 }, "geometry": { "type": "Point", "coordinates": [ 14.9365, 47.955521 ] } },
{ "type": "Feature", "properties": { "rand_point_id": 877 }, "geometry": { "type": "Point", "coordinates": [ 15.942296, 48.609166 ] } },
{ "type": "Feature", "properties": { "rand_point_id": 878 }, "geometry": { "type": "Point", "coordinates": [ 14.310276, 48.065845 ] } },
{ "type": "Feature", "properties": { "rand_point_id": 879 }, "geometry": { "type": "Point", "coordinates": [ 15.875602, 47.00298 ] } },
{ "type": "Feature", "properties": { "rand_point_id": 880 }, "geometry": { "type": "Point", "coordinates": [ 16.658568, 47.479265 ] } },
{ "type": "Feature", "properties": { "rand_point_id": 881 }, "geometry": { "type": "Point", "coordinates": [ 10.649225, 47.455277 ] } },
{ "type": "Feature", "properties": { "rand_point_id": 882 }, "geometry": { "type": "Point", "coordinates": [ 16.279062, 48.155785 ] } },
{ "type": "Feature", "properties": { "rand_point_id": 883 }, "geometry": { "type": "Point", "coordinates": [ 15.887686, 46.836193 ] } },
{ "type": "Feature", "properties": { "rand_point_id": 884 }, "geometry": { "type": "Point", "coordinates": [ 11.74559, 47.428932 ] } },
{ "type": "Feature", "properties": { "rand_point_id": 885 }, "geometry": { "type": "Point", "coordinates": [ 14.869518, 47.822836 ] } },
{ "type": "Feature", "properties": { "rand_point_id": 886 }, "geometry": { "type": "Point", "coordinates": [ 12.031809, 47.609555 ] } },
{ "type": "Feature", "properties": { "rand_point_id": 887 }, "geometry": { "type": "Point", "coordinates": [ 11.758119, 47.146818 ] } },
{ "type": "Feature", "properties": { "rand_point_id": 888 }, "geometry": { "type": "Point", "coordinates": [ 11.520702, 47.470668 ] } },
{ "type": "Feature", "properties": { "rand_point_id": 889 }, "geometry": { "type": "Point", "coordinates": [ 14.655431, 46.862482 ] } },
{ "type": "Feature", "properties": { "rand_point_id": 890 }, "geometry": { "type": "Point", "coordinates": [ 15.073848, 47.048198 ] } },
{ "type": "Feature", "properties": { "rand_point_id": 891 }, "geometry": { "type": "Point", "coordinates": [ 11.878453, 47.170898 ] } },
{ "type": "Feature", "properties": { "rand_point_id": 892 }, "geometry": { "type": "Point", "coordinates": [ 16.481671, 48.674624 ] } },
{ "type": "Feature", "properties": { "rand_point_id": 893 }, "geometry": { "type": "Point", "coordinates": [ 13.709212, 47.839378 ] } },
{ "type": "Feature", "properties": { "rand_point_id": 894 }, "geometry": { "type": "Point", "coordinates": [ 15.727674, 48.799477 ] } },
{ "type": "Feature", "properties": { "rand_point_id": 895 }, "geometry": { "type": "Point", "coordinates": [ 13.1932, 48.095672 ] } },
{ "type": "Feature", "properties": { "rand_point_id": 896 }, "geometry": { "type": "Point", "coordinates": [ 15.434648, 47.656268 ] } },
{ "type": "Feature", "properties": { "rand_point_id": 897 }, "geometry": { "type": "Point", "coordinates": [ 12.175725, 47.279473 ] } },
{ "type": "Feature", "properties": { "rand_point_id": 898 }, "geometry": { "type": "Point", "coordinates": [ 14.680836, 47.921217 ] } },
{ "type": "Feature", "properties": { "rand_point_id": 899 }, "geometry": { "type": "Point", "coordinates": [ 11.475942, 47.085901 ] } },
{ "type": "Feature", "properties": { "rand_point_id": 900 }, "geometry": { "type": "Point", "coordinates": [ 9.631112, 47.277616 ] } },
{ "type": "Feature", "properties": { "rand_point_id": 901 }, "geometry": { "type": "Point", "coordinates": [ 13.3466, 47.538357 ] } },
{ "type": "Feature", "properties": { "rand_point_id": 902 }, "geometry": { "type": "Point", "coordinates": [ 14.178609, 46.763888 ] } },
{ "type": "Feature", "properties": { "rand_point_id": 903 }, "geometry": { "type": "Point", "coordinates": [ 11.979342, 47.238261 ] } },
{ "type": "Feature", "properties": { "rand_point_id": 904 }, "geometry": { "type": "Point", "coordinates": [ 13.849961, 47.063223 ] } },
{ "type": "Feature", "properties": { "rand_point_id": 905 }, "geometry": { "type": "Point", "coordinates": [ 12.64605, 47.207932 ] } },
{ "type": "Feature", "properties": { "rand_point_id": 906 }, "geometry": { "type": "Point", "coordinates": [ 14.049488, 47.305437 ] } },
{ "type": "Feature", "properties": { "rand_point_id": 907 }, "geometry": { "type": "Point", "coordinates": [ 11.025652, 47.349514 ] } },
{ "type": "Feature", "properties": { "rand_point_id": 908 }, "geometry": { "type": "Point", "coordinates": [ 13.578895, 48.412955 ] } },
{ "type": "Feature", "properties": { "rand_point_id": 909 }, "geometry": { "type": "Point", "coordinates": [ 15.67079, 47.748943 ] } },
{ "type": "Feature", "properties": { "rand_point_id": 910 }, "geometry": { "type": "Point", "coordinates": [ 14.61773, 48.141156 ] } },
{ "type": "Feature", "properties": { "rand_point_id": 911 }, "geometry": { "type": "Point", "coordinates": [ 13.809135, 46.792144 ] } },
{ "type": "Feature", "properties": { "rand_point_id": 912 }, "geometry": { "type": "Point", "coordinates": [ 13.759952, 47.802611 ] } },
{ "type": "Feature", "properties": { "rand_point_id": 913 }, "geometry": { "type": "Point", "coordinates": [ 16.499893, 47.897716 ] } },
{ "type": "Feature", "properties": { "rand_point_id": 914 }, "geometry": { "type": "Point", "coordinates": [ 14.310933, 47.251796 ] } },
{ "type": "Feature", "properties": { "rand_point_id": 915 }, "geometry": { "type": "Point", "coordinates": [ 14.035914, 48.228823 ] } },
{ "type": "Feature", "properties": { "rand_point_id": 916 }, "geometry": { "type": "Point", "coordinates": [ 11.25272, 47.168947 ] } },
{ "type": "Feature", "properties": { "rand_point_id": 917 }, "geometry": { "type": "Point", "coordinates": [ 14.749718, 47.501292 ] } },
{ "type": "Feature", "properties": { "rand_point_id": 918 }, "geometry": { "type": "Point", "coordinates": [ 15.37232, 47.911993 ] } },
{ "type": "Feature", "properties": { "rand_point_id": 919 }, "geometry": { "type": "Point", "coordinates": [ 13.467486, 47.186471 ] } },
{ "type": "Feature", "properties": { "rand_point_id": 920 }, "geometry": { "type": "Point", "coordinates": [ 13.902943, 48.214704 ] } },
{ "type": "Feature", "properties": { "rand_point_id": 921 }, "geometry": { "type": "Point", "coordinates": [ 15.843725, 47.687634 ] } },
{ "type": "Feature", "properties": { "rand_point_id": 922 }, "geometry": { "type": "Point", "coordinates": [ 13.743154, 47.824315 ] } },
{ "type": "Feature", "properties": { "rand_point_id": 923 }, "geometry": { "type": "Point", "coordinates": [ 13.919128, 46.872308 ] } },
{ "type": "Feature", "properties": { "rand_point_id": 924 }, "geometry": { "type": "Point", "coordinates": [ 15.436726, 48.196608 ] } },
{ "type": "Feature", "properties": { "rand_point_id": 925 }, "geometry": { "type": "Point", "coordinates": [ 14.131708, 46.799094 ] } },
{ "type": "Feature", "properties": { "rand_point_id": 926 }, "geometry": { "type": "Point", "coordinates": [ 13.081565, 46.714106 ] } },
{ "type": "Feature", "properties": { "rand_point_id": 927 }, "geometry": { "type": "Point", "coordinates": [ 13.413187, 47.600945 ] } },
{ "type": "Feature", "properties": { "rand_point_id": 928 }, "geometry": { "type": "Point", "coordinates": [ 14.854337, 47.282338 ] } },
{ "type": "Feature", "properties": { "rand_point_id": 929 }, "geometry": { "type": "Point", "coordinates": [ 14.721558, 46.751901 ] } },
{ "type": "Feature", "properties": { "rand_point_id": 930 }, "geometry": { "type": "Point", "coordinates": [ 13.363001, 47.187507 ] } },
{ "type": "Feature", "properties": { "rand_point_id": 931 }, "geometry": { "type": "Point", "coordinates": [ 16.031815, 47.515315 ] } },
{ "type": "Feature", "properties": { "rand_point_id": 932 }, "geometry": { "type": "Point", "coordinates": [ 10.444661, 47.160058 ] } },
{ "type": "Feature", "properties": { "rand_point_id": 933 }, "geometry": { "type": "Point", "coordinates": [ 11.779027, 47.148527 ] } },
{ "type": "Feature", "properties": { "rand_point_id": 934 }, "geometry": { "type": "Point", "coordinates": [ 15.903129, 47.388502 ] } },
{ "type": "Feature", "properties": { "rand_point_id": 935 }, "geometry": { "type": "Point", "coordinates": [ 13.466253, 46.725837 ] } },
{ "type": "Feature", "properties": { "rand_point_id": 936 }, "geometry": { "type": "Point", "coordinates": [ 15.068486, 48.949782 ] } },
{ "type": "Feature", "properties": { "rand_point_id": 937 }, "geometry": { "type": "Point", "coordinates": [ 9.99564, 47.333768 ] } },
{ "type": "Feature", "properties": { "rand_point_id": 938 }, "geometry": { "type": "Point", "coordinates": [ 13.716296, 47.565042 ] } },
{ "type": "Feature", "properties": { "rand_point_id": 939 }, "geometry": { "type": "Point", "coordinates": [ 14.859815, 48.522753 ] } },
{ "type": "Feature", "properties": { "rand_point_id": 940 }, "geometry": { "type": "Point", "coordinates": [ 15.707978, 48.840669 ] } },
{ "type": "Feature", "properties": { "rand_point_id": 941 }, "geometry": { "type": "Point", "coordinates": [ 13.668119, 46.979091 ] } },
{ "type": "Feature", "properties": { "rand_point_id": 942 }, "geometry": { "type": "Point", "coordinates": [ 14.365957, 46.486838 ] } },
{ "type": "Feature", "properties": { "rand_point_id": 943 }, "geometry": { "type": "Point", "coordinates": [ 14.890223, 46.930224 ] } },
{ "type": "Feature", "properties": { "rand_point_id": 944 }, "geometry": { "type": "Point", "coordinates": [ 15.255921, 48.106688 ] } },
{ "type": "Feature", "properties": { "rand_point_id": 945 }, "geometry": { "type": "Point", "coordinates": [ 13.966591, 46.588485 ] } },
{ "type": "Feature", "properties": { "rand_point_id": 946 }, "geometry": { "type": "Point", "coordinates": [ 14.735526, 48.152291 ] } },
{ "type": "Feature", "properties": { "rand_point_id": 947 }, "geometry": { "type": "Point", "coordinates": [ 16.127014, 47.694789 ] } },
{ "type": "Feature", "properties": { "rand_point_id": 948 }, "geometry": { "type": "Point", "coordinates": [ 14.073425, 46.552003 ] } },
{ "type": "Feature", "properties": { "rand_point_id": 949 }, "geometry": { "type": "Point", "coordinates": [ 13.106598, 48.17436 ] } },
{ "type": "Feature", "properties": { "rand_point_id": 950 }, "geometry": { "type": "Point", "coordinates": [ 11.51069, 47.21603 ] } },
{ "type": "Feature", "properties": { "rand_point_id": 951 }, "geometry": { "type": "Point", "coordinates": [ 16.208074, 48.729387 ] } },
{ "type": "Feature", "properties": { "rand_point_id": 952 }, "geometry": { "type": "Point", "coordinates": [ 16.628003, 48.167457 ] } },
{ "type": "Feature", "properties": { "rand_point_id": 953 }, "geometry": { "type": "Point", "coordinates": [ 16.279863, 47.688862 ] } },
{ "type": "Feature", "properties": { "rand_point_id": 954 }, "geometry": { "type": "Point", "coordinates": [ 14.693413, 46.821508 ] } },
{ "type": "Feature", "properties": { "rand_point_id": 955 }, "geometry": { "type": "Point", "coordinates": [ 15.296102, 47.735531 ] } },
{ "type": "Feature", "properties": { "rand_point_id": 956 }, "geometry": { "type": "Point", "coordinates": [ 12.722465, 47.367641 ] } },
{ "type": "Feature", "properties": { "rand_point_id": 957 }, "geometry": { "type": "Point", "coordinates": [ 15.016832, 47.81904 ] } },
{ "type": "Feature", "properties": { "rand_point_id": 958 }, "geometry": { "type": "Point", "coordinates": [ 15.824024, 48.466685 ] } },
{ "type": "Feature", "properties": { "rand_point_id": 959 }, "geometry": { "type": "Point", "coordinates": [ 13.977205, 46.811689 ] } },
{ "type": "Feature", "properties": { "rand_point_id": 960 }, "geometry": { "type": "Point", "coordinates": [ 16.438094, 47.905306 ] } },
{ "type": "Feature", "properties": { "rand_point_id": 961 }, "geometry": { "type": "Point", "coordinates": [ 14.920225, 47.436437 ] } },
{ "type": "Feature", "properties": { "rand_point_id": 962 }, "geometry": { "type": "Point", "coordinates": [ 15.634021, 48.717105 ] } },
{ "type": "Feature", "properties": { "rand_point_id": 963 }, "geometry": { "type": "Point", "coordinates": [ 14.751125, 47.64824 ] } },
{ "type": "Feature", "properties": { "rand_point_id": 964 }, "geometry": { "type": "Point", "coordinates": [ 14.607207, 47.328075 ] } },
{ "type": "Feature", "properties": { "rand_point_id": 965 }, "geometry": { "type": "Point", "coordinates": [ 16.290319, 47.379179 ] } },
{ "type": "Feature", "properties": { "rand_point_id": 966 }, "geometry": { "type": "Point", "coordinates": [ 15.02557, 48.440878 ] } },
{ "type": "Feature", "properties": { "rand_point_id": 967 }, "geometry": { "type": "Point", "coordinates": [ 13.788552, 48.471715 ] } },
{ "type": "Feature", "properties": { "rand_point_id": 968 }, "geometry": { "type": "Point", "coordinates": [ 13.941923, 48.002638 ] } },
{ "type": "Feature", "properties": { "rand_point_id": 969 }, "geometry": { "type": "Point", "coordinates": [ 11.873525, 47.133072 ] } },
{ "type": "Feature", "properties": { "rand_point_id": 970 }, "geometry": { "type": "Point", "coordinates": [ 13.941985, 48.210804 ] } },
{ "type": "Feature", "properties": { "rand_point_id": 971 }, "geometry": { "type": "Point", "coordinates": [ 16.860377, 48.286367 ] } },
{ "type": "Feature", "properties": { "rand_point_id": 972 }, "geometry": { "type": "Point", "coordinates": [ 11.97403, 47.070257 ] } },
{ "type": "Feature", "properties": { "rand_point_id": 973 }, "geometry": { "type": "Point", "coordinates": [ 14.748138, 47.170478 ] } },
{ "type": "Feature", "properties": { "rand_point_id": 974 }, "geometry": { "type": "Point", "coordinates": [ 14.364107, 46.688517 ] } },
{ "type": "Feature", "properties": { "rand_point_id": 975 }, "geometry": { "type": "Point", "coordinates": [ 11.06358, 47.315063 ] } },
{ "type": "Feature", "properties": { "rand_point_id": 976 }, "geometry": { "type": "Point", "coordinates": [ 14.809332, 47.482745 ] } },
{ "type": "Feature", "properties": { "rand_point_id": 977 }, "geometry": { "type": "Point", "coordinates": [ 15.216817, 48.389009 ] } },
{ "type": "Feature", "properties": { "rand_point_id": 978 }, "geometry": { "type": "Point", "coordinates": [ 13.362696, 48.056406 ] } },
{ "type": "Feature", "properties": { "rand_point_id": 979 }, "geometry": { "type": "Point", "coordinates": [ 11.811765, 47.530845 ] } },
{ "type": "Feature", "properties": { "rand_point_id": 980 }, "geometry": { "type": "Point", "coordinates": [ 10.19349, 46.888551 ] } },
{ "type": "Feature", "properties": { "rand_point_id": 981 }, "geometry": { "type": "Point", "coordinates": [ 16.434005, 47.756116 ] } },
{ "type": "Feature", "properties": { "rand_point_id": 982 }, "geometry": { "type": "Point", "coordinates": [ 12.685403, 47.001645 ] } },
{ "type": "Feature", "properties": { "rand_point_id": 983 }, "geometry": { "type": "Point", "coordinates": [ 15.128723, 46.71638 ] } },
{ "type": "Feature", "properties": { "rand_point_id": 984 }, "geometry": { "type": "Point", "coordinates": [ 13.939226, 48.315928 ] } },
{ "type": "Feature", "properties": { "rand_point_id": 985 }, "geometry": { "type": "Point", "coordinates": [ 16.08234, 47.788737 ] } },
{ "type": "Feature", "properties": { "rand_point_id": 986 }, "geometry": { "type": "Point", "coordinates": [ 13.51554, 46.732725 ] } },
{ "type": "Feature", "properties": { "rand_point_id": 987 }, "geometry": { "type": "Point", "coordinates": [ 12.476262, 46.68972 ] } },
{ "type": "Feature", "properties": { "rand_point_id": 988 }, "geometry": { "type": "Point", "coordinates": [ 13.72892, 46.57887 ] } },
{ "type": "Feature", "properties": { "rand_point_id": 989 }, "geometry": { "type": "Point", "coordinates": [ 12.056517, 47.557528 ] } },
{ "type": "Feature", "properties": { "rand_point_id": 990 }, "geometry": { "type": "Point", "coordinates": [ 12.467027, 46.699431 ] } },
{ "type": "Feature", "properties": { "rand_point_id": 991 }, "geometry": { "type": "Point", "coordinates": [ 14.931147, 46.682853 ] } },
{ "type": "Feature", "properties": { "rand_point_id": 992 }, "geometry": { "type": "Point", "coordinates": [ 15.681969, 48.759849 ] } },
{ "type": "Feature", "properties": { "rand_point_id": 993 }, "geometry": { "type": "Point", "coordinates": [ 16.21822, 47.937884 ] } },
{ "type": "Feature", "properties": { "rand_point_id": 994 }, "geometry": { "type": "Point", "coordinates": [ 16.479468, 47.709595 ] } },
{ "type": "Feature", "properties": { "rand_point_id": 995 }, "geometry": { "type": "Point", "coordinates": [ 15.89762, 46.90738 ] } },
{ "type": "Feature", "properties": { "rand_point_id": 996 }, "geometry": { "type": "Point", "coordinates": [ 15.823866, 47.060554 ] } },
{ "type": "Feature", "properties": { "rand_point_id": 997 }, "geometry": { "type": "Point", "coordinates": [ 13.59107, 48.035819 ] } },
{ "type": "Feature", "properties": { "rand_point_id": 998 }, "geometry": { "type": "Point", "coordinates": [ 15.764926, 48.615559 ] } },
{ "type": "Feature", "properties": { "rand_point_id": 999 }, "geometry": { "type": "Point", "coordinates": [ 15.126897, 46.689207 ] } },
{ "type": "Feature", "properties": { "rand_point_id": 1000 }, "geometry": { "type": "Point", "coordinates": [ 16.874577, 48.702968 ] } },
{ "type": "Feature", "properties": { "rand_point_id": 1001 }, "geometry": { "type": "Point", "coordinates": [ 15.515396, 48.335764 ] } },
{ "type": "Feature", "properties": { "rand_point_id": 1002 }, "geometry": { "type": "Point", "coordinates": [ 16.827016, 47.721319 ] } },
{ "type": "Feature", "properties": { "rand_point_id": 1003 }, "geometry": { "type": "Point", "coordinates": [ 14.29281, 48.051057 ] } },
{ "type": "Feature", "properties": { "rand_point_id": 1004 }, "geometry": { "type": "Point", "coordinates": [ 14.409113, 46.894136 ] } },
{ "type": "Feature", "properties": { "rand_point_id": 1005 }, "geometry": { "type": "Point", "coordinates": [ 15.43385, 48.200934 ] } },
{ "type": "Feature", "properties": { "rand_point_id": 1006 }, "geometry": { "type": "Point", "coordinates": [ 13.201394, 46.605984 ] } },
{ "type": "Feature", "properties": { "rand_point_id": 1007 }, "geometry": { "type": "Point", "coordinates": [ 14.054855, 47.323419 ] } },
{ "type": "Feature", "properties": { "rand_point_id": 1008 }, "geometry": { "type": "Point", "coordinates": [ 16.020766, 46.691494 ] } },
{ "type": "Feature", "properties": { "rand_point_id": 1009 }, "geometry": { "type": "Point", "coordinates": [ 15.332265, 47.713724 ] } },
{ "type": "Feature", "properties": { "rand_point_id": 1010 }, "geometry": { "type": "Point", "coordinates": [ 10.761097, 47.322753 ] } },
{ "type": "Feature", "properties": { "rand_point_id": 1011 }, "geometry": { "type": "Point", "coordinates": [ 15.853179, 47.990904 ] } },
{ "type": "Feature", "properties": { "rand_point_id": 1012 }, "geometry": { "type": "Point", "coordinates": [ 14.989964, 48.072666 ] } },
{ "type": "Feature", "properties": { "rand_point_id": 1013 }, "geometry": { "type": "Point", "coordinates": [ 13.045719, 46.723043 ] } },
{ "type": "Feature", "properties": { "rand_point_id": 1014 }, "geometry": { "type": "Point", "coordinates": [ 11.934495, 47.075173 ] } },
{ "type": "Feature", "properties": { "rand_point_id": 1015 }, "geometry": { "type": "Point", "coordinates": [ 14.086023, 48.258912 ] } },
{ "type": "Feature", "properties": { "rand_point_id": 1016 }, "geometry": { "type": "Point", "coordinates": [ 12.106525, 47.609695 ] } },
{ "type": "Feature", "properties": { "rand_point_id": 1017 }, "geometry": { "type": "Point", "coordinates": [ 13.142606, 46.683357 ] } },
{ "type": "Feature", "properties": { "rand_point_id": 1018 }, "geometry": { "type": "Point", "coordinates": [ 15.347283, 47.627852 ] } },
{ "type": "Feature", "properties": { "rand_point_id": 1019 }, "geometry": { "type": "Point", "coordinates": [ 13.016356, 47.030302 ] } },
{ "type": "Feature", "properties": { "rand_point_id": 1020 }, "geometry": { "type": "Point", "coordinates": [ 15.099644, 46.797306 ] } },
{ "type": "Feature", "properties": { "rand_point_id": 1021 }, "geometry": { "type": "Point", "coordinates": [ 16.964134, 47.915594 ] } },
{ "type": "Feature", "properties": { "rand_point_id": 1022 }, "geometry": { "type": "Point", "coordinates": [ 14.047327, 47.5901 ] } },
{ "type": "Feature", "properties": { "rand_point_id": 1023 }, "geometry": { "type": "Point", "coordinates": [ 13.951275, 48.374525 ] } },
{ "type": "Feature", "properties": { "rand_point_id": 1024 }, "geometry": { "type": "Point", "coordinates": [ 12.878708, 46.686186 ] } },
{ "type": "Feature", "properties": { "rand_point_id": 1025 }, "geometry": { "type": "Point", "coordinates": [ 11.655562, 47.192159 ] } },
{ "type": "Feature", "properties": { "rand_point_id": 1026 }, "geometry": { "type": "Point", "coordinates": [ 13.02794, 47.106588 ] } },
{ "type": "Feature", "properties": { "rand_point_id": 1027 }, "geometry": { "type": "Point", "coordinates": [ 12.691569, 46.741707 ] } },
{ "type": "Feature", "properties": { "rand_point_id": 1028 }, "geometry": { "type": "Point", "coordinates": [ 11.514323, 47.070477 ] } },
{ "type": "Feature", "properties": { "rand_point_id": 1029 }, "geometry": { "type": "Point", "coordinates": [ 13.263659, 47.915293 ] } },
{ "type": "Feature", "properties": { "rand_point_id": 1030 }, "geometry": { "type": "Point", "coordinates": [ 16.703877, 48.614279 ] } },
{ "type": "Feature", "properties": { "rand_point_id": 1031 }, "geometry": { "type": "Point", "coordinates": [ 14.97594, 48.575494 ] } },
{ "type": "Feature", "properties": { "rand_point_id": 1032 }, "geometry": { "type": "Point", "coordinates": [ 13.401945, 46.650823 ] } },
{ "type": "Feature", "properties": { "rand_point_id": 1033 }, "geometry": { "type": "Point", "coordinates": [ 16.418802, 47.739697 ] } },
{ "type": "Feature", "properties": { "rand_point_id": 1034 }, "geometry": { "type": "Point", "coordinates": [ 12.874195, 46.856672 ] } },
{ "type": "Feature", "properties": { "rand_point_id": 1035 }, "geometry": { "type": "Point", "coordinates": [ 14.598161, 48.342135 ] } },
{ "type": "Feature", "properties": { "rand_point_id": 1036 }, "geometry": { "type": "Point", "coordinates": [ 15.093284, 48.162569 ] } },
{ "type": "Feature", "properties": { "rand_point_id": 1037 }, "geometry": { "type": "Point", "coordinates": [ 15.465352, 47.32678 ] } },
{ "type": "Feature", "properties": { "rand_point_id": 1038 }, "geometry": { "type": "Point", "coordinates": [ 16.337401, 47.881711 ] } },
{ "type": "Feature", "properties": { "rand_point_id": 1039 }, "geometry": { "type": "Point", "coordinates": [ 14.732773, 47.604707 ] } },
{ "type": "Feature", "properties": { "rand_point_id": 1040 }, "geometry": { "type": "Point", "coordinates": [ 13.099229, 47.621255 ] } },
{ "type": "Feature", "properties": { "rand_point_id": 1041 }, "geometry": { "type": "Point", "coordinates": [ 13.474538, 47.964942 ] } },
{ "type": "Feature", "properties": { "rand_point_id": 1042 }, "geometry": { "type": "Point", "coordinates": [ 13.594271, 48.004306 ] } },
{ "type": "Feature", "properties": { "rand_point_id": 1043 }, "geometry": { "type": "Point", "coordinates": [ 13.761033, 47.914703 ] } },
{ "type": "Feature", "properties": { "rand_point_id": 1044 }, "geometry": { "type": "Point", "coordinates": [ 14.623906, 48.001724 ] } },
{ "type": "Feature", "properties": { "rand_point_id": 1045 }, "geometry": { "type": "Point", "coordinates": [ 13.615689, 47.031022 ] } },
{ "type": "Feature", "properties": { "rand_point_id": 1046 }, "geometry": { "type": "Point", "coordinates": [ 10.619314, 47.247899 ] } },
{ "type": "Feature", "properties": { "rand_point_id": 1047 }, "geometry": { "type": "Point", "coordinates": [ 14.385231, 48.278921 ] } },
{ "type": "Feature", "properties": { "rand_point_id": 1048 }, "geometry": { "type": "Point", "coordinates": [ 15.410296, 48.679114 ] } },
{ "type": "Feature", "properties": { "rand_point_id": 1049 }, "geometry": { "type": "Point", "coordinates": [ 12.527192, 46.707084 ] } },
{ "type": "Feature", "properties": { "rand_point_id": 1050 }, "geometry": { "type": "Point", "coordinates": [ 15.145715, 48.547934 ] } },
{ "type": "Feature", "properties": { "rand_point_id": 1051 }, "geometry": { "type": "Point", "coordinates": [ 13.977328, 48.019614 ] } },
{ "type": "Feature", "properties": { "rand_point_id": 1052 }, "geometry": { "type": "Point", "coordinates": [ 15.832017, 48.456819 ] } },
{ "type": "Feature", "properties": { "rand_point_id": 1053 }, "geometry": { "type": "Point", "coordinates": [ 15.85642, 47.557547 ] } },
{ "type": "Feature", "properties": { "rand_point_id": 1054 }, "geometry": { "type": "Point", "coordinates": [ 13.545039, 48.482023 ] } },
{ "type": "Feature", "properties": { "rand_point_id": 1055 }, "geometry": { "type": "Point", "coordinates": [ 12.973128, 47.350175 ] } },
{ "type": "Feature", "properties": { "rand_point_id": 1056 }, "geometry": { "type": "Point", "coordinates": [ 12.489774, 46.708686 ] } },
{ "type": "Feature", "properties": { "rand_point_id": 1057 }, "geometry": { "type": "Point", "coordinates": [ 10.617903, 46.888717 ] } },
{ "type": "Feature", "properties": { "rand_point_id": 1058 }, "geometry": { "type": "Point", "coordinates": [ 9.899328, 47.133265 ] } },
{ "type": "Feature", "properties": { "rand_point_id": 1059 }, "geometry": { "type": "Point", "coordinates": [ 14.176611, 48.480206 ] } },
{ "type": "Feature", "properties": { "rand_point_id": 1060 }, "geometry": { "type": "Point", "coordinates": [ 13.150266, 46.99282 ] } },
{ "type": "Feature", "properties": { "rand_point_id": 1061 }, "geometry": { "type": "Point", "coordinates": [ 13.975804, 47.756193 ] } },
{ "type": "Feature", "properties": { "rand_point_id": 1062 }, "geometry": { "type": "Point", "coordinates": [ 9.798974, 47.267094 ] } },
{ "type": "Feature", "properties": { "rand_point_id": 1063 }, "geometry": { "type": "Point", "coordinates": [ 11.457745, 47.327395 ] } },
{ "type": "Feature", "properties": { "rand_point_id": 1064 }, "geometry": { "type": "Point", "coordinates": [ 13.777793, 48.208827 ] } },
{ "type": "Feature", "properties": { "rand_point_id": 1065 }, "geometry": { "type": "Point", "coordinates": [ 14.323431, 46.900803 ] } },
{ "type": "Feature", "properties": { "rand_point_id": 1066 }, "geometry": { "type": "Point", "coordinates": [ 16.380279, 48.399447 ] } },
{ "type": "Feature", "properties": { "rand_point_id": 1067 }, "geometry": { "type": "Point", "coordinates": [ 10.927224, 47.307163 ] } },
{ "type": "Feature", "properties": { "rand_point_id": 1068 }, "geometry": { "type": "Point", "coordinates": [ 14.741616, 47.036123 ] } },
{ "type": "Feature", "properties": { "rand_point_id": 1069 }, "geometry": { "type": "Point", "coordinates": [ 14.94104, 47.11693 ] } },
{ "type": "Feature", "properties": { "rand_point_id": 1070 }, "geometry": { "type": "Point", "coordinates": [ 15.512064, 47.394424 ] } },
{ "type": "Feature", "properties": { "rand_point_id": 1071 }, "geometry": { "type": "Point", "coordinates": [ 15.660497, 47.849511 ] } },
{ "type": "Feature", "properties": { "rand_point_id": 1072 }, "geometry": { "type": "Point", "coordinates": [ 10.889673, 47.440056 ] } },
{ "type": "Feature", "properties": { "rand_point_id": 1073 }, "geometry": { "type": "Point", "coordinates": [ 15.175337, 47.467488 ] } },
{ "type": "Feature", "properties": { "rand_point_id": 1074 }, "geometry": { "type": "Point", "coordinates": [ 15.298247, 48.175317 ] } },
{ "type": "Feature", "properties": { "rand_point_id": 1075 }, "geometry": { "type": "Point", "coordinates": [ 10.636342, 47.22933 ] } },
{ "type": "Feature", "properties": { "rand_point_id": 1076 }, "geometry": { "type": "Point", "coordinates": [ 15.888023, 48.782508 ] } },
{ "type": "Feature", "properties": { "rand_point_id": 1077 }, "geometry": { "type": "Point", "coordinates": [ 12.316209, 46.911336 ] } },
{ "type": "Feature", "properties": { "rand_point_id": 1078 }, "geometry": { "type": "Point", "coordinates": [ 9.577678, 47.247846 ] } },
{ "type": "Feature", "properties": { "rand_point_id": 1079 }, "geometry": { "type": "Point", "coordinates": [ 11.773273, 47.478147 ] } },
{ "type": "Feature", "properties": { "rand_point_id": 1080 }, "geometry": { "type": "Point", "coordinates": [ 12.539281, 47.261253 ] } },
{ "type": "Feature", "properties": { "rand_point_id": 1081 }, "geometry": { "type": "Point", "coordinates": [ 14.624546, 47.442877 ] } },
{ "type": "Feature", "properties": { "rand_point_id": 1082 }, "geometry": { "type": "Point", "coordinates": [ 15.986778, 48.685196 ] } },
{ "type": "Feature", "properties": { "rand_point_id": 1083 }, "geometry": { "type": "Point", "coordinates": [ 16.24242, 48.179594 ] } },
{ "type": "Feature", "properties": { "rand_point_id": 1084 }, "geometry": { "type": "Point", "coordinates": [ 14.467415, 46.960484 ] } },
{ "type": "Feature", "properties": { "rand_point_id": 1085 }, "geometry": { "type": "Point", "coordinates": [ 14.342523, 48.112775 ] } },
{ "type": "Feature", "properties": { "rand_point_id": 1086 }, "geometry": { "type": "Point", "coordinates": [ 14.211586, 48.142396 ] } },
{ "type": "Feature", "properties": { "rand_point_id": 1087 }, "geometry": { "type": "Point", "coordinates": [ 12.668069, 47.679661 ] } },
{ "type": "Feature", "properties": { "rand_point_id": 1088 }, "geometry": { "type": "Point", "coordinates": [ 16.815947, 48.383605 ] } },
{ "type": "Feature", "properties": { "rand_point_id": 1089 }, "geometry": { "type": "Point", "coordinates": [ 11.659349, 47.377143 ] } },
{ "type": "Feature", "properties": { "rand_point_id": 1090 }, "geometry": { "type": "Point", "coordinates": [ 14.117722, 47.189391 ] } },
{ "type": "Feature", "properties": { "rand_point_id": 1091 }, "geometry": { "type": "Point", "coordinates": [ 16.055482, 48.434711 ] } },
{ "type": "Feature", "properties": { "rand_point_id": 1092 }, "geometry": { "type": "Point", "coordinates": [ 16.27979, 47.131655 ] } },
{ "type": "Feature", "properties": { "rand_point_id": 1093 }, "geometry": { "type": "Point", "coordinates": [ 10.252413, 46.972699 ] } },
{ "type": "Feature", "properties": { "rand_point_id": 1094 }, "geometry": { "type": "Point", "coordinates": [ 16.373126, 47.229687 ] } },
{ "type": "Feature", "properties": { "rand_point_id": 1095 }, "geometry": { "type": "Point", "coordinates": [ 12.797674, 46.844842 ] } },
{ "type": "Feature", "properties": { "rand_point_id": 1096 }, "geometry": { "type": "Point", "coordinates": [ 15.504973, 48.100101 ] } },
{ "type": "Feature", "properties": { "rand_point_id": 1097 }, "geometry": { "type": "Point", "coordinates": [ 14.152193, 47.043012 ] } },
{ "type": "Feature", "properties": { "rand_point_id": 1098 }, "geometry": { "type": "Point", "coordinates": [ 11.94571, 47.528096 ] } },
{ "type": "Feature", "properties": { "rand_point_id": 1099 }, "geometry": { "type": "Point", "coordinates": [ 10.532758, 47.106988 ] } },
{ "type": "Feature", "properties": { "rand_point_id": 1100 }, "geometry": { "type": "Point", "coordinates": [ 15.324896, 47.028663 ] } },
{ "type": "Feature", "properties": { "rand_point_id": 1101 }, "geometry": { "type": "Point", "coordinates": [ 14.550574, 47.083957 ] } },
{ "type": "Feature", "properties": { "rand_point_id": 1102 }, "geometry": { "type": "Point", "coordinates": [ 14.034538, 46.801763 ] } },
{ "type": "Feature", "properties": { "rand_point_id": 1103 }, "geometry": { "type": "Point", "coordinates": [ 13.924659, 48.704556 ] } },
{ "type": "Feature", "properties": { "rand_point_id": 1104 }, "geometry": { "type": "Point", "coordinates": [ 14.062919, 48.326446 ] } },
{ "type": "Feature", "properties": { "rand_point_id": 1105 }, "geometry": { "type": "Point", "coordinates": [ 14.743259, 47.107446 ] } },
{ "type": "Feature", "properties": { "rand_point_id": 1106 }, "geometry": { "type": "Point", "coordinates": [ 16.68378, 48.202111 ] } },
{ "type": "Feature", "properties": { "rand_point_id": 1107 }, "geometry": { "type": "Point", "coordinates": [ 15.490231, 48.040913 ] } },
{ "type": "Feature", "properties": { "rand_point_id": 1108 }, "geometry": { "type": "Point", "coordinates": [ 15.076753, 48.015155 ] } },
{ "type": "Feature", "properties": { "rand_point_id": 1109 }, "geometry": { "type": "Point", "coordinates": [ 13.435923, 47.794871 ] } },
{ "type": "Feature", "properties": { "rand_point_id": 1110 }, "geometry": { "type": "Point", "coordinates": [ 12.957769, 46.784559 ] } },
{ "type": "Feature", "properties": { "rand_point_id": 1111 }, "geometry": { "type": "Point", "coordinates": [ 12.96952, 48.060104 ] } },
{ "type": "Feature", "properties": { "rand_point_id": 1112 }, "geometry": { "type": "Point", "coordinates": [ 14.141987, 47.468633 ] } },
{ "type": "Feature", "properties": { "rand_point_id": 1113 }, "geometry": { "type": "Point", "coordinates": [ 16.734883, 48.13561 ] } },
{ "type": "Feature", "properties": { "rand_point_id": 1114 }, "geometry": { "type": "Point", "coordinates": [ 10.934666, 47.343634 ] } },
{ "type": "Feature", "properties": { "rand_point_id": 1115 }, "geometry": { "type": "Point", "coordinates": [ 10.027168, 47.392126 ] } },
{ "type": "Feature", "properties": { "rand_point_id": 1116 }, "geometry": { "type": "Point", "coordinates": [ 13.411726, 48.321952 ] } },
{ "type": "Feature", "properties": { "rand_point_id": 1117 }, "geometry": { "type": "Point", "coordinates": [ 15.321334, 46.724366 ] } },
{ "type": "Feature", "properties": { "rand_point_id": 1118 }, "geometry": { "type": "Point", "coordinates": [ 11.687555, 47.471334 ] } },
{ "type": "Feature", "properties": { "rand_point_id": 1119 }, "geometry": { "type": "Point", "coordinates": [ 16.107462, 47.673987 ] } },
{ "type": "Feature", "properties": { "rand_point_id": 1120 }, "geometry": { "type": "Point", "coordinates": [ 13.248086, 47.084609 ] } },
{ "type": "Feature", "properties": { "rand_point_id": 1121 }, "geometry": { "type": "Point", "coordinates": [ 14.362812, 47.756758 ] } },
{ "type": "Feature", "properties": { "rand_point_id": 1122 }, "geometry": { "type": "Point", "coordinates": [ 16.362338, 47.270033 ] } },
{ "type": "Feature", "properties": { "rand_point_id": 1123 }, "geometry": { "type": "Point", "coordinates": [ 11.586769, 47.404207 ] } },
{ "type": "Feature", "properties": { "rand_point_id": 1124 }, "geometry": { "type": "Point", "coordinates": [ 16.390685, 47.839649 ] } },
{ "type": "Feature", "properties": { "rand_point_id": 1125 }, "geometry": { "type": "Point", "coordinates": [ 12.33192, 47.395334 ] } },
{ "type": "Feature", "properties": { "rand_point_id": 1126 }, "geometry": { "type": "Point", "coordinates": [ 14.994703, 48.204485 ] } },
{ "type": "Feature", "properties": { "rand_point_id": 1127 }, "geometry": { "type": "Point", "coordinates": [ 13.954957, 46.77828 ] } },
{ "type": "Feature", "properties": { "rand_point_id": 1128 }, "geometry": { "type": "Point", "coordinates": [ 12.524175, 47.332834 ] } },
{ "type": "Feature", "properties": { "rand_point_id": 1129 }, "geometry": { "type": "Point", "coordinates": [ 13.449281, 46.791883 ] } },
{ "type": "Feature", "properties": { "rand_point_id": 1130 }, "geometry": { "type": "Point", "coordinates": [ 10.691897, 46.974507 ] } },
{ "type": "Feature", "properties": { "rand_point_id": 1131 }, "geometry": { "type": "Point", "coordinates": [ 14.493664, 47.749802 ] } },
{ "type": "Feature", "properties": { "rand_point_id": 1132 }, "geometry": { "type": "Point", "coordinates": [ 15.171307, 48.408215 ] } },
{ "type": "Feature", "properties": { "rand_point_id": 1133 }, "geometry": { "type": "Point", "coordinates": [ 9.601552, 47.226949 ] } },
{ "type": "Feature", "properties": { "rand_point_id": 1134 }, "geometry": { "type": "Point", "coordinates": [ 16.813058, 47.910425 ] } },
{ "type": "Feature", "properties": { "rand_point_id": 1135 }, "geometry": { "type": "Point", "coordinates": [ 15.339907, 46.860902 ] } },
{ "type": "Feature", "properties": { "rand_point_id": 1136 }, "geometry": { "type": "Point", "coordinates": [ 11.277983, 47.122987 ] } },
{ "type": "Feature", "properties": { "rand_point_id": 1137 }, "geometry": { "type": "Point", "coordinates": [ 15.449373, 47.067837 ] } },
{ "type": "Feature", "properties": { "rand_point_id": 1138 }, "geometry": { "type": "Point", "coordinates": [ 16.665404, 48.456449 ] } },
{ "type": "Feature", "properties": { "rand_point_id": 1139 }, "geometry": { "type": "Point", "coordinates": [ 13.138023, 47.676183 ] } },
{ "type": "Feature", "properties": { "rand_point_id": 1140 }, "geometry": { "type": "Point", "coordinates": [ 13.358914, 47.74447 ] } },
{ "type": "Feature", "properties": { "rand_point_id": 1141 }, "geometry": { "type": "Point", "coordinates": [ 13.964387, 47.420386 ] } },
{ "type": "Feature", "properties": { "rand_point_id": 1142 }, "geometry": { "type": "Point", "coordinates": [ 14.651189, 47.999903 ] } },
{ "type": "Feature", "properties": { "rand_point_id": 1143 }, "geometry": { "type": "Point", "coordinates": [ 12.724428, 47.468387 ] } },
{ "type": "Feature", "properties": { "rand_point_id": 1144 }, "geometry": { "type": "Point", "coordinates": [ 12.929314, 46.966452 ] } },
{ "type": "Feature", "properties": { "rand_point_id": 1145 }, "geometry": { "type": "Point", "coordinates": [ 11.320198, 47.206513 ] } },
{ "type": "Feature", "properties": { "rand_point_id": 1146 }, "geometry": { "type": "Point", "coordinates": [ 15.01562, 48.962581 ] } },
{ "type": "Feature", "properties": { "rand_point_id": 1147 }, "geometry": { "type": "Point", "coordinates": [ 16.332126, 47.063877 ] } },
{ "type": "Feature", "properties": { "rand_point_id": 1148 }, "geometry": { "type": "Point", "coordinates": [ 14.842677, 47.551404 ] } },
{ "type": "Feature", "properties": { "rand_point_id": 1149 }, "geometry": { "type": "Point", "coordinates": [ 15.425354, 47.816537 ] } },
{ "type": "Feature", "properties": { "rand_point_id": 1150 }, "geometry": { "type": "Point", "coordinates": [ 13.602766, 46.858416 ] } },
{ "type": "Feature", "properties": { "rand_point_id": 1151 }, "geometry": { "type": "Point", "coordinates": [ 16.055393, 47.875631 ] } },
{ "type": "Feature", "properties": { "rand_point_id": 1152 }, "geometry": { "type": "Point", "coordinates": [ 12.210001, 47.199001 ] } },
{ "type": "Feature", "properties": { "rand_point_id": 1153 }, "geometry": { "type": "Point", "coordinates": [ 12.004169, 47.546003 ] } },
{ "type": "Feature", "properties": { "rand_point_id": 1154 }, "geometry": { "type": "Point", "coordinates": [ 14.997939, 47.929628 ] } },
{ "type": "Feature", "properties": { "rand_point_id": 1155 }, "geometry": { "type": "Point", "coordinates": [ 16.070925, 48.249276 ] } },
{ "type": "Feature", "properties": { "rand_point_id": 1156 }, "geometry": { "type": "Point", "coordinates": [ 13.718617, 48.089006 ] } },
{ "type": "Feature", "properties": { "rand_point_id": 1157 }, "geometry": { "type": "Point", "coordinates": [ 13.858393, 46.681293 ] } },
{ "type": "Feature", "properties": { "rand_point_id": 1158 }, "geometry": { "type": "Point", "coordinates": [ 12.389272, 47.501779 ] } },
{ "type": "Feature", "properties": { "rand_point_id": 1159 }, "geometry": { "type": "Point", "coordinates": [ 14.749601, 48.302289 ] } },
{ "type": "Feature", "properties": { "rand_point_id": 1160 }, "geometry": { "type": "Point", "coordinates": [ 13.893348, 48.068866 ] } },
{ "type": "Feature", "properties": { "rand_point_id": 1161 }, "geometry": { "type": "Point", "coordinates": [ 11.802373, 47.068598 ] } },
{ "type": "Feature", "properties": { "rand_point_id": 1162 }, "geometry": { "type": "Point", "coordinates": [ 14.521559, 47.017841 ] } },
{ "type": "Feature", "properties": { "rand_point_id": 1163 }, "geometry": { "type": "Point", "coordinates": [ 13.077352, 48.262194 ] } },
{ "type": "Feature", "properties": { "rand_point_id": 1164 }, "geometry": { "type": "Point", "coordinates": [ 12.503982, 47.405345 ] } },
{ "type": "Feature", "properties": { "rand_point_id": 1165 }, "geometry": { "type": "Point", "coordinates": [ 10.296081, 47.289635 ] } },
{ "type": "Feature", "properties": { "rand_point_id": 1166 }, "geometry": { "type": "Point", "coordinates": [ 15.352358, 48.807014 ] } },
{ "type": "Feature", "properties": { "rand_point_id": 1167 }, "geometry": { "type": "Point", "coordinates": [ 12.927144, 46.797876 ] } },
{ "type": "Feature", "properties": { "rand_point_id": 1168 }, "geometry": { "type": "Point", "coordinates": [ 14.398418, 46.880843 ] } },
{ "type": "Feature", "properties": { "rand_point_id": 1169 }, "geometry": { "type": "Point", "coordinates": [ 13.42565, 46.585959 ] } },
{ "type": "Feature", "properties": { "rand_point_id": 1170 }, "geometry": { "type": "Point", "coordinates": [ 12.985647, 47.252981 ] } },
{ "type": "Feature", "properties": { "rand_point_id": 1171 }, "geometry": { "type": "Point", "coordinates": [ 13.132434, 46.848594 ] } },
{ "type": "Feature", "properties": { "rand_point_id": 1172 }, "geometry": { "type": "Point", "coordinates": [ 15.404183, 46.654654 ] } },
{ "type": "Feature", "properties": { "rand_point_id": 1173 }, "geometry": { "type": "Point", "coordinates": [ 14.778637, 47.219714 ] } },
{ "type": "Feature", "properties": { "rand_point_id": 1174 }, "geometry": { "type": "Point", "coordinates": [ 15.414049, 48.338672 ] } },
{ "type": "Feature", "properties": { "rand_point_id": 1175 }, "geometry": { "type": "Point", "coordinates": [ 16.800202, 48.191024 ] } },
{ "type": "Feature", "properties": { "rand_point_id": 1176 }, "geometry": { "type": "Point", "coordinates": [ 14.850044, 48.362692 ] } },
{ "type": "Feature", "properties": { "rand_point_id": 1177 }, "geometry": { "type": "Point", "coordinates": [ 10.784669, 47.141454 ] } },
{ "type": "Feature", "properties": { "rand_point_id": 1178 }, "geometry": { "type": "Point", "coordinates": [ 12.249551, 47.666728 ] } },
{ "type": "Feature", "properties": { "rand_point_id": 1179 }, "geometry": { "type": "Point", "coordinates": [ 14.885314, 47.205853 ] } },
{ "type": "Feature", "properties": { "rand_point_id": 1180 }, "geometry": { "type": "Point", "coordinates": [ 10.161394, 47.178847 ] } },
{ "type": "Feature", "properties": { "rand_point_id": 1181 }, "geometry": { "type": "Point", "coordinates": [ 14.896838, 47.1972 ] } },
{ "type": "Feature", "properties": { "rand_point_id": 1182 }, "geometry": { "type": "Point", "coordinates": [ 13.379703, 47.291727 ] } },
{ "type": "Feature", "properties": { "rand_point_id": 1183 }, "geometry": { "type": "Point", "coordinates": [ 10.827323, 47.405511 ] } },
{ "type": "Feature", "properties": { "rand_point_id": 1184 }, "geometry": { "type": "Point", "coordinates": [ 16.427123, 48.666232 ] } },
{ "type": "Feature", "properties": { "rand_point_id": 1185 }, "geometry": { "type": "Point", "coordinates": [ 15.64135, 47.638632 ] } },
{ "type": "Feature", "properties": { "rand_point_id": 1186 }, "geometry": { "type": "Point", "coordinates": [ 14.337551, 48.466086 ] } },
{ "type": "Feature", "properties": { "rand_point_id": 1187 }, "geometry": { "type": "Point", "coordinates": [ 14.73079, 47.239623 ] } },
{ "type": "Feature", "properties": { "rand_point_id": 1188 }, "geometry": { "type": "Point", "coordinates": [ 14.767076, 47.66545 ] } },
{ "type": "Feature", "properties": { "rand_point_id": 1189 }, "geometry": { "type": "Point", "coordinates": [ 16.195793, 47.296836 ] } },
{ "type": "Feature", "properties": { "rand_point_id": 1190 }, "geometry": { "type": "Point", "coordinates": [ 13.384001, 47.589871 ] } },
{ "type": "Feature", "properties": { "rand_point_id": 1191 }, "geometry": { "type": "Point", "coordinates": [ 13.358199, 47.19252 ] } },
{ "type": "Feature", "properties": { "rand_point_id": 1192 }, "geometry": { "type": "Point", "coordinates": [ 15.049227, 47.494399 ] } },
{ "type": "Feature", "properties": { "rand_point_id": 1193 }, "geometry": { "type": "Point", "coordinates": [ 12.179655, 47.307682 ] } },
{ "type": "Feature", "properties": { "rand_point_id": 1194 }, "geometry": { "type": "Point", "coordinates": [ 15.819393, 46.810949 ] } },
{ "type": "Feature", "properties": { "rand_point_id": 1195 }, "geometry": { "type": "Point", "coordinates": [ 14.313875, 48.020036 ] } },
{ "type": "Feature", "properties": { "rand_point_id": 1196 }, "geometry": { "type": "Point", "coordinates": [ 15.007733, 47.555292 ] } },
{ "type": "Feature", "properties": { "rand_point_id": 1197 }, "geometry": { "type": "Point", "coordinates": [ 13.795529, 48.516051 ] } },
{ "type": "Feature", "properties": { "rand_point_id": 1198 }, "geometry": { "type": "Point", "coordinates": [ 16.24048, 47.072989 ] } },
{ "type": "Feature", "properties": { "rand_point_id": 1199 }, "geometry": { "type": "Point", "coordinates": [ 13.598578, 47.269733 ] } },
{ "type": "Feature", "properties": { "rand_point_id": 1200 }, "geometry": { "type": "Point", "coordinates": [ 14.863139, 46.6514 ] } },
{ "type": "Feature", "properties": { "rand_point_id": 1201 }, "geometry": { "type": "Point", "coordinates": [ 9.63148, 47.202889 ] } },
{ "type": "Feature", "properties": { "rand_point_id": 1202 }, "geometry": { "type": "Point", "coordinates": [ 15.149067, 47.787904 ] } },
{ "type": "Feature", "properties": { "rand_point_id": 1203 }, "geometry": { "type": "Point", "coordinates": [ 15.144833, 46.749582 ] } },
{ "type": "Feature", "properties": { "rand_point_id": 1204 }, "geometry": { "type": "Point", "coordinates": [ 13.96348, 47.84418 ] } },
{ "type": "Feature", "properties": { "rand_point_id": 1205 }, "geometry": { "type": "Point", "coordinates": [ 10.644481, 47.543126 ] } },
{ "type": "Feature", "properties": { "rand_point_id": 1206 }, "geometry": { "type": "Point", "coordinates": [ 13.010752, 46.675716 ] } },
{ "type": "Feature", "properties": { "rand_point_id": 1207 }, "geometry": { "type": "Point", "coordinates": [ 15.467455, 48.610196 ] } },
{ "type": "Feature", "properties": { "rand_point_id": 1208 }, "geometry": { "type": "Point", "coordinates": [ 14.523027, 46.725756 ] } },
{ "type": "Feature", "properties": { "rand_point_id": 1209 }, "geometry": { "type": "Point", "coordinates": [ 15.872802, 48.176617 ] } },
{ "type": "Feature", "properties": { "rand_point_id": 1210 }, "geometry": { "type": "Point", "coordinates": [ 11.090019, 47.365789 ] } },
{ "type": "Feature", "properties": { "rand_point_id": 1211 }, "geometry": { "type": "Point", "coordinates": [ 12.353553, 47.672201 ] } },
{ "type": "Feature", "properties": { "rand_point_id": 1212 }, "geometry": { "type": "Point", "coordinates": [ 12.035974, 47.127446 ] } },
{ "type": "Feature", "properties": { "rand_point_id": 1213 }, "geometry": { "type": "Point", "coordinates": [ 14.321464, 46.818155 ] } },
{ "type": "Feature", "properties": { "rand_point_id": 1214 }, "geometry": { "type": "Point", "coordinates": [ 16.625787, 48.420133 ] } },
{ "type": "Feature", "properties": { "rand_point_id": 1215 }, "geometry": { "type": "Point", "coordinates": [ 15.500524, 47.256871 ] } },
{ "type": "Feature", "properties": { "rand_point_id": 1216 }, "geometry": { "type": "Point", "coordinates": [ 13.277966, 46.799405 ] } },
{ "type": "Feature", "properties": { "rand_point_id": 1217 }, "geometry": { "type": "Point", "coordinates": [ 14.470549, 47.361972 ] } },
{ "type": "Feature", "properties": { "rand_point_id": 1218 }, "geometry": { "type": "Point", "coordinates": [ 14.44363, 48.367732 ] } },
{ "type": "Feature", "properties": { "rand_point_id": 1219 }, "geometry": { "type": "Point", "coordinates": [ 14.226239, 47.564813 ] } },
{ "type": "Feature", "properties": { "rand_point_id": 1220 }, "geometry": { "type": "Point", "coordinates": [ 15.158432, 48.645401 ] } },
{ "type": "Feature", "properties": { "rand_point_id": 1221 }, "geometry": { "type": "Point", "coordinates": [ 16.491574, 47.769282 ] } },
{ "type": "Feature", "properties": { "rand_point_id": 1222 }, "geometry": { "type": "Point", "coordinates": [ 15.123354, 48.934874 ] } },
{ "type": "Feature", "properties": { "rand_point_id": 1223 }, "geometry": { "type": "Point", "coordinates": [ 14.526866, 47.533207 ] } },
{ "type": "Feature", "properties": { "rand_point_id": 1224 }, "geometry": { "type": "Point", "coordinates": [ 16.680263, 48.224014 ] } },
{ "type": "Feature", "properties": { "rand_point_id": 1225 }, "geometry": { "type": "Point", "coordinates": [ 16.091398, 47.55868 ] } },
{ "type": "Feature", "properties": { "rand_point_id": 1226 }, "geometry": { "type": "Point", "coordinates": [ 15.385449, 48.363538 ] } },
{ "type": "Feature", "properties": { "rand_point_id": 1227 }, "geometry": { "type": "Point", "coordinates": [ 16.494839, 48.120787 ] } },
{ "type": "Feature", "properties": { "rand_point_id": 1228 }, "geometry": { "type": "Point", "coordinates": [ 12.925312, 47.147632 ] } },
{ "type": "Feature", "properties": { "rand_point_id": 1229 }, "geometry": { "type": "Point", "coordinates": [ 10.751511, 47.263829 ] } },
{ "type": "Feature", "properties": { "rand_point_id": 1230 }, "geometry": { "type": "Point", "coordinates": [ 14.861626, 47.09462 ] } },
{ "type": "Feature", "properties": { "rand_point_id": 1231 }, "geometry": { "type": "Point", "coordinates": [ 13.629455, 47.842563 ] } },
{ "type": "Feature", "properties": { "rand_point_id": 1232 }, "geometry": { "type": "Point", "coordinates": [ 12.766676, 47.508263 ] } },
{ "type": "Feature", "properties": { "rand_point_id": 1233 }, "geometry": { "type": "Point", "coordinates": [ 15.492773, 48.072038 ] } },
{ "type": "Feature", "properties": { "rand_point_id": 1234 }, "geometry": { "type": "Point", "coordinates": [ 12.714758, 47.294994 ] } },
{ "type": "Feature", "properties": { "rand_point_id": 1235 }, "geometry": { "type": "Point", "coordinates": [ 15.031065, 48.651416 ] } },
{ "type": "Feature", "properties": { "rand_point_id": 1236 }, "geometry": { "type": "Point", "coordinates": [ 16.140079, 47.504181 ] } },
{ "type": "Feature", "properties": { "rand_point_id": 1237 }, "geometry": { "type": "Point", "coordinates": [ 14.540699, 47.772748 ] } },
{ "type": "Feature", "properties": { "rand_point_id": 1238 }, "geometry": { "type": "Point", "coordinates": [ 16.149895, 46.924294 ] } },
{ "type": "Feature", "properties": { "rand_point_id": 1239 }, "geometry": { "type": "Point", "coordinates": [ 14.574476, 47.95319 ] } },
{ "type": "Feature", "properties": { "rand_point_id": 1240 }, "geometry": { "type": "Point", "coordinates": [ 14.496248, 46.530946 ] } },
{ "type": "Feature", "properties": { "rand_point_id": 1241 }, "geometry": { "type": "Point", "coordinates": [ 11.341611, 47.22252 ] } },
{ "type": "Feature", "properties": { "rand_point_id": 1242 }, "geometry": { "type": "Point", "coordinates": [ 15.564962, 48.644956 ] } },
{ "type": "Feature", "properties": { "rand_point_id": 1243 }, "geometry": { "type": "Point", "coordinates": [ 10.440556, 47.081876 ] } },
{ "type": "Feature", "properties": { "rand_point_id": 1244 }, "geometry": { "type": "Point", "coordinates": [ 16.0273, 48.219534 ] } },
{ "type": "Feature", "properties": { "rand_point_id": 1245 }, "geometry": { "type": "Point", "coordinates": [ 10.348303, 47.017272 ] } },
{ "type": "Feature", "properties": { "rand_point_id": 1246 }, "geometry": { "type": "Point", "coordinates": [ 13.206965, 47.012804 ] } },
{ "type": "Feature", "properties": { "rand_point_id": 1247 }, "geometry": { "type": "Point", "coordinates": [ 14.451145, 47.602606 ] } },
{ "type": "Feature", "properties": { "rand_point_id": 1248 }, "geometry": { "type": "Point", "coordinates": [ 11.47125, 47.159128 ] } },
{ "type": "Feature", "properties": { "rand_point_id": 1249 }, "geometry": { "type": "Point", "coordinates": [ 13.376426, 46.580843 ] } },
{ "type": "Feature", "properties": { "rand_point_id": 1250 }, "geometry": { "type": "Point", "coordinates": [ 11.716934, 47.359525 ] } },
{ "type": "Feature", "properties": { "rand_point_id": 1251 }, "geometry": { "type": "Point", "coordinates": [ 14.366869, 46.487966 ] } },
{ "type": "Feature", "properties": { "rand_point_id": 1252 }, "geometry": { "type": "Point", "coordinates": [ 16.601962, 47.520999 ] } },
{ "type": "Feature", "properties": { "rand_point_id": 1253 }, "geometry": { "type": "Point", "coordinates": [ 15.52631, 48.428415 ] } },
{ "type": "Feature", "properties": { "rand_point_id": 1254 }, "geometry": { "type": "Point", "coordinates": [ 12.522566, 47.443229 ] } },
{ "type": "Feature", "properties": { "rand_point_id": 1255 }, "geometry": { "type": "Point", "coordinates": [ 16.349394, 47.683895 ] } },
{ "type": "Feature", "properties": { "rand_point_id": 1256 }, "geometry": { "type": "Point", "coordinates": [ 14.232561, 47.447398 ] } },
{ "type": "Feature", "properties": { "rand_point_id": 1257 }, "geometry": { "type": "Point", "coordinates": [ 14.010357, 47.611798 ] } },
{ "type": "Feature", "properties": { "rand_point_id": 1258 }, "geometry": { "type": "Point", "coordinates": [ 13.353096, 48.195238 ] } },
{ "type": "Feature", "properties": { "rand_point_id": 1259 }, "geometry": { "type": "Point", "coordinates": [ 9.813687, 47.183676 ] } },
{ "type": "Feature", "properties": { "rand_point_id": 1260 }, "geometry": { "type": "Point", "coordinates": [ 15.325552, 47.578831 ] } },
{ "type": "Feature", "properties": { "rand_point_id": 1261 }, "geometry": { "type": "Point", "coordinates": [ 13.472944, 47.086838 ] } },
{ "type": "Feature", "properties": { "rand_point_id": 1262 }, "geometry": { "type": "Point", "coordinates": [ 14.626739, 47.490368 ] } },
{ "type": "Feature", "properties": { "rand_point_id": 1263 }, "geometry": { "type": "Point", "coordinates": [ 13.845, 46.9965 ] } },
{ "type": "Feature", "properties": { "rand_point_id": 1264 }, "geometry": { "type": "Point", "coordinates": [ 16.870685, 48.664557 ] } },
{ "type": "Feature", "properties": { "rand_point_id": 1265 }, "geometry": { "type": "Point", "coordinates": [ 15.258019, 48.586667 ] } },
{ "type": "Feature", "properties": { "rand_point_id": 1266 }, "geometry": { "type": "Point", "coordinates": [ 13.332817, 47.170269 ] } },
{ "type": "Feature", "properties": { "rand_point_id": 1267 }, "geometry": { "type": "Point", "coordinates": [ 13.322442, 47.146539 ] } },
{ "type": "Feature", "properties": { "rand_point_id": 1268 }, "geometry": { "type": "Point", "coordinates": [ 16.132233, 48.15275 ] } },
{ "type": "Feature", "properties": { "rand_point_id": 1269 }, "geometry": { "type": "Point", "coordinates": [ 16.017973, 48.108473 ] } },
{ "type": "Feature", "properties": { "rand_point_id": 1270 }, "geometry": { "type": "Point", "coordinates": [ 13.160207, 47.342975 ] } },
{ "type": "Feature", "properties": { "rand_point_id": 1271 }, "geometry": { "type": "Point", "coordinates": [ 9.808337, 47.390293 ] } },
{ "type": "Feature", "properties": { "rand_point_id": 1272 }, "geometry": { "type": "Point", "coordinates": [ 14.692179, 48.307047 ] } },
{ "type": "Feature", "properties": { "rand_point_id": 1273 }, "geometry": { "type": "Point", "coordinates": [ 12.177185, 47.269225 ] } },
{ "type": "Feature", "properties": { "rand_point_id": 1274 }, "geometry": { "type": "Point", "coordinates": [ 14.652977, 47.746815 ] } },
{ "type": "Feature", "properties": { "rand_point_id": 1275 }, "geometry": { "type": "Point", "coordinates": [ 16.015555, 48.382618 ] } },
{ "type": "Feature", "properties": { "rand_point_id": 1276 }, "geometry": { "type": "Point", "coordinates": [ 16.018777, 47.349561 ] } },
{ "type": "Feature", "properties": { "rand_point_id": 1277 }, "geometry": { "type": "Point", "coordinates": [ 11.849726, 47.233082 ] } },
{ "type": "Feature", "properties": { "rand_point_id": 1278 }, "geometry": { "type": "Point", "coordinates": [ 13.480016, 47.869408 ] } },
{ "type": "Feature", "properties": { "rand_point_id": 1279 }, "geometry": { "type": "Point", "coordinates": [ 14.905025, 47.219633 ] } },
{ "type": "Feature", "properties": { "rand_point_id": 1280 }, "geometry": { "type": "Point", "coordinates": [ 11.189761, 47.419798 ] } },
{ "type": "Feature", "properties": { "rand_point_id": 1281 }, "geometry": { "type": "Point", "coordinates": [ 14.142569, 46.628956 ] } },
{ "type": "Feature", "properties": { "rand_point_id": 1282 }, "geometry": { "type": "Point", "coordinates": [ 10.377901, 47.058694 ] } },
{ "type": "Feature", "properties": { "rand_point_id": 1283 }, "geometry": { "type": "Point", "coordinates": [ 15.481932, 47.280578 ] } },
{ "type": "Feature", "properties": { "rand_point_id": 1284 }, "geometry": { "type": "Point", "coordinates": [ 13.993556, 46.767883 ] } },
{ "type": "Feature", "properties": { "rand_point_id": 1285 }, "geometry": { "type": "Point", "coordinates": [ 14.517926, 46.497674 ] } },
{ "type": "Feature", "properties": { "rand_point_id": 1286 }, "geometry": { "type": "Point", "coordinates": [ 15.015466, 48.302933 ] } },
{ "type": "Feature", "properties": { "rand_point_id": 1287 }, "geometry": { "type": "Point", "coordinates": [ 13.910181, 47.8314 ] } },
{ "type": "Feature", "properties": { "rand_point_id": 1288 }, "geometry": { "type": "Point", "coordinates": [ 13.196757, 47.572637 ] } },
{ "type": "Feature", "properties": { "rand_point_id": 1289 }, "geometry": { "type": "Point", "coordinates": [ 11.963062, 47.336792 ] } },
{ "type": "Feature", "properties": { "rand_point_id": 1290 }, "geometry": { "type": "Point", "coordinates": [ 14.916739, 48.588506 ] } },
{ "type": "Feature", "properties": { "rand_point_id": 1291 }, "geometry": { "type": "Point", "coordinates": [ 15.856672, 46.908235 ] } },
{ "type": "Feature", "properties": { "rand_point_id": 1292 }, "geometry": { "type": "Point", "coordinates": [ 13.60086, 48.07889 ] } },
{ "type": "Feature", "properties": { "rand_point_id": 1293 }, "geometry": { "type": "Point", "coordinates": [ 16.741959, 48.272886 ] } },
{ "type": "Feature", "properties": { "rand_point_id": 1294 }, "geometry": { "type": "Point", "coordinates": [ 14.030688, 48.100918 ] } },
{ "type": "Feature", "properties": { "rand_point_id": 1295 }, "geometry": { "type": "Point", "coordinates": [ 9.840865, 47.163375 ] } },
{ "type": "Feature", "properties": { "rand_point_id": 1296 }, "geometry": { "type": "Point", "coordinates": [ 16.476224, 48.670138 ] } },
{ "type": "Feature", "properties": { "rand_point_id": 1297 }, "geometry": { "type": "Point", "coordinates": [ 13.71872, 47.182979 ] } },
{ "type": "Feature", "properties": { "rand_point_id": 1298 }, "geometry": { "type": "Point", "coordinates": [ 11.420167, 47.187178 ] } },
{ "type": "Feature", "properties": { "rand_point_id": 1299 }, "geometry": { "type": "Point", "coordinates": [ 17.032116, 47.809259 ] } },
{ "type": "Feature", "properties": { "rand_point_id": 1300 }, "geometry": { "type": "Point", "coordinates": [ 16.443864, 48.607016 ] } },
{ "type": "Feature", "properties": { "rand_point_id": 1301 }, "geometry": { "type": "Point", "coordinates": [ 14.64729, 48.067959 ] } },
{ "type": "Feature", "properties": { "rand_point_id": 1302 }, "geometry": { "type": "Point", "coordinates": [ 11.550397, 47.393923 ] } },
{ "type": "Feature", "properties": { "rand_point_id": 1303 }, "geometry": { "type": "Point", "coordinates": [ 16.14751, 48.183424 ] } },
{ "type": "Feature", "properties": { "rand_point_id": 1304 }, "geometry": { "type": "Point", "coordinates": [ 16.23464, 47.487155 ] } },
{ "type": "Feature", "properties": { "rand_point_id": 1305 }, "geometry": { "type": "Point", "coordinates": [ 15.742152, 48.407986 ] } },
{ "type": "Feature", "properties": { "rand_point_id": 1306 }, "geometry": { "type": "Point", "coordinates": [ 15.393581, 48.883713 ] } },
{ "type": "Feature", "properties": { "rand_point_id": 1307 }, "geometry": { "type": "Point", "coordinates": [ 14.941531, 48.103933 ] } },
{ "type": "Feature", "properties": { "rand_point_id": 1308 }, "geometry": { "type": "Point", "coordinates": [ 12.108013, 47.395232 ] } },
{ "type": "Feature", "properties": { "rand_point_id": 1309 }, "geometry": { "type": "Point", "coordinates": [ 13.524164, 47.414409 ] } },
{ "type": "Feature", "properties": { "rand_point_id": 1310 }, "geometry": { "type": "Point", "coordinates": [ 14.61501, 46.817866 ] } },
{ "type": "Feature", "properties": { "rand_point_id": 1311 }, "geometry": { "type": "Point", "coordinates": [ 14.90753, 48.595019 ] } },
{ "type": "Feature", "properties": { "rand_point_id": 1312 }, "geometry": { "type": "Point", "coordinates": [ 15.049402, 47.079444 ] } },
{ "type": "Feature", "properties": { "rand_point_id": 1313 }, "geometry": { "type": "Point", "coordinates": [ 10.42643, 47.085595 ] } },
{ "type": "Feature", "properties": { "rand_point_id": 1314 }, "geometry": { "type": "Point", "coordinates": [ 16.27661, 48.252348 ] } },
{ "type": "Feature", "properties": { "rand_point_id": 1315 }, "geometry": { "type": "Point", "coordinates": [ 16.44929, 47.04237 ] } },
{ "type": "Feature", "properties": { "rand_point_id": 1316 }, "geometry": { "type": "Point", "coordinates": [ 15.219329, 47.82322 ] } },
{ "type": "Feature", "properties": { "rand_point_id": 1317 }, "geometry": { "type": "Point", "coordinates": [ 15.174881, 48.648677 ] } },
{ "type": "Feature", "properties": { "rand_point_id": 1318 }, "geometry": { "type": "Point", "coordinates": [ 14.3102, 47.551982 ] } },
{ "type": "Feature", "properties": { "rand_point_id": 1319 }, "geometry": { "type": "Point", "coordinates": [ 15.681473, 48.485721 ] } },
{ "type": "Feature", "properties": { "rand_point_id": 1320 }, "geometry": { "type": "Point", "coordinates": [ 10.790188, 47.467438 ] } },
{ "type": "Feature", "properties": { "rand_point_id": 1321 }, "geometry": { "type": "Point", "coordinates": [ 14.43335, 47.321755 ] } },
{ "type": "Feature", "properties": { "rand_point_id": 1322 }, "geometry": { "type": "Point", "coordinates": [ 13.465357, 48.014367 ] } },
{ "type": "Feature", "properties": { "rand_point_id": 1323 }, "geometry": { "type": "Point", "coordinates": [ 15.156516, 46.724877 ] } },
{ "type": "Feature", "properties": { "rand_point_id": 1324 }, "geometry": { "type": "Point", "coordinates": [ 14.720037, 48.475054 ] } },
{ "type": "Feature", "properties": { "rand_point_id": 1325 }, "geometry": { "type": "Point", "coordinates": [ 13.96551, 46.745037 ] } },
{ "type": "Feature", "properties": { "rand_point_id": 1326 }, "geometry": { "type": "Point", "coordinates": [ 10.040464, 47.11295 ] } },
{ "type": "Feature", "properties": { "rand_point_id": 1327 }, "geometry": { "type": "Point", "coordinates": [ 12.697601, 47.662939 ] } },
{ "type": "Feature", "properties": { "rand_point_id": 1328 }, "geometry": { "type": "Point", "coordinates": [ 12.088807, 47.194918 ] } },
{ "type": "Feature", "properties": { "rand_point_id": 1329 }, "geometry": { "type": "Point", "coordinates": [ 16.827893, 47.849758 ] } },
{ "type": "Feature", "properties": { "rand_point_id": 1330 }, "geometry": { "type": "Point", "coordinates": [ 13.82441, 47.181967 ] } },
{ "type": "Feature", "properties": { "rand_point_id": 1331 }, "geometry": { "type": "Point", "coordinates": [ 10.616757, 46.934682 ] } },
{ "type": "Feature", "properties": { "rand_point_id": 1332 }, "geometry": { "type": "Point", "coordinates": [ 16.375212, 47.009501 ] } },
{ "type": "Feature", "properties": { "rand_point_id": 1333 }, "geometry": { "type": "Point", "coordinates": [ 15.520852, 48.349711 ] } },
{ "type": "Feature", "properties": { "rand_point_id": 1334 }, "geometry": { "type": "Point", "coordinates": [ 15.401257, 46.903507 ] } },
{ "type": "Feature", "properties": { "rand_point_id": 1335 }, "geometry": { "type": "Point", "coordinates": [ 16.078758, 47.650926 ] } },
{ "type": "Feature", "properties": { "rand_point_id": 1336 }, "geometry": { "type": "Point", "coordinates": [ 16.636268, 48.592306 ] } },
{ "type": "Feature", "properties": { "rand_point_id": 1337 }, "geometry": { "type": "Point", "coordinates": [ 11.104018, 47.040205 ] } },
{ "type": "Feature", "properties": { "rand_point_id": 1338 }, "geometry": { "type": "Point", "coordinates": [ 10.737083, 46.972815 ] } },
{ "type": "Feature", "properties": { "rand_point_id": 1339 }, "geometry": { "type": "Point", "coordinates": [ 14.61272, 47.35339 ] } },
{ "type": "Feature", "properties": { "rand_point_id": 1340 }, "geometry": { "type": "Point", "coordinates": [ 13.440519, 48.122236 ] } },
{ "type": "Feature", "properties": { "rand_point_id": 1341 }, "geometry": { "type": "Point", "coordinates": [ 14.696134, 47.127552 ] } },
{ "type": "Feature", "properties": { "rand_point_id": 1342 }, "geometry": { "type": "Point", "coordinates": [ 13.566596, 47.351773 ] } },
{ "type": "Feature", "properties": { "rand_point_id": 1343 }, "geometry": { "type": "Point", "coordinates": [ 12.719747, 46.68989 ] } },
{ "type": "Feature", "properties": { "rand_point_id": 1344 }, "geometry": { "type": "Point", "coordinates": [ 16.363115, 47.53339 ] } },
{ "type": "Feature", "properties": { "rand_point_id": 1345 }, "geometry": { "type": "Point", "coordinates": [ 15.545929, 48.433849 ] } },
{ "type": "Feature", "properties": { "rand_point_id": 1346 }, "geometry": { "type": "Point", "coordinates": [ 16.082733, 47.974105 ] } },
{ "type": "Feature", "properties": { "rand_point_id": 1347 }, "geometry": { "type": "Point", "coordinates": [ 16.165964, 47.452949 ] } },
{ "type": "Feature", "properties": { "rand_point_id": 1348 }, "geometry": { "type": "Point", "coordinates": [ 16.617513, 48.108351 ] } },
{ "type": "Feature", "properties": { "rand_point_id": 1349 }, "geometry": { "type": "Point", "coordinates": [ 14.521834, 46.95961 ] } },
{ "type": "Feature", "properties": { "rand_point_id": 1350 }, "geometry": { "type": "Point", "coordinates": [ 16.87049, 47.857617 ] } },
{ "type": "Feature", "properties": { "rand_point_id": 1351 }, "geometry": { "type": "Point", "coordinates": [ 16.31979, 47.303536 ] } },
{ "type": "Feature", "properties": { "rand_point_id": 1352 }, "geometry": { "type": "Point", "coordinates": [ 14.193213, 46.693959 ] } },
{ "type": "Feature", "properties": { "rand_point_id": 1353 }, "geometry": { "type": "Point", "coordinates": [ 13.998868, 47.247723 ] } },
{ "type": "Feature", "properties": { "rand_point_id": 1354 }, "geometry": { "type": "Point", "coordinates": [ 16.143025, 47.444636 ] } },
{ "type": "Feature", "properties": { "rand_point_id": 1355 }, "geometry": { "type": "Point", "coordinates": [ 13.782506, 47.214112 ] } },
{ "type": "Feature", "properties": { "rand_point_id": 1356 }, "geometry": { "type": "Point", "coordinates": [ 15.2379, 48.295648 ] } },
{ "type": "Feature", "properties": { "rand_point_id": 1357 }, "geometry": { "type": "Point", "coordinates": [ 15.892712, 47.757931 ] } },
{ "type": "Feature", "properties": { "rand_point_id": 1358 }, "geometry": { "type": "Point", "coordinates": [ 14.414066, 48.53523 ] } },
{ "type": "Feature", "properties": { "rand_point_id": 1359 }, "geometry": { "type": "Point", "coordinates": [ 9.91867, 47.33469 ] } },
{ "type": "Feature", "properties": { "rand_point_id": 1360 }, "geometry": { "type": "Point", "coordinates": [ 15.621242, 46.90947 ] } },
{ "type": "Feature", "properties": { "rand_point_id": 1361 }, "geometry": { "type": "Point", "coordinates": [ 13.886948, 48.077114 ] } },
{ "type": "Feature", "properties": { "rand_point_id": 1362 }, "geometry": { "type": "Point", "coordinates": [ 14.89482, 46.927627 ] } },
{ "type": "Feature", "properties": { "rand_point_id": 1363 }, "geometry": { "type": "Point", "coordinates": [ 15.95503, 47.090623 ] } },
{ "type": "Feature", "properties": { "rand_point_id": 1364 }, "geometry": { "type": "Point", "coordinates": [ 13.246117, 48.199363 ] } },
{ "type": "Feature", "properties": { "rand_point_id": 1365 }, "geometry": { "type": "Point", "coordinates": [ 13.621909, 47.324319 ] } },
{ "type": "Feature", "properties": { "rand_point_id": 1366 }, "geometry": { "type": "Point", "coordinates": [ 13.666215, 46.96563 ] } },
{ "type": "Feature", "properties": { "rand_point_id": 1367 }, "geometry": { "type": "Point", "coordinates": [ 14.394435, 47.906658 ] } },
{ "type": "Feature", "properties": { "rand_point_id": 1368 }, "geometry": { "type": "Point", "coordinates": [ 10.338771, 47.278166 ] } },
{ "type": "Feature", "properties": { "rand_point_id": 1369 }, "geometry": { "type": "Point", "coordinates": [ 15.536458, 47.374839 ] } },
{ "type": "Feature", "properties": { "rand_point_id": 1370 }, "geometry": { "type": "Point", "coordinates": [ 15.323186, 48.560137 ] } },
{ "type": "Feature", "properties": { "rand_point_id": 1371 }, "geometry": { "type": "Point", "coordinates": [ 13.227573, 47.41379 ] } },
{ "type": "Feature", "properties": { "rand_point_id": 1372 }, "geometry": { "type": "Point", "coordinates": [ 16.9764, 48.084499 ] } },
{ "type": "Feature", "properties": { "rand_point_id": 1373 }, "geometry": { "type": "Point", "coordinates": [ 14.375144, 48.139341 ] } },
{ "type": "Feature", "properties": { "rand_point_id": 1374 }, "geometry": { "type": "Point", "coordinates": [ 13.863208, 47.853173 ] } },
{ "type": "Feature", "properties": { "rand_point_id": 1375 }, "geometry": { "type": "Point", "coordinates": [ 15.219471, 46.999972 ] } },
{ "type": "Feature", "properties": { "rand_point_id": 1376 }, "geometry": { "type": "Point", "coordinates": [ 14.578258, 46.885907 ] } },
{ "type": "Feature", "properties": { "rand_point_id": 1377 }, "geometry": { "type": "Point", "coordinates": [ 16.773011, 48.69464 ] } },
{ "type": "Feature", "properties": { "rand_point_id": 1378 }, "geometry": { "type": "Point", "coordinates": [ 16.214208, 47.671417 ] } },
{ "type": "Feature", "properties": { "rand_point_id": 1379 }, "geometry": { "type": "Point", "coordinates": [ 13.286442, 46.90335 ] } },
{ "type": "Feature", "properties": { "rand_point_id": 1380 }, "geometry": { "type": "Point", "coordinates": [ 12.909766, 46.701146 ] } },
{ "type": "Feature", "properties": { "rand_point_id": 1381 }, "geometry": { "type": "Point", "coordinates": [ 12.80542, 46.643237 ] } },
{ "type": "Feature", "properties": { "rand_point_id": 1382 }, "geometry": { "type": "Point", "coordinates": [ 12.360092, 47.30207 ] } },
{ "type": "Feature", "properties": { "rand_point_id": 1383 }, "geometry": { "type": "Point", "coordinates": [ 15.557111, 47.226933 ] } },
{ "type": "Feature", "properties": { "rand_point_id": 1384 }, "geometry": { "type": "Point", "coordinates": [ 15.329636, 47.989061 ] } },
{ "type": "Feature", "properties": { "rand_point_id": 1385 }, "geometry": { "type": "Point", "coordinates": [ 14.220716, 46.607073 ] } },
{ "type": "Feature", "properties": { "rand_point_id": 1386 }, "geometry": { "type": "Point", "coordinates": [ 12.930642, 46.948045 ] } },
{ "type": "Feature", "properties": { "rand_point_id": 1387 }, "geometry": { "type": "Point", "coordinates": [ 16.767112, 47.810485 ] } },
{ "type": "Feature", "properties": { "rand_point_id": 1388 }, "geometry": { "type": "Point", "coordinates": [ 16.935948, 48.556279 ] } },
{ "type": "Feature", "properties": { "rand_point_id": 1389 }, "geometry": { "type": "Point", "coordinates": [ 14.507816, 48.02134 ] } },
{ "type": "Feature", "properties": { "rand_point_id": 1390 }, "geometry": { "type": "Point", "coordinates": [ 13.999153, 48.27263 ] } },
{ "type": "Feature", "properties": { "rand_point_id": 1391 }, "geometry": { "type": "Point", "coordinates": [ 15.725817, 48.741294 ] } },
{ "type": "Feature", "properties": { "rand_point_id": 1392 }, "geometry": { "type": "Point", "coordinates": [ 16.108612, 48.611243 ] } },
{ "type": "Feature", "properties": { "rand_point_id": 1393 }, "geometry": { "type": "Point", "coordinates": [ 12.938318, 47.067222 ] } },
{ "type": "Feature", "properties": { "rand_point_id": 1394 }, "geometry": { "type": "Point", "coordinates": [ 15.32438, 48.406416 ] } },
{ "type": "Feature", "properties": { "rand_point_id": 1395 }, "geometry": { "type": "Point", "coordinates": [ 12.856636, 47.289319 ] } },
{ "type": "Feature", "properties": { "rand_point_id": 1396 }, "geometry": { "type": "Point", "coordinates": [ 13.113962, 47.273856 ] } },
{ "type": "Feature", "properties": { "rand_point_id": 1397 }, "geometry": { "type": "Point", "coordinates": [ 15.434972, 47.74265 ] } },
{ "type": "Feature", "properties": { "rand_point_id": 1398 }, "geometry": { "type": "Point", "coordinates": [ 15.045715, 48.186412 ] } },
{ "type": "Feature", "properties": { "rand_point_id": 1399 }, "geometry": { "type": "Point", "coordinates": [ 15.677555, 48.768583 ] } },
{ "type": "Feature", "properties": { "rand_point_id": 1400 }, "geometry": { "type": "Point", "coordinates": [ 16.072645, 47.926432 ] } },
{ "type": "Feature", "properties": { "rand_point_id": 1401 }, "geometry": { "type": "Point", "coordinates": [ 9.569244, 47.240078 ] } },
{ "type": "Feature", "properties": { "rand_point_id": 1402 }, "geometry": { "type": "Point", "coordinates": [ 11.515282, 47.354978 ] } },
{ "type": "Feature", "properties": { "rand_point_id": 1403 }, "geometry": { "type": "Point", "coordinates": [ 15.029531, 48.068972 ] } },
{ "type": "Feature", "properties": { "rand_point_id": 1404 }, "geometry": { "type": "Point", "coordinates": [ 10.849752, 47.295074 ] } },
{ "type": "Feature", "properties": { "rand_point_id": 1405 }, "geometry": { "type": "Point", "coordinates": [ 16.415859, 48.668586 ] } },
{ "type": "Feature", "properties": { "rand_point_id": 1406 }, "geometry": { "type": "Point", "coordinates": [ 11.913273, 47.371037 ] } },
{ "type": "Feature", "properties": { "rand_point_id": 1407 }, "geometry": { "type": "Point", "coordinates": [ 13.113206, 48.065876 ] } },
{ "type": "Feature", "properties": { "rand_point_id": 1408 }, "geometry": { "type": "Point", "coordinates": [ 15.084906, 48.535071 ] } },
{ "type": "Feature", "properties": { "rand_point_id": 1409 }, "geometry": { "type": "Point", "coordinates": [ 14.478699, 47.390952 ] } },
{ "type": "Feature", "properties": { "rand_point_id": 1410 }, "geometry": { "type": "Point", "coordinates": [ 14.274513, 46.782661 ] } },
{ "type": "Feature", "properties": { "rand_point_id": 1411 }, "geometry": { "type": "Point", "coordinates": [ 10.670064, 47.295694 ] } },
{ "type": "Feature", "properties": { "rand_point_id": 1412 }, "geometry": { "type": "Point", "coordinates": [ 14.942401, 46.78572 ] } },
{ "type": "Feature", "properties": { "rand_point_id": 1413 }, "geometry": { "type": "Point", "coordinates": [ 13.762346, 48.105789 ] } },
{ "type": "Feature", "properties": { "rand_point_id": 1414 }, "geometry": { "type": "Point", "coordinates": [ 15.86205, 47.165868 ] } },
{ "type": "Feature", "properties": { "rand_point_id": 1415 }, "geometry": { "type": "Point", "coordinates": [ 16.013389, 48.204298 ] } },
{ "type": "Feature", "properties": { "rand_point_id": 1416 }, "geometry": { "type": "Point", "coordinates": [ 14.155531, 46.95371 ] } },
{ "type": "Feature", "properties": { "rand_point_id": 1417 }, "geometry": { "type": "Point", "coordinates": [ 15.416316, 48.343185 ] } },
{ "type": "Feature", "properties": { "rand_point_id": 1418 }, "geometry": { "type": "Point", "coordinates": [ 13.665252, 47.164322 ] } },
{ "type": "Feature", "properties": { "rand_point_id": 1419 }, "geometry": { "type": "Point", "coordinates": [ 14.8776, 47.164405 ] } },
{ "type": "Feature", "properties": { "rand_point_id": 1420 }, "geometry": { "type": "Point", "coordinates": [ 13.131257, 47.262866 ] } },
{ "type": "Feature", "properties": { "rand_point_id": 1421 }, "geometry": { "type": "Point", "coordinates": [ 14.711944, 48.137525 ] } },
{ "type": "Feature", "properties": { "rand_point_id": 1422 }, "geometry": { "type": "Point", "coordinates": [ 13.75461, 47.421126 ] } },
{ "type": "Feature", "properties": { "rand_point_id": 1423 }, "geometry": { "type": "Point", "coordinates": [ 15.138622, 48.19509 ] } },
{ "type": "Feature", "properties": { "rand_point_id": 1424 }, "geometry": { "type": "Point", "coordinates": [ 15.673614, 46.737076 ] } },
{ "type": "Feature", "properties": { "rand_point_id": 1425 }, "geometry": { "type": "Point", "coordinates": [ 16.216644, 47.47701 ] } },
{ "type": "Feature", "properties": { "rand_point_id": 1426 }, "geometry": { "type": "Point", "coordinates": [ 15.641878, 48.847495 ] } },
{ "type": "Feature", "properties": { "rand_point_id": 1427 }, "geometry": { "type": "Point", "coordinates": [ 16.420404, 48.456965 ] } },
{ "type": "Feature", "properties": { "rand_point_id": 1428 }, "geometry": { "type": "Point", "coordinates": [ 15.766902, 48.838365 ] } },
{ "type": "Feature", "properties": { "rand_point_id": 1429 }, "geometry": { "type": "Point", "coordinates": [ 16.222498, 47.156543 ] } },
{ "type": "Feature", "properties": { "rand_point_id": 1430 }, "geometry": { "type": "Point", "coordinates": [ 14.846165, 48.336452 ] } },
{ "type": "Feature", "properties": { "rand_point_id": 1431 }, "geometry": { "type": "Point", "coordinates": [ 16.376753, 47.568123 ] } },
{ "type": "Feature", "properties": { "rand_point_id": 1432 }, "geometry": { "type": "Point", "coordinates": [ 13.054254, 46.693701 ] } },
{ "type": "Feature", "properties": { "rand_point_id": 1433 }, "geometry": { "type": "Point", "coordinates": [ 14.325209, 47.599334 ] } },
{ "type": "Feature", "properties": { "rand_point_id": 1434 }, "geometry": { "type": "Point", "coordinates": [ 15.275306, 46.992269 ] } },
{ "type": "Feature", "properties": { "rand_point_id": 1435 }, "geometry": { "type": "Point", "coordinates": [ 10.495854, 47.51142 ] } },
{ "type": "Feature", "properties": { "rand_point_id": 1436 }, "geometry": { "type": "Point", "coordinates": [ 14.697215, 48.067937 ] } },
{ "type": "Feature", "properties": { "rand_point_id": 1437 }, "geometry": { "type": "Point", "coordinates": [ 16.227528, 48.481525 ] } },
{ "type": "Feature", "properties": { "rand_point_id": 1438 }, "geometry": { "type": "Point", "coordinates": [ 14.62378, 46.449403 ] } },
{ "type": "Feature", "properties": { "rand_point_id": 1439 }, "geometry": { "type": "Point", "coordinates": [ 13.178609, 47.724305 ] } },
{ "type": "Feature", "properties": { "rand_point_id": 1440 }, "geometry": { "type": "Point", "coordinates": [ 14.769488, 48.142219 ] } },
{ "type": "Feature", "properties": { "rand_point_id": 1441 }, "geometry": { "type": "Point", "coordinates": [ 16.509701, 47.14397 ] } },
{ "type": "Feature", "properties": { "rand_point_id": 1442 }, "geometry": { "type": "Point", "coordinates": [ 14.221444, 47.928141 ] } },
{ "type": "Feature", "properties": { "rand_point_id": 1443 }, "geometry": { "type": "Point", "coordinates": [ 14.459129, 47.438217 ] } },
{ "type": "Feature", "properties": { "rand_point_id": 1444 }, "geometry": { "type": "Point", "coordinates": [ 16.633802, 48.643565 ] } },
{ "type": "Feature", "properties": { "rand_point_id": 1445 }, "geometry": { "type": "Point", "coordinates": [ 9.657561, 47.221926 ] } },
{ "type": "Feature", "properties": { "rand_point_id": 1446 }, "geometry": { "type": "Point", "coordinates": [ 15.999725, 47.453026 ] } },
{ "type": "Feature", "properties": { "rand_point_id": 1447 }, "geometry": { "type": "Point", "coordinates": [ 15.446593, 48.590173 ] } },
{ "type": "Feature", "properties": { "rand_point_id": 1448 }, "geometry": { "type": "Point", "coordinates": [ 10.978501, 47.351523 ] } },
{ "type": "Feature", "properties": { "rand_point_id": 1449 }, "geometry": { "type": "Point", "coordinates": [ 16.075215, 48.574234 ] } },
{ "type": "Feature", "properties": { "rand_point_id": 1450 }, "geometry": { "type": "Point", "coordinates": [ 14.181401, 47.445774 ] } },
{ "type": "Feature", "properties": { "rand_point_id": 1451 }, "geometry": { "type": "Point", "coordinates": [ 16.317353, 48.470639 ] } },
{ "type": "Feature", "properties": { "rand_point_id": 1452 }, "geometry": { "type": "Point", "coordinates": [ 14.928147, 48.56506 ] } },
{ "type": "Feature", "properties": { "rand_point_id": 1453 }, "geometry": { "type": "Point", "coordinates": [ 10.99413, 46.822812 ] } },
{ "type": "Feature", "properties": { "rand_point_id": 1454 }, "geometry": { "type": "Point", "coordinates": [ 9.559001, 47.224755 ] } },
{ "type": "Feature", "properties": { "rand_point_id": 1455 }, "geometry": { "type": "Point", "coordinates": [ 15.695949, 48.003148 ] } },
{ "type": "Feature", "properties": { "rand_point_id": 1456 }, "geometry": { "type": "Point", "coordinates": [ 14.417684, 47.709339 ] } },
{ "type": "Feature", "properties": { "rand_point_id": 1457 }, "geometry": { "type": "Point", "coordinates": [ 16.602305, 48.245854 ] } },
{ "type": "Feature", "properties": { "rand_point_id": 1458 }, "geometry": { "type": "Point", "coordinates": [ 14.400075, 48.305746 ] } },
{ "type": "Feature", "properties": { "rand_point_id": 1459 }, "geometry": { "type": "Point", "coordinates": [ 12.982403, 46.94646 ] } },
{ "type": "Feature", "properties": { "rand_point_id": 1460 }, "geometry": { "type": "Point", "coordinates": [ 13.373013, 46.911022 ] } },
{ "type": "Feature", "properties": { "rand_point_id": 1461 }, "geometry": { "type": "Point", "coordinates": [ 15.406409, 46.899938 ] } },
{ "type": "Feature", "properties": { "rand_point_id": 1462 }, "geometry": { "type": "Point", "coordinates": [ 16.287122, 48.292848 ] } },
{ "type": "Feature", "properties": { "rand_point_id": 1463 }, "geometry": { "type": "Point", "coordinates": [ 13.539868, 47.708557 ] } },
{ "type": "Feature", "properties": { "rand_point_id": 1464 }, "geometry": { "type": "Point", "coordinates": [ 15.994068, 46.810257 ] } },
{ "type": "Feature", "properties": { "rand_point_id": 1465 }, "geometry": { "type": "Point", "coordinates": [ 14.926356, 46.742224 ] } },
{ "type": "Feature", "properties": { "rand_point_id": 1466 }, "geometry": { "type": "Point", "coordinates": [ 13.155139, 47.341383 ] } },
{ "type": "Feature", "properties": { "rand_point_id": 1467 }, "geometry": { "type": "Point", "coordinates": [ 15.142805, 48.872914 ] } },
{ "type": "Feature", "properties": { "rand_point_id": 1468 }, "geometry": { "type": "Point", "coordinates": [ 15.297421, 47.977235 ] } },
{ "type": "Feature", "properties": { "rand_point_id": 1469 }, "geometry": { "type": "Point", "coordinates": [ 15.850537, 48.84485 ] } },
{ "type": "Feature", "properties": { "rand_point_id": 1470 }, "geometry": { "type": "Point", "coordinates": [ 16.729392, 48.529283 ] } },
{ "type": "Feature", "properties": { "rand_point_id": 1471 }, "geometry": { "type": "Point", "coordinates": [ 13.414896, 46.577198 ] } },
{ "type": "Feature", "properties": { "rand_point_id": 1472 }, "geometry": { "type": "Point", "coordinates": [ 14.342658, 46.831966 ] } },
{ "type": "Feature", "properties": { "rand_point_id": 1473 }, "geometry": { "type": "Point", "coordinates": [ 13.885695, 48.198335 ] } },
{ "type": "Feature", "properties": { "rand_point_id": 1474 }, "geometry": { "type": "Point", "coordinates": [ 14.086282, 47.968536 ] } },
{ "type": "Feature", "properties": { "rand_point_id": 1475 }, "geometry": { "type": "Point", "coordinates": [ 14.292401, 46.741409 ] } },
{ "type": "Feature", "properties": { "rand_point_id": 1476 }, "geometry": { "type": "Point", "coordinates": [ 13.302467, 47.863555 ] } },
{ "type": "Feature", "properties": { "rand_point_id": 1477 }, "geometry": { "type": "Point", "coordinates": [ 16.344611, 47.420808 ] } },
{ "type": "Feature", "properties": { "rand_point_id": 1478 }, "geometry": { "type": "Point", "coordinates": [ 14.028576, 46.502592 ] } },
{ "type": "Feature", "properties": { "rand_point_id": 1479 }, "geometry": { "type": "Point", "coordinates": [ 12.403357, 47.528068 ] } },
{ "type": "Feature", "properties": { "rand_point_id": 1480 }, "geometry": { "type": "Point", "coordinates": [ 10.914552, 46.913486 ] } },
{ "type": "Feature", "properties": { "rand_point_id": 1481 }, "geometry": { "type": "Point", "coordinates": [ 15.209586, 47.252271 ] } },
{ "type": "Feature", "properties": { "rand_point_id": 1482 }, "geometry": { "type": "Point", "coordinates": [ 14.665395, 46.771811 ] } },
{ "type": "Feature", "properties": { "rand_point_id": 1483 }, "geometry": { "type": "Point", "coordinates": [ 13.083287, 48.083181 ] } },
{ "type": "Feature", "properties": { "rand_point_id": 1484 }, "geometry": { "type": "Point", "coordinates": [ 16.844244, 48.682877 ] } },
{ "type": "Feature", "properties": { "rand_point_id": 1485 }, "geometry": { "type": "Point", "coordinates": [ 10.465453, 47.276291 ] } },
{ "type": "Feature", "properties": { "rand_point_id": 1486 }, "geometry": { "type": "Point", "coordinates": [ 14.427604, 48.44549 ] } },
{ "type": "Feature", "properties": { "rand_point_id": 1487 }, "geometry": { "type": "Point", "coordinates": [ 15.223151, 48.081036 ] } },
{ "type": "Feature", "properties": { "rand_point_id": 1488 }, "geometry": { "type": "Point", "coordinates": [ 13.472572, 47.811684 ] } },
{ "type": "Feature", "properties": { "rand_point_id": 1489 }, "geometry": { "type": "Point", "coordinates": [ 14.454967, 46.70458 ] } },
{ "type": "Feature", "properties": { "rand_point_id": 1490 }, "geometry": { "type": "Point", "coordinates": [ 13.810291, 47.143594 ] } },
{ "type": "Feature", "properties": { "rand_point_id": 1491 }, "geometry": { "type": "Point", "coordinates": [ 10.65718, 47.202874 ] } },
{ "type": "Feature", "properties": { "rand_point_id": 1492 }, "geometry": { "type": "Point", "coordinates": [ 14.197338, 46.53862 ] } },
{ "type": "Feature", "properties": { "rand_point_id": 1493 }, "geometry": { "type": "Point", "coordinates": [ 15.764368, 48.161169 ] } },
{ "type": "Feature", "properties": { "rand_point_id": 1494 }, "geometry": { "type": "Point", "coordinates": [ 15.640186, 47.084885 ] } },
{ "type": "Feature", "properties": { "rand_point_id": 1495 }, "geometry": { "type": "Point", "coordinates": [ 15.628217, 47.157997 ] } },
{ "type": "Feature", "properties": { "rand_point_id": 1496 }, "geometry": { "type": "Point", "coordinates": [ 9.915542, 47.452574 ] } },
{ "type": "Feature", "properties": { "rand_point_id": 1497 }, "geometry": { "type": "Point", "coordinates": [ 15.91237, 48.492241 ] } },
{ "type": "Feature", "properties": { "rand_point_id": 1498 }, "geometry": { "type": "Point", "coordinates": [ 13.846037, 48.332062 ] } },
{ "type": "Feature", "properties": { "rand_point_id": 1499 }, "geometry": { "type": "Point", "coordinates": [ 14.879446, 48.001009 ] } },
{ "type": "Feature", "properties": { "rand_point_id": 1500 }, "geometry": { "type": "Point", "coordinates": [ 16.0508, 47.249248 ] } },
{ "type": "Feature", "properties": { "rand_point_id": 1501 }, "geometry": { "type": "Point", "coordinates": [ 16.111886, 48.49681 ] } },
{ "type": "Feature", "properties": { "rand_point_id": 1502 }, "geometry": { "type": "Point", "coordinates": [ 16.913723, 47.833549 ] } },
{ "type": "Feature", "properties": { "rand_point_id": 1503 }, "geometry": { "type": "Point", "coordinates": [ 14.421858, 47.090433 ] } },
{ "type": "Feature", "properties": { "rand_point_id": 1504 }, "geometry": { "type": "Point", "coordinates": [ 12.247529, 46.978201 ] } },
{ "type": "Feature", "properties": { "rand_point_id": 1505 }, "geometry": { "type": "Point", "coordinates": [ 15.312892, 46.752256 ] } },
{ "type": "Feature", "properties": { "rand_point_id": 1506 }, "geometry": { "type": "Point", "coordinates": [ 13.483808, 46.619424 ] } },
{ "type": "Feature", "properties": { "rand_point_id": 1507 }, "geometry": { "type": "Point", "coordinates": [ 14.503507, 46.426957 ] } },
{ "type": "Feature", "properties": { "rand_point_id": 1508 }, "geometry": { "type": "Point", "coordinates": [ 14.71928, 47.84051 ] } },
{ "type": "Feature", "properties": { "rand_point_id": 1509 }, "geometry": { "type": "Point", "coordinates": [ 10.840463, 47.040505 ] } },
{ "type": "Feature", "properties": { "rand_point_id": 1510 }, "geometry": { "type": "Point", "coordinates": [ 15.442726, 48.63812 ] } },
{ "type": "Feature", "properties": { "rand_point_id": 1511 }, "geometry": { "type": "Point", "coordinates": [ 13.31069, 46.693328 ] } },
{ "type": "Feature", "properties": { "rand_point_id": 1512 }, "geometry": { "type": "Point", "coordinates": [ 10.824533, 47.214494 ] } },
{ "type": "Feature", "properties": { "rand_point_id": 1513 }, "geometry": { "type": "Point", "coordinates": [ 11.302574, 47.036548 ] } },
{ "type": "Feature", "properties": { "rand_point_id": 1514 }, "geometry": { "type": "Point", "coordinates": [ 14.020224, 47.002253 ] } },
{ "type": "Feature", "properties": { "rand_point_id": 1515 }, "geometry": { "type": "Point", "coordinates": [ 11.637751, 47.278465 ] } },
{ "type": "Feature", "properties": { "rand_point_id": 1516 }, "geometry": { "type": "Point", "coordinates": [ 15.014901, 48.328751 ] } },
{ "type": "Feature", "properties": { "rand_point_id": 1517 }, "geometry": { "type": "Point", "coordinates": [ 14.883875, 47.675792 ] } },
{ "type": "Feature", "properties": { "rand_point_id": 1518 }, "geometry": { "type": "Point", "coordinates": [ 10.31914, 47.290286 ] } },
{ "type": "Feature", "properties": { "rand_point_id": 1519 }, "geometry": { "type": "Point", "coordinates": [ 16.418499, 47.651732 ] } },
{ "type": "Feature", "properties": { "rand_point_id": 1520 }, "geometry": { "type": "Point", "coordinates": [ 10.601499, 47.299864 ] } },
{ "type": "Feature", "properties": { "rand_point_id": 1521 }, "geometry": { "type": "Point", "coordinates": [ 12.461079, 47.122775 ] } },
{ "type": "Feature", "properties": { "rand_point_id": 1522 }, "geometry": { "type": "Point", "coordinates": [ 15.553038, 48.291267 ] } },
{ "type": "Feature", "properties": { "rand_point_id": 1523 }, "geometry": { "type": "Point", "coordinates": [ 15.223539, 47.864289 ] } },
{ "type": "Feature", "properties": { "rand_point_id": 1524 }, "geometry": { "type": "Point", "coordinates": [ 14.825296, 46.705728 ] } },
{ "type": "Feature", "properties": { "rand_point_id": 1525 }, "geometry": { "type": "Point", "coordinates": [ 15.644309, 47.018227 ] } },
{ "type": "Feature", "properties": { "rand_point_id": 1526 }, "geometry": { "type": "Point", "coordinates": [ 14.084281, 48.009547 ] } },
{ "type": "Feature", "properties": { "rand_point_id": 1527 }, "geometry": { "type": "Point", "coordinates": [ 15.880054, 47.675819 ] } },
{ "type": "Feature", "properties": { "rand_point_id": 1528 }, "geometry": { "type": "Point", "coordinates": [ 15.542878, 47.984084 ] } },
{ "type": "Feature", "properties": { "rand_point_id": 1529 }, "geometry": { "type": "Point", "coordinates": [ 13.355191, 47.707267 ] } },
{ "type": "Feature", "properties": { "rand_point_id": 1530 }, "geometry": { "type": "Point", "coordinates": [ 16.674652, 48.564356 ] } },
{ "type": "Feature", "properties": { "rand_point_id": 1531 }, "geometry": { "type": "Point", "coordinates": [ 12.939936, 46.935173 ] } },
{ "type": "Feature", "properties": { "rand_point_id": 1532 }, "geometry": { "type": "Point", "coordinates": [ 10.724877, 47.364531 ] } },
{ "type": "Feature", "properties": { "rand_point_id": 1533 }, "geometry": { "type": "Point", "coordinates": [ 12.846687, 46.696594 ] } },
{ "type": "Feature", "properties": { "rand_point_id": 1534 }, "geometry": { "type": "Point", "coordinates": [ 16.755907, 48.670949 ] } },
{ "type": "Feature", "properties": { "rand_point_id": 1535 }, "geometry": { "type": "Point", "coordinates": [ 15.974392, 48.180949 ] } },
{ "type": "Feature", "properties": { "rand_point_id": 1536 }, "geometry": { "type": "Point", "coordinates": [ 12.300509, 47.151031 ] } },
{ "type": "Feature", "properties": { "rand_point_id": 1537 }, "geometry": { "type": "Point", "coordinates": [ 10.196964, 47.353623 ] } },
{ "type": "Feature", "properties": { "rand_point_id": 1538 }, "geometry": { "type": "Point", "coordinates": [ 13.859523, 47.111174 ] } },
{ "type": "Feature", "properties": { "rand_point_id": 1539 }, "geometry": { "type": "Point", "coordinates": [ 11.313722, 47.192331 ] } },
{ "type": "Feature", "properties": { "rand_point_id": 1540 }, "geometry": { "type": "Point", "coordinates": [ 15.090445, 48.54625 ] } },
{ "type": "Feature", "properties": { "rand_point_id": 1541 }, "geometry": { "type": "Point", "coordinates": [ 16.37034, 47.958991 ] } },
{ "type": "Feature", "properties": { "rand_point_id": 1542 }, "geometry": { "type": "Point", "coordinates": [ 14.947743, 47.809986 ] } },
{ "type": "Feature", "properties": { "rand_point_id": 1543 }, "geometry": { "type": "Point", "coordinates": [ 11.074458, 47.310011 ] } },
{ "type": "Feature", "properties": { "rand_point_id": 1544 }, "geometry": { "type": "Point", "coordinates": [ 12.301092, 47.675547 ] } },
{ "type": "Feature", "properties": { "rand_point_id": 1545 }, "geometry": { "type": "Point", "coordinates": [ 15.34236, 46.78275 ] } },
{ "type": "Feature", "properties": { "rand_point_id": 1546 }, "geometry": { "type": "Point", "coordinates": [ 16.748627, 47.937972 ] } },
{ "type": "Feature", "properties": { "rand_point_id": 1547 }, "geometry": { "type": "Point", "coordinates": [ 12.333746, 47.292847 ] } },
{ "type": "Feature", "properties": { "rand_point_id": 1548 }, "geometry": { "type": "Point", "coordinates": [ 12.568787, 46.75405 ] } },
{ "type": "Feature", "properties": { "rand_point_id": 1549 }, "geometry": { "type": "Point", "coordinates": [ 15.821276, 46.815904 ] } },
{ "type": "Feature", "properties": { "rand_point_id": 1550 }, "geometry": { "type": "Point", "coordinates": [ 13.736327, 48.003318 ] } },
{ "type": "Feature", "properties": { "rand_point_id": 1551 }, "geometry": { "type": "Point", "coordinates": [ 15.46509, 47.688153 ] } },
{ "type": "Feature", "properties": { "rand_point_id": 1552 }, "geometry": { "type": "Point", "coordinates": [ 15.199124, 48.458321 ] } },
{ "type": "Feature", "properties": { "rand_point_id": 1553 }, "geometry": { "type": "Point", "coordinates": [ 16.072129, 46.866521 ] } },
{ "type": "Feature", "properties": { "rand_point_id": 1554 }, "geometry": { "type": "Point", "coordinates": [ 16.256042, 47.809115 ] } },
{ "type": "Feature", "properties": { "rand_point_id": 1555 }, "geometry": { "type": "Point", "coordinates": [ 14.936714, 46.817357 ] } },
{ "type": "Feature", "properties": { "rand_point_id": 1556 }, "geometry": { "type": "Point", "coordinates": [ 13.515361, 46.993912 ] } },
{ "type": "Feature", "properties": { "rand_point_id": 1557 }, "geometry": { "type": "Point", "coordinates": [ 13.552515, 48.128168 ] } },
{ "type": "Feature", "properties": { "rand_point_id": 1558 }, "geometry": { "type": "Point", "coordinates": [ 16.481811, 48.774788 ] } },
{ "type": "Feature", "properties": { "rand_point_id": 1559 }, "geometry": { "type": "Point", "coordinates": [ 16.606065, 48.730127 ] } },
{ "type": "Feature", "properties": { "rand_point_id": 1560 }, "geometry": { "type": "Point", "coordinates": [ 15.053354, 48.454809 ] } },
{ "type": "Feature", "properties": { "rand_point_id": 1561 }, "geometry": { "type": "Point", "coordinates": [ 13.903579, 46.870905 ] } },
{ "type": "Feature", "properties": { "rand_point_id": 1562 }, "geometry": { "type": "Point", "coordinates": [ 15.157843, 46.968282 ] } },
{ "type": "Feature", "properties": { "rand_point_id": 1563 }, "geometry": { "type": "Point", "coordinates": [ 15.468728, 47.676766 ] } },
{ "type": "Feature", "properties": { "rand_point_id": 1564 }, "geometry": { "type": "Point", "coordinates": [ 14.890676, 47.285519 ] } },
{ "type": "Feature", "properties": { "rand_point_id": 1565 }, "geometry": { "type": "Point", "coordinates": [ 14.876137, 46.796285 ] } },
{ "type": "Feature", "properties": { "rand_point_id": 1566 }, "geometry": { "type": "Point", "coordinates": [ 16.433394, 47.024234 ] } },
{ "type": "Feature", "properties": { "rand_point_id": 1567 }, "geometry": { "type": "Point", "coordinates": [ 12.194998, 47.468474 ] } },
{ "type": "Feature", "properties": { "rand_point_id": 1568 }, "geometry": { "type": "Point", "coordinates": [ 12.153739, 47.098715 ] } },
{ "type": "Feature", "properties": { "rand_point_id": 1569 }, "geometry": { "type": "Point", "coordinates": [ 15.598092, 46.765749 ] } },
{ "type": "Feature", "properties": { "rand_point_id": 1570 }, "geometry": { "type": "Point", "coordinates": [ 15.425991, 48.526799 ] } },
{ "type": "Feature", "properties": { "rand_point_id": 1571 }, "geometry": { "type": "Point", "coordinates": [ 10.297648, 47.198588 ] } },
{ "type": "Feature", "properties": { "rand_point_id": 1572 }, "geometry": { "type": "Point", "coordinates": [ 14.875176, 48.313293 ] } },
{ "type": "Feature", "properties": { "rand_point_id": 1573 }, "geometry": { "type": "Point", "coordinates": [ 16.704056, 48.468651 ] } },
{ "type": "Feature", "properties": { "rand_point_id": 1574 }, "geometry": { "type": "Point", "coordinates": [ 16.184764, 48.625039 ] } },
{ "type": "Feature", "properties": { "rand_point_id": 1575 }, "geometry": { "type": "Point", "coordinates": [ 15.188628, 47.664875 ] } },
{ "type": "Feature", "properties": { "rand_point_id": 1576 }, "geometry": { "type": "Point", "coordinates": [ 11.749056, 47.278909 ] } },
{ "type": "Feature", "properties": { "rand_point_id": 1577 }, "geometry": { "type": "Point", "coordinates": [ 14.015528, 48.610575 ] } },
{ "type": "Feature", "properties": { "rand_point_id": 1578 }, "geometry": { "type": "Point", "coordinates": [ 13.570842, 46.842239 ] } },
{ "type": "Feature", "properties": { "rand_point_id": 1579 }, "geometry": { "type": "Point", "coordinates": [ 13.158999, 47.881631 ] } },
{ "type": "Feature", "properties": { "rand_point_id": 1580 }, "geometry": { "type": "Point", "coordinates": [ 10.723389, 46.91217 ] } },
{ "type": "Feature", "properties": { "rand_point_id": 1581 }, "geometry": { "type": "Point", "coordinates": [ 14.11617, 48.431306 ] } },
{ "type": "Feature", "properties": { "rand_point_id": 1582 }, "geometry": { "type": "Point", "coordinates": [ 14.265172, 47.597538 ] } },
{ "type": "Feature", "properties": { "rand_point_id": 1583 }, "geometry": { "type": "Point", "coordinates": [ 14.600134, 46.692232 ] } },
{ "type": "Feature", "properties": { "rand_point_id": 1584 }, "geometry": { "type": "Point", "coordinates": [ 12.109423, 47.257523 ] } },
{ "type": "Feature", "properties": { "rand_point_id": 1585 }, "geometry": { "type": "Point", "coordinates": [ 10.758153, 47.292939 ] } },
{ "type": "Feature", "properties": { "rand_point_id": 1586 }, "geometry": { "type": "Point", "coordinates": [ 15.960954, 47.475789 ] } },
{ "type": "Feature", "properties": { "rand_point_id": 1587 }, "geometry": { "type": "Point", "coordinates": [ 16.660131, 48.499324 ] } },
{ "type": "Feature", "properties": { "rand_point_id": 1588 }, "geometry": { "type": "Point", "coordinates": [ 15.296621, 48.29301 ] } },
{ "type": "Feature", "properties": { "rand_point_id": 1589 }, "geometry": { "type": "Point", "coordinates": [ 13.354742, 47.600946 ] } },
{ "type": "Feature", "properties": { "rand_point_id": 1590 }, "geometry": { "type": "Point", "coordinates": [ 11.721548, 47.583558 ] } },
{ "type": "Feature", "properties": { "rand_point_id": 1591 }, "geometry": { "type": "Point", "coordinates": [ 14.439131, 46.959084 ] } },
{ "type": "Feature", "properties": { "rand_point_id": 1592 }, "geometry": { "type": "Point", "coordinates": [ 15.39477, 48.495285 ] } },
{ "type": "Feature", "properties": { "rand_point_id": 1593 }, "geometry": { "type": "Point", "coordinates": [ 14.657285, 47.470212 ] } },
{ "type": "Feature", "properties": { "rand_point_id": 1594 }, "geometry": { "type": "Point", "coordinates": [ 15.297422, 46.809809 ] } },
{ "type": "Feature", "properties": { "rand_point_id": 1595 }, "geometry": { "type": "Point", "coordinates": [ 13.004584, 47.225562 ] } },
{ "type": "Feature", "properties": { "rand_point_id": 1596 }, "geometry": { "type": "Point", "coordinates": [ 13.740273, 46.594814 ] } },
{ "type": "Feature", "properties": { "rand_point_id": 1597 }, "geometry": { "type": "Point", "coordinates": [ 15.660325, 48.794434 ] } },
{ "type": "Feature", "properties": { "rand_point_id": 1598 }, "geometry": { "type": "Point", "coordinates": [ 15.193332, 48.52678 ] } },
{ "type": "Feature", "properties": { "rand_point_id": 1599 }, "geometry": { "type": "Point", "coordinates": [ 14.490144, 48.034429 ] } },
{ "type": "Feature", "properties": { "rand_point_id": 1600 }, "geometry": { "type": "Point", "coordinates": [ 13.419805, 46.662243 ] } },
{ "type": "Feature", "properties": { "rand_point_id": 1601 }, "geometry": { "type": "Point", "coordinates": [ 14.62091, 48.111977 ] } },
{ "type": "Feature", "properties": { "rand_point_id": 1602 }, "geometry": { "type": "Point", "coordinates": [ 15.99868, 48.690402 ] } },
{ "type": "Feature", "properties": { "rand_point_id": 1603 }, "geometry": { "type": "Point", "coordinates": [ 13.095121, 47.465335 ] } },
{ "type": "Feature", "properties": { "rand_point_id": 1604 }, "geometry": { "type": "Point", "coordinates": [ 14.52473, 48.238093 ] } },
{ "type": "Feature", "properties": { "rand_point_id": 1605 }, "geometry": { "type": "Point", "coordinates": [ 13.517856, 47.665584 ] } },
{ "type": "Feature", "properties": { "rand_point_id": 1606 }, "geometry": { "type": "Point", "coordinates": [ 15.039719, 48.146463 ] } },
{ "type": "Feature", "properties": { "rand_point_id": 1607 }, "geometry": { "type": "Point", "coordinates": [ 14.687925, 47.435651 ] } },
{ "type": "Feature", "properties": { "rand_point_id": 1608 }, "geometry": { "type": "Point", "coordinates": [ 10.062941, 47.225183 ] } },
{ "type": "Feature", "properties": { "rand_point_id": 1609 }, "geometry": { "type": "Point", "coordinates": [ 13.738686, 48.054582 ] } },
{ "type": "Feature", "properties": { "rand_point_id": 1610 }, "geometry": { "type": "Point", "coordinates": [ 13.062402, 48.101645 ] } },
{ "type": "Feature", "properties": { "rand_point_id": 1611 }, "geometry": { "type": "Point", "coordinates": [ 16.408202, 47.543408 ] } },
{ "type": "Feature", "properties": { "rand_point_id": 1612 }, "geometry": { "type": "Point", "coordinates": [ 13.369123, 47.294329 ] } },
{ "type": "Feature", "properties": { "rand_point_id": 1613 }, "geometry": { "type": "Point", "coordinates": [ 16.497926, 47.730684 ] } },
{ "type": "Feature", "properties": { "rand_point_id": 1614 }, "geometry": { "type": "Point", "coordinates": [ 14.724024, 47.399942 ] } },
{ "type": "Feature", "properties": { "rand_point_id": 1615 }, "geometry": { "type": "Point", "coordinates": [ 14.707393, 48.131142 ] } },
{ "type": "Feature", "properties": { "rand_point_id": 1616 }, "geometry": { "type": "Point", "coordinates": [ 16.769531, 47.750581 ] } },
{ "type": "Feature", "properties": { "rand_point_id": 1617 }, "geometry": { "type": "Point", "coordinates": [ 13.215474, 47.96109 ] } },
{ "type": "Feature", "properties": { "rand_point_id": 1618 }, "geometry": { "type": "Point", "coordinates": [ 14.984917, 48.96894 ] } },
{ "type": "Feature", "properties": { "rand_point_id": 1619 }, "geometry": { "type": "Point", "coordinates": [ 13.857248, 47.283151 ] } },
{ "type": "Feature", "properties": { "rand_point_id": 1620 }, "geometry": { "type": "Point", "coordinates": [ 13.91891, 48.558951 ] } },
{ "type": "Feature", "properties": { "rand_point_id": 1621 }, "geometry": { "type": "Point", "coordinates": [ 15.018832, 47.765585 ] } },
{ "type": "Feature", "properties": { "rand_point_id": 1622 }, "geometry": { "type": "Point", "coordinates": [ 11.731957, 47.302105 ] } },
{ "type": "Feature", "properties": { "rand_point_id": 1623 }, "geometry": { "type": "Point", "coordinates": [ 14.125779, 47.698118 ] } },
{ "type": "Feature", "properties": { "rand_point_id": 1624 }, "geometry": { "type": "Point", "coordinates": [ 14.53427, 46.845708 ] } },
{ "type": "Feature", "properties": { "rand_point_id": 1625 }, "geometry": { "type": "Point", "coordinates": [ 14.747401, 47.03391 ] } },
{ "type": "Feature", "properties": { "rand_point_id": 1626 }, "geometry": { "type": "Point", "coordinates": [ 15.221684, 48.461066 ] } },
{ "type": "Feature", "properties": { "rand_point_id": 1627 }, "geometry": { "type": "Point", "coordinates": [ 16.284375, 47.045297 ] } },
{ "type": "Feature", "properties": { "rand_point_id": 1628 }, "geometry": { "type": "Point", "coordinates": [ 15.52458, 47.923478 ] } },
{ "type": "Feature", "properties": { "rand_point_id": 1629 }, "geometry": { "type": "Point", "coordinates": [ 12.885823, 47.110811 ] } },
{ "type": "Feature", "properties": { "rand_point_id": 1630 }, "geometry": { "type": "Point", "coordinates": [ 15.060837, 47.333915 ] } },
{ "type": "Feature", "properties": { "rand_point_id": 1631 }, "geometry": { "type": "Point", "coordinates": [ 14.237604, 47.420159 ] } },
{ "type": "Feature", "properties": { "rand_point_id": 1632 }, "geometry": { "type": "Point", "coordinates": [ 13.483793, 47.234058 ] } },
{ "type": "Feature", "properties": { "rand_point_id": 1633 }, "geometry": { "type": "Point", "coordinates": [ 14.093417, 48.443246 ] } },
{ "type": "Feature", "properties": { "rand_point_id": 1634 }, "geometry": { "type": "Point", "coordinates": [ 14.622714, 46.923375 ] } },
{ "type": "Feature", "properties": { "rand_point_id": 1635 }, "geometry": { "type": "Point", "coordinates": [ 15.009531, 47.767099 ] } },
{ "type": "Feature", "properties": { "rand_point_id": 1636 }, "geometry": { "type": "Point", "coordinates": [ 15.539361, 47.076705 ] } },
{ "type": "Feature", "properties": { "rand_point_id": 1637 }, "geometry": { "type": "Point", "coordinates": [ 16.168983, 47.969955 ] } },
{ "type": "Feature", "properties": { "rand_point_id": 1638 }, "geometry": { "type": "Point", "coordinates": [ 15.308316, 48.689448 ] } },
{ "type": "Feature", "properties": { "rand_point_id": 1639 }, "geometry": { "type": "Point", "coordinates": [ 16.101476, 47.246888 ] } },
{ "type": "Feature", "properties": { "rand_point_id": 1640 }, "geometry": { "type": "Point", "coordinates": [ 13.248142, 47.587719 ] } },
{ "type": "Feature", "properties": { "rand_point_id": 1641 }, "geometry": { "type": "Point", "coordinates": [ 12.614094, 47.123962 ] } },
{ "type": "Feature", "properties": { "rand_point_id": 1642 }, "geometry": { "type": "Point", "coordinates": [ 15.845948, 47.931434 ] } },
{ "type": "Feature", "properties": { "rand_point_id": 1643 }, "geometry": { "type": "Point", "coordinates": [ 15.61616, 48.251874 ] } },
{ "type": "Feature", "properties": { "rand_point_id": 1644 }, "geometry": { "type": "Point", "coordinates": [ 10.183176, 47.300511 ] } },
{ "type": "Feature", "properties": { "rand_point_id": 1645 }, "geometry": { "type": "Point", "coordinates": [ 15.08649, 47.580606 ] } },
{ "type": "Feature", "properties": { "rand_point_id": 1646 }, "geometry": { "type": "Point", "coordinates": [ 9.993229, 47.266078 ] } },
{ "type": "Feature", "properties": { "rand_point_id": 1647 }, "geometry": { "type": "Point", "coordinates": [ 14.768954, 48.460906 ] } },
{ "type": "Feature", "properties": { "rand_point_id": 1648 }, "geometry": { "type": "Point", "coordinates": [ 16.791412, 48.280837 ] } },
{ "type": "Feature", "properties": { "rand_point_id": 1649 }, "geometry": { "type": "Point", "coordinates": [ 14.340503, 47.473236 ] } },
{ "type": "Feature", "properties": { "rand_point_id": 1650 }, "geometry": { "type": "Point", "coordinates": [ 15.850365, 48.767938 ] } },
{ "type": "Feature", "properties": { "rand_point_id": 1651 }, "geometry": { "type": "Point", "coordinates": [ 13.252638, 47.221912 ] } },
{ "type": "Feature", "properties": { "rand_point_id": 1652 }, "geometry": { "type": "Point", "coordinates": [ 15.782424, 46.731967 ] } },
{ "type": "Feature", "properties": { "rand_point_id": 1653 }, "geometry": { "type": "Point", "coordinates": [ 15.1558, 47.999243 ] } },
{ "type": "Feature", "properties": { "rand_point_id": 1654 }, "geometry": { "type": "Point", "coordinates": [ 15.961046, 48.344752 ] } },
{ "type": "Feature", "properties": { "rand_point_id": 1655 }, "geometry": { "type": "Point", "coordinates": [ 15.864136, 47.364147 ] } },
{ "type": "Feature", "properties": { "rand_point_id": 1656 }, "geometry": { "type": "Point", "coordinates": [ 14.065982, 47.690851 ] } },
{ "type": "Feature", "properties": { "rand_point_id": 1657 }, "geometry": { "type": "Point", "coordinates": [ 10.061997, 46.928698 ] } },
{ "type": "Feature", "properties": { "rand_point_id": 1658 }, "geometry": { "type": "Point", "coordinates": [ 14.540277, 47.700173 ] } },
{ "type": "Feature", "properties": { "rand_point_id": 1659 }, "geometry": { "type": "Point", "coordinates": [ 12.762354, 47.30647 ] } },
{ "type": "Feature", "properties": { "rand_point_id": 1660 }, "geometry": { "type": "Point", "coordinates": [ 13.324876, 46.868139 ] } },
{ "type": "Feature", "properties": { "rand_point_id": 1661 }, "geometry": { "type": "Point", "coordinates": [ 14.894682, 46.841514 ] } },
{ "type": "Feature", "properties": { "rand_point_id": 1662 }, "geometry": { "type": "Point", "coordinates": [ 15.409469, 48.038265 ] } },
{ "type": "Feature", "properties": { "rand_point_id": 1663 }, "geometry": { "type": "Point", "coordinates": [ 15.770907, 47.534118 ] } },
{ "type": "Feature", "properties": { "rand_point_id": 1664 }, "geometry": { "type": "Point", "coordinates": [ 17.052608, 48.12154 ] } },
{ "type": "Feature", "properties": { "rand_point_id": 1665 }, "geometry": { "type": "Point", "coordinates": [ 14.396043, 47.98273 ] } },
{ "type": "Feature", "properties": { "rand_point_id": 1666 }, "geometry": { "type": "Point", "coordinates": [ 12.478865, 46.948921 ] } },
{ "type": "Feature", "properties": { "rand_point_id": 1667 }, "geometry": { "type": "Point", "coordinates": [ 12.104509, 47.568702 ] } },
{ "type": "Feature", "properties": { "rand_point_id": 1668 }, "geometry": { "type": "Point", "coordinates": [ 15.2501, 48.348502 ] } },
{ "type": "Feature", "properties": { "rand_point_id": 1669 }, "geometry": { "type": "Point", "coordinates": [ 14.293553, 46.748912 ] } },
{ "type": "Feature", "properties": { "rand_point_id": 1670 }, "geometry": { "type": "Point", "coordinates": [ 13.464621, 47.459986 ] } },
{ "type": "Feature", "properties": { "rand_point_id": 1671 }, "geometry": { "type": "Point", "coordinates": [ 15.787948, 47.109119 ] } },
{ "type": "Feature", "properties": { "rand_point_id": 1672 }, "geometry": { "type": "Point", "coordinates": [ 15.88308, 47.504741 ] } },
{ "type": "Feature", "properties": { "rand_point_id": 1673 }, "geometry": { "type": "Point", "coordinates": [ 16.27554, 47.629603 ] } },
{ "type": "Feature", "properties": { "rand_point_id": 1674 }, "geometry": { "type": "Point", "coordinates": [ 14.293064, 47.753272 ] } },
{ "type": "Feature", "properties": { "rand_point_id": 1675 }, "geometry": { "type": "Point", "coordinates": [ 14.834366, 46.640373 ] } },
{ "type": "Feature", "properties": { "rand_point_id": 1676 }, "geometry": { "type": "Point", "coordinates": [ 16.197001, 47.642324 ] } },
{ "type": "Feature", "properties": { "rand_point_id": 1677 }, "geometry": { "type": "Point", "coordinates": [ 16.558612, 47.887385 ] } },
{ "type": "Feature", "properties": { "rand_point_id": 1678 }, "geometry": { "type": "Point", "coordinates": [ 15.633098, 47.182829 ] } },
{ "type": "Feature", "properties": { "rand_point_id": 1679 }, "geometry": { "type": "Point", "coordinates": [ 12.551418, 46.851977 ] } },
{ "type": "Feature", "properties": { "rand_point_id": 1680 }, "geometry": { "type": "Point", "coordinates": [ 15.494878, 47.293757 ] } },
{ "type": "Feature", "properties": { "rand_point_id": 1681 }, "geometry": { "type": "Point", "coordinates": [ 10.494224, 47.321228 ] } },
{ "type": "Feature", "properties": { "rand_point_id": 1682 }, "geometry": { "type": "Point", "coordinates": [ 13.45613, 48.351865 ] } },
{ "type": "Feature", "properties": { "rand_point_id": 1683 }, "geometry": { "type": "Point", "coordinates": [ 14.760073, 47.538148 ] } },
{ "type": "Feature", "properties": { "rand_point_id": 1684 }, "geometry": { "type": "Point", "coordinates": [ 14.824388, 47.553018 ] } },
{ "type": "Feature", "properties": { "rand_point_id": 1685 }, "geometry": { "type": "Point", "coordinates": [ 14.275172, 47.91912 ] } },
{ "type": "Feature", "properties": { "rand_point_id": 1686 }, "geometry": { "type": "Point", "coordinates": [ 13.548932, 48.420998 ] } },
{ "type": "Feature", "properties": { "rand_point_id": 1687 }, "geometry": { "type": "Point", "coordinates": [ 15.483554, 46.737509 ] } },
{ "type": "Feature", "properties": { "rand_point_id": 1688 }, "geometry": { "type": "Point", "coordinates": [ 12.526464, 47.304751 ] } },
{ "type": "Feature", "properties": { "rand_point_id": 1689 }, "geometry": { "type": "Point", "coordinates": [ 11.926958, 47.428175 ] } },
{ "type": "Feature", "properties": { "rand_point_id": 1690 }, "geometry": { "type": "Point", "coordinates": [ 14.474555, 47.706048 ] } },
{ "type": "Feature", "properties": { "rand_point_id": 1691 }, "geometry": { "type": "Point", "coordinates": [ 11.446263, 47.366988 ] } },
{ "type": "Feature", "properties": { "rand_point_id": 1692 }, "geometry": { "type": "Point", "coordinates": [ 13.581317, 48.25405 ] } },
{ "type": "Feature", "properties": { "rand_point_id": 1693 }, "geometry": { "type": "Point", "coordinates": [ 13.507495, 47.590615 ] } },
{ "type": "Feature", "properties": { "rand_point_id": 1694 }, "geometry": { "type": "Point", "coordinates": [ 14.908309, 47.155764 ] } },
{ "type": "Feature", "properties": { "rand_point_id": 1695 }, "geometry": { "type": "Point", "coordinates": [ 15.424797, 46.964005 ] } },
{ "type": "Feature", "properties": { "rand_point_id": 1696 }, "geometry": { "type": "Point", "coordinates": [ 13.29569, 46.95191 ] } },
{ "type": "Feature", "properties": { "rand_point_id": 1697 }, "geometry": { "type": "Point", "coordinates": [ 11.721021, 47.269129 ] } },
{ "type": "Feature", "properties": { "rand_point_id": 1698 }, "geometry": { "type": "Point", "coordinates": [ 15.044709, 47.649342 ] } },
{ "type": "Feature", "properties": { "rand_point_id": 1699 }, "geometry": { "type": "Point", "coordinates": [ 16.135289, 48.627047 ] } },
{ "type": "Feature", "properties": { "rand_point_id": 1700 }, "geometry": { "type": "Point", "coordinates": [ 11.920142, 47.397645 ] } },
{ "type": "Feature", "properties": { "rand_point_id": 1701 }, "geometry": { "type": "Point", "coordinates": [ 14.807166, 47.068348 ] } },
{ "type": "Feature", "properties": { "rand_point_id": 1702 }, "geometry": { "type": "Point", "coordinates": [ 14.99366, 48.035323 ] } },
{ "type": "Feature", "properties": { "rand_point_id": 1703 }, "geometry": { "type": "Point", "coordinates": [ 15.169477, 47.721368 ] } },
{ "type": "Feature", "properties": { "rand_point_id": 1704 }, "geometry": { "type": "Point", "coordinates": [ 12.752978, 48.099282 ] } },
{ "type": "Feature", "properties": { "rand_point_id": 1705 }, "geometry": { "type": "Point", "coordinates": [ 10.686376, 47.240909 ] } },
{ "type": "Feature", "properties": { "rand_point_id": 1706 }, "geometry": { "type": "Point", "coordinates": [ 13.471315, 47.717048 ] } },
{ "type": "Feature", "properties": { "rand_point_id": 1707 }, "geometry": { "type": "Point", "coordinates": [ 14.075636, 47.391621 ] } },
{ "type": "Feature", "properties": { "rand_point_id": 1708 }, "geometry": { "type": "Point", "coordinates": [ 14.993304, 47.752211 ] } },
{ "type": "Feature", "properties": { "rand_point_id": 1709 }, "geometry": { "type": "Point", "coordinates": [ 13.244816, 47.322566 ] } },
{ "type": "Feature", "properties": { "rand_point_id": 1710 }, "geometry": { "type": "Point", "coordinates": [ 10.096689, 46.970982 ] } },
{ "type": "Feature", "properties": { "rand_point_id": 1711 }, "geometry": { "type": "Point", "coordinates": [ 15.350407, 47.482864 ] } },
{ "type": "Feature", "properties": { "rand_point_id": 1712 }, "geometry": { "type": "Point", "coordinates": [ 15.032297, 46.856878 ] } },
{ "type": "Feature", "properties": { "rand_point_id": 1713 }, "geometry": { "type": "Point", "coordinates": [ 11.516604, 47.173672 ] } },
{ "type": "Feature", "properties": { "rand_point_id": 1714 }, "geometry": { "type": "Point", "coordinates": [ 14.915277, 46.937774 ] } },
{ "type": "Feature", "properties": { "rand_point_id": 1715 }, "geometry": { "type": "Point", "coordinates": [ 13.62018, 46.739507 ] } },
{ "type": "Feature", "properties": { "rand_point_id": 1716 }, "geometry": { "type": "Point", "coordinates": [ 14.545331, 47.128576 ] } },
{ "type": "Feature", "properties": { "rand_point_id": 1717 }, "geometry": { "type": "Point", "coordinates": [ 16.249748, 47.385902 ] } },
{ "type": "Feature", "properties": { "rand_point_id": 1718 }, "geometry": { "type": "Point", "coordinates": [ 13.83734, 46.996654 ] } },
{ "type": "Feature", "properties": { "rand_point_id": 1719 }, "geometry": { "type": "Point", "coordinates": [ 14.074952, 48.34314 ] } },
{ "type": "Feature", "properties": { "rand_point_id": 1720 }, "geometry": { "type": "Point", "coordinates": [ 15.726466, 48.177333 ] } },
{ "type": "Feature", "properties": { "rand_point_id": 1721 }, "geometry": { "type": "Point", "coordinates": [ 11.181637, 46.976417 ] } },
{ "type": "Feature", "properties": { "rand_point_id": 1722 }, "geometry": { "type": "Point", "coordinates": [ 12.868489, 48.164974 ] } },
{ "type": "Feature", "properties": { "rand_point_id": 1723 }, "geometry": { "type": "Point", "coordinates": [ 15.021715, 48.771727 ] } },
{ "type": "Feature", "properties": { "rand_point_id": 1724 }, "geometry": { "type": "Point", "coordinates": [ 14.32661, 46.961789 ] } },
{ "type": "Feature", "properties": { "rand_point_id": 1725 }, "geometry": { "type": "Point", "coordinates": [ 10.315168, 47.012188 ] } },
{ "type": "Feature", "properties": { "rand_point_id": 1726 }, "geometry": { "type": "Point", "coordinates": [ 15.729758, 47.375999 ] } },
{ "type": "Feature", "properties": { "rand_point_id": 1727 }, "geometry": { "type": "Point", "coordinates": [ 13.553685, 48.193832 ] } },
{ "type": "Feature", "properties": { "rand_point_id": 1728 }, "geometry": { "type": "Point", "coordinates": [ 15.104622, 47.483628 ] } },
{ "type": "Feature", "properties": { "rand_point_id": 1729 }, "geometry": { "type": "Point", "coordinates": [ 14.595587, 47.244133 ] } },
{ "type": "Feature", "properties": { "rand_point_id": 1730 }, "geometry": { "type": "Point", "coordinates": [ 13.545371, 48.002088 ] } },
{ "type": "Feature", "properties": { "rand_point_id": 1731 }, "geometry": { "type": "Point", "coordinates": [ 15.448272, 48.232917 ] } },
{ "type": "Feature", "properties": { "rand_point_id": 1732 }, "geometry": { "type": "Point", "coordinates": [ 15.203623, 47.918714 ] } },
{ "type": "Feature", "properties": { "rand_point_id": 1733 }, "geometry": { "type": "Point", "coordinates": [ 13.604087, 47.148222 ] } },
{ "type": "Feature", "properties": { "rand_point_id": 1734 }, "geometry": { "type": "Point", "coordinates": [ 9.922701, 47.424546 ] } },
{ "type": "Feature", "properties": { "rand_point_id": 1735 }, "geometry": { "type": "Point", "coordinates": [ 10.244332, 47.220888 ] } },
{ "type": "Feature", "properties": { "rand_point_id": 1736 }, "geometry": { "type": "Point", "coordinates": [ 14.894001, 46.893174 ] } },
{ "type": "Feature", "properties": { "rand_point_id": 1737 }, "geometry": { "type": "Point", "coordinates": [ 14.936184, 47.494711 ] } },
{ "type": "Feature", "properties": { "rand_point_id": 1738 }, "geometry": { "type": "Point", "coordinates": [ 16.915557, 48.062994 ] } },
{ "type": "Feature", "properties": { "rand_point_id": 1739 }, "geometry": { "type": "Point", "coordinates": [ 13.916144, 46.62701 ] } },
{ "type": "Feature", "properties": { "rand_point_id": 1740 }, "geometry": { "type": "Point", "coordinates": [ 15.776526, 48.64463 ] } },
{ "type": "Feature", "properties": { "rand_point_id": 1741 }, "geometry": { "type": "Point", "coordinates": [ 14.17996, 47.32629 ] } },
{ "type": "Feature", "properties": { "rand_point_id": 1742 }, "geometry": { "type": "Point", "coordinates": [ 14.064491, 48.485504 ] } },
{ "type": "Feature", "properties": { "rand_point_id": 1743 }, "geometry": { "type": "Point", "coordinates": [ 12.521397, 47.108733 ] } },
{ "type": "Feature", "properties": { "rand_point_id": 1744 }, "geometry": { "type": "Point", "coordinates": [ 15.583253, 47.737445 ] } },
{ "type": "Feature", "properties": { "rand_point_id": 1745 }, "geometry": { "type": "Point", "coordinates": [ 12.456109, 47.098157 ] } },
{ "type": "Feature", "properties": { "rand_point_id": 1746 }, "geometry": { "type": "Point", "coordinates": [ 13.150724, 47.80109 ] } },
{ "type": "Feature", "properties": { "rand_point_id": 1747 }, "geometry": { "type": "Point", "coordinates": [ 15.064508, 47.71164 ] } },
{ "type": "Feature", "properties": { "rand_point_id": 1748 }, "geometry": { "type": "Point", "coordinates": [ 16.462794, 48.397916 ] } },
{ "type": "Feature", "properties": { "rand_point_id": 1749 }, "geometry": { "type": "Point", "coordinates": [ 12.302036, 47.421277 ] } },
{ "type": "Feature", "properties": { "rand_point_id": 1750 }, "geometry": { "type": "Point", "coordinates": [ 13.432314, 48.238109 ] } },
{ "type": "Feature", "properties": { "rand_point_id": 1751 }, "geometry": { "type": "Point", "coordinates": [ 16.179163, 48.27351 ] } },
{ "type": "Feature", "properties": { "rand_point_id": 1752 }, "geometry": { "type": "Point", "coordinates": [ 15.388162, 47.750064 ] } },
{ "type": "Feature", "properties": { "rand_point_id": 1753 }, "geometry": { "type": "Point", "coordinates": [ 13.805098, 48.239676 ] } },
{ "type": "Feature", "properties": { "rand_point_id": 1754 }, "geometry": { "type": "Point", "coordinates": [ 13.115631, 47.872491 ] } },
{ "type": "Feature", "properties": { "rand_point_id": 1755 }, "geometry": { "type": "Point", "coordinates": [ 12.330347, 47.442069 ] } },
{ "type": "Feature", "properties": { "rand_point_id": 1756 }, "geometry": { "type": "Point", "coordinates": [ 14.895683, 47.722112 ] } },
{ "type": "Feature", "properties": { "rand_point_id": 1757 }, "geometry": { "type": "Point", "coordinates": [ 13.894642, 47.125735 ] } },
{ "type": "Feature", "properties": { "rand_point_id": 1758 }, "geometry": { "type": "Point", "coordinates": [ 13.73524, 48.348118 ] } },
{ "type": "Feature", "properties": { "rand_point_id": 1759 }, "geometry": { "type": "Point", "coordinates": [ 16.554825, 47.926322 ] } },
{ "type": "Feature", "properties": { "rand_point_id": 1760 }, "geometry": { "type": "Point", "coordinates": [ 15.612826, 47.2576 ] } },
{ "type": "Feature", "properties": { "rand_point_id": 1761 }, "geometry": { "type": "Point", "coordinates": [ 13.112525, 47.642751 ] } },
{ "type": "Feature", "properties": { "rand_point_id": 1762 }, "geometry": { "type": "Point", "coordinates": [ 13.992676, 47.036726 ] } },
{ "type": "Feature", "properties": { "rand_point_id": 1763 }, "geometry": { "type": "Point", "coordinates": [ 15.826127, 48.81067 ] } },
{ "type": "Feature", "properties": { "rand_point_id": 1764 }, "geometry": { "type": "Point", "coordinates": [ 13.537504, 48.428539 ] } },
{ "type": "Feature", "properties": { "rand_point_id": 1765 }, "geometry": { "type": "Point", "coordinates": [ 15.517543, 47.009465 ] } },
{ "type": "Feature", "properties": { "rand_point_id": 1766 }, "geometry": { "type": "Point", "coordinates": [ 13.723103, 46.577772 ] } },
{ "type": "Feature", "properties": { "rand_point_id": 1767 }, "geometry": { "type": "Point", "coordinates": [ 12.904302, 47.081968 ] } },
{ "type": "Feature", "properties": { "rand_point_id": 1768 }, "geometry": { "type": "Point", "coordinates": [ 13.26952, 46.749796 ] } },
{ "type": "Feature", "properties": { "rand_point_id": 1769 }, "geometry": { "type": "Point", "coordinates": [ 13.615813, 48.240376 ] } },
{ "type": "Feature", "properties": { "rand_point_id": 1770 }, "geometry": { "type": "Point", "coordinates": [ 14.9825, 48.649012 ] } },
{ "type": "Feature", "properties": { "rand_point_id": 1771 }, "geometry": { "type": "Point", "coordinates": [ 12.66453, 47.475541 ] } },
{ "type": "Feature", "properties": { "rand_point_id": 1772 }, "geometry": { "type": "Point", "coordinates": [ 16.658569, 48.44688 ] } },
{ "type": "Feature", "properties": { "rand_point_id": 1773 }, "geometry": { "type": "Point", "coordinates": [ 12.834075, 47.365889 ] } },
{ "type": "Feature", "properties": { "rand_point_id": 1774 }, "geometry": { "type": "Point", "coordinates": [ 15.59335, 47.068701 ] } },
{ "type": "Feature", "properties": { "rand_point_id": 1775 }, "geometry": { "type": "Point", "coordinates": [ 13.008256, 46.806146 ] } },
{ "type": "Feature", "properties": { "rand_point_id": 1776 }, "geometry": { "type": "Point", "coordinates": [ 13.445326, 46.861446 ] } },
{ "type": "Feature", "properties": { "rand_point_id": 1777 }, "geometry": { "type": "Point", "coordinates": [ 16.429196, 47.003601 ] } },
{ "type": "Feature", "properties": { "rand_point_id": 1778 }, "geometry": { "type": "Point", "coordinates": [ 15.443118, 48.399398 ] } },
{ "type": "Feature", "properties": { "rand_point_id": 1779 }, "geometry": { "type": "Point", "coordinates": [ 17.034725, 47.781944 ] } },
{ "type": "Feature", "properties": { "rand_point_id": 1780 }, "geometry": { "type": "Point", "coordinates": [ 14.943707, 48.047006 ] } },
{ "type": "Feature", "properties": { "rand_point_id": 1781 }, "geometry": { "type": "Point", "coordinates": [ 13.157025, 47.174786 ] } },
{ "type": "Feature", "properties": { "rand_point_id": 1782 }, "geometry": { "type": "Point", "coordinates": [ 12.222037, 47.644633 ] } },
{ "type": "Feature", "properties": { "rand_point_id": 1783 }, "geometry": { "type": "Point", "coordinates": [ 14.635497, 46.618464 ] } },
{ "type": "Feature", "properties": { "rand_point_id": 1784 }, "geometry": { "type": "Point", "coordinates": [ 16.313489, 48.195928 ] } },
{ "type": "Feature", "properties": { "rand_point_id": 1785 }, "geometry": { "type": "Point", "coordinates": [ 15.365324, 47.815381 ] } },
{ "type": "Feature", "properties": { "rand_point_id": 1786 }, "geometry": { "type": "Point", "coordinates": [ 13.167673, 46.981384 ] } },
{ "type": "Feature", "properties": { "rand_point_id": 1787 }, "geometry": { "type": "Point", "coordinates": [ 13.391266, 46.707831 ] } },
{ "type": "Feature", "properties": { "rand_point_id": 1788 }, "geometry": { "type": "Point", "coordinates": [ 14.651017, 47.353866 ] } },
{ "type": "Feature", "properties": { "rand_point_id": 1789 }, "geometry": { "type": "Point", "coordinates": [ 13.754931, 47.283783 ] } },
{ "type": "Feature", "properties": { "rand_point_id": 1790 }, "geometry": { "type": "Point", "coordinates": [ 15.935116, 46.75137 ] } },
{ "type": "Feature", "properties": { "rand_point_id": 1791 }, "geometry": { "type": "Point", "coordinates": [ 17.100608, 47.959126 ] } },
{ "type": "Feature", "properties": { "rand_point_id": 1792 }, "geometry": { "type": "Point", "coordinates": [ 15.908203, 47.252747 ] } },
{ "type": "Feature", "properties": { "rand_point_id": 1793 }, "geometry": { "type": "Point", "coordinates": [ 15.796306, 47.221307 ] } },
{ "type": "Feature", "properties": { "rand_point_id": 1794 }, "geometry": { "type": "Point", "coordinates": [ 15.83625, 48.285867 ] } },
{ "type": "Feature", "properties": { "rand_point_id": 1795 }, "geometry": { "type": "Point", "coordinates": [ 15.691799, 47.597596 ] } },
{ "type": "Feature", "properties": { "rand_point_id": 1796 }, "geometry": { "type": "Point", "coordinates": [ 9.918765, 47.159172 ] } },
{ "type": "Feature", "properties": { "rand_point_id": 1797 }, "geometry": { "type": "Point", "coordinates": [ 13.412188, 48.104239 ] } },
{ "type": "Feature", "properties": { "rand_point_id": 1798 }, "geometry": { "type": "Point", "coordinates": [ 16.878041, 48.672904 ] } },
{ "type": "Feature", "properties": { "rand_point_id": 1799 }, "geometry": { "type": "Point", "coordinates": [ 12.404171, 47.062567 ] } },
{ "type": "Feature", "properties": { "rand_point_id": 1800 }, "geometry": { "type": "Point", "coordinates": [ 14.30095, 46.784626 ] } },
{ "type": "Feature", "properties": { "rand_point_id": 1801 }, "geometry": { "type": "Point", "coordinates": [ 13.204375, 47.813566 ] } },
{ "type": "Feature", "properties": { "rand_point_id": 1802 }, "geometry": { "type": "Point", "coordinates": [ 13.181445, 47.036299 ] } },
{ "type": "Feature", "properties": { "rand_point_id": 1803 }, "geometry": { "type": "Point", "coordinates": [ 13.760069, 47.278681 ] } },
{ "type": "Feature", "properties": { "rand_point_id": 1804 }, "geometry": { "type": "Point", "coordinates": [ 12.106663, 47.30403 ] } },
{ "type": "Feature", "properties": { "rand_point_id": 1805 }, "geometry": { "type": "Point", "coordinates": [ 11.776062, 47.235286 ] } },
{ "type": "Feature", "properties": { "rand_point_id": 1806 }, "geometry": { "type": "Point", "coordinates": [ 9.863976, 47.527816 ] } },
{ "type": "Feature", "properties": { "rand_point_id": 1807 }, "geometry": { "type": "Point", "coordinates": [ 13.843601, 47.280365 ] } },
{ "type": "Feature", "properties": { "rand_point_id": 1808 }, "geometry": { "type": "Point", "coordinates": [ 15.831365, 48.162504 ] } },
{ "type": "Feature", "properties": { "rand_point_id": 1809 }, "geometry": { "type": "Point", "coordinates": [ 13.807421, 47.970144 ] } },
{ "type": "Feature", "properties": { "rand_point_id": 1810 }, "geometry": { "type": "Point", "coordinates": [ 14.326134, 46.857497 ] } },
{ "type": "Feature", "properties": { "rand_point_id": 1811 }, "geometry": { "type": "Point", "coordinates": [ 15.827312, 48.796053 ] } },
{ "type": "Feature", "properties": { "rand_point_id": 1812 }, "geometry": { "type": "Point", "coordinates": [ 13.394226, 47.448737 ] } },
{ "type": "Feature", "properties": { "rand_point_id": 1813 }, "geometry": { "type": "Point", "coordinates": [ 13.373226, 47.245883 ] } },
{ "type": "Feature", "properties": { "rand_point_id": 1814 }, "geometry": { "type": "Point", "coordinates": [ 14.060481, 47.15497 ] } },
{ "type": "Feature", "properties": { "rand_point_id": 1815 }, "geometry": { "type": "Point", "coordinates": [ 16.300088, 48.27896 ] } },
{ "type": "Feature", "properties": { "rand_point_id": 1816 }, "geometry": { "type": "Point", "coordinates": [ 14.808714, 48.090205 ] } },
{ "type": "Feature", "properties": { "rand_point_id": 1817 }, "geometry": { "type": "Point", "coordinates": [ 14.098735, 48.071436 ] } },
{ "type": "Feature", "properties": { "rand_point_id": 1818 }, "geometry": { "type": "Point", "coordinates": [ 14.565705, 47.480327 ] } },
{ "type": "Feature", "properties": { "rand_point_id": 1819 }, "geometry": { "type": "Point", "coordinates": [ 16.530722, 48.583964 ] } },
{ "type": "Feature", "properties": { "rand_point_id": 1820 }, "geometry": { "type": "Point", "coordinates": [ 10.662647, 46.97275 ] } },
{ "type": "Feature", "properties": { "rand_point_id": 1821 }, "geometry": { "type": "Point", "coordinates": [ 13.194525, 46.654515 ] } },
{ "type": "Feature", "properties": { "rand_point_id": 1822 }, "geometry": { "type": "Point", "coordinates": [ 13.674911, 48.29348 ] } },
{ "type": "Feature", "properties": { "rand_point_id": 1823 }, "geometry": { "type": "Point", "coordinates": [ 14.309462, 47.50807 ] } },
{ "type": "Feature", "properties": { "rand_point_id": 1824 }, "geometry": { "type": "Point", "coordinates": [ 16.755058, 48.354084 ] } },
{ "type": "Feature", "properties": { "rand_point_id": 1825 }, "geometry": { "type": "Point", "coordinates": [ 15.04653, 48.372825 ] } },
{ "type": "Feature", "properties": { "rand_point_id": 1826 }, "geometry": { "type": "Point", "coordinates": [ 12.261856, 47.667877 ] } },
{ "type": "Feature", "properties": { "rand_point_id": 1827 }, "geometry": { "type": "Point", "coordinates": [ 14.500718, 48.291384 ] } },
{ "type": "Feature", "properties": { "rand_point_id": 1828 }, "geometry": { "type": "Point", "coordinates": [ 13.403602, 47.928659 ] } },
{ "type": "Feature", "properties": { "rand_point_id": 1829 }, "geometry": { "type": "Point", "coordinates": [ 14.596143, 47.498255 ] } },
{ "type": "Feature", "properties": { "rand_point_id": 1830 }, "geometry": { "type": "Point", "coordinates": [ 15.896089, 48.241133 ] } },
{ "type": "Feature", "properties": { "rand_point_id": 1831 }, "geometry": { "type": "Point", "coordinates": [ 13.357596, 48.025863 ] } },
{ "type": "Feature", "properties": { "rand_point_id": 1832 }, "geometry": { "type": "Point", "coordinates": [ 13.265102, 48.034295 ] } },
{ "type": "Feature", "properties": { "rand_point_id": 1833 }, "geometry": { "type": "Point", "coordinates": [ 13.333414, 48.286837 ] } },
{ "type": "Feature", "properties": { "rand_point_id": 1834 }, "geometry": { "type": "Point", "coordinates": [ 13.547813, 47.441349 ] } },
{ "type": "Feature", "properties": { "rand_point_id": 1835 }, "geometry": { "type": "Point", "coordinates": [ 14.145845, 48.337579 ] } },
{ "type": "Feature", "properties": { "rand_point_id": 1836 }, "geometry": { "type": "Point", "coordinates": [ 9.840845, 47.428438 ] } },
{ "type": "Feature", "properties": { "rand_point_id": 1837 }, "geometry": { "type": "Point", "coordinates": [ 13.792349, 47.411885 ] } },
{ "type": "Feature", "properties": { "rand_point_id": 1838 }, "geometry": { "type": "Point", "coordinates": [ 15.670219, 46.769263 ] } },
{ "type": "Feature", "properties": { "rand_point_id": 1839 }, "geometry": { "type": "Point", "coordinates": [ 11.448148, 47.061911 ] } },
{ "type": "Feature", "properties": { "rand_point_id": 1840 }, "geometry": { "type": "Point", "coordinates": [ 12.656227, 46.899793 ] } },
{ "type": "Feature", "properties": { "rand_point_id": 1841 }, "geometry": { "type": "Point", "coordinates": [ 14.203142, 46.525276 ] } },
{ "type": "Feature", "properties": { "rand_point_id": 1842 }, "geometry": { "type": "Point", "coordinates": [ 14.449655, 48.467197 ] } },
{ "type": "Feature", "properties": { "rand_point_id": 1843 }, "geometry": { "type": "Point", "coordinates": [ 13.97715, 47.995766 ] } },
{ "type": "Feature", "properties": { "rand_point_id": 1844 }, "geometry": { "type": "Point", "coordinates": [ 13.954571, 46.880313 ] } },
{ "type": "Feature", "properties": { "rand_point_id": 1845 }, "geometry": { "type": "Point", "coordinates": [ 15.644286, 48.023825 ] } },
{ "type": "Feature", "properties": { "rand_point_id": 1846 }, "geometry": { "type": "Point", "coordinates": [ 13.6773, 47.744444 ] } },
{ "type": "Feature", "properties": { "rand_point_id": 1847 }, "geometry": { "type": "Point", "coordinates": [ 15.302013, 48.778302 ] } },
{ "type": "Feature", "properties": { "rand_point_id": 1848 }, "geometry": { "type": "Point", "coordinates": [ 14.921529, 47.960313 ] } },
{ "type": "Feature", "properties": { "rand_point_id": 1849 }, "geometry": { "type": "Point", "coordinates": [ 9.936292, 46.978521 ] } },
{ "type": "Feature", "properties": { "rand_point_id": 1850 }, "geometry": { "type": "Point", "coordinates": [ 12.137615, 47.393309 ] } },
{ "type": "Feature", "properties": { "rand_point_id": 1851 }, "geometry": { "type": "Point", "coordinates": [ 14.82517, 47.193746 ] } },
{ "type": "Feature", "properties": { "rand_point_id": 1852 }, "geometry": { "type": "Point", "coordinates": [ 12.934055, 46.695288 ] } },
{ "type": "Feature", "properties": { "rand_point_id": 1853 }, "geometry": { "type": "Point", "coordinates": [ 14.638758, 48.005869 ] } },
{ "type": "Feature", "properties": { "rand_point_id": 1854 }, "geometry": { "type": "Point", "coordinates": [ 15.343419, 47.712307 ] } },
{ "type": "Feature", "properties": { "rand_point_id": 1855 }, "geometry": { "type": "Point", "coordinates": [ 14.947288, 48.608044 ] } },
{ "type": "Feature", "properties": { "rand_point_id": 1856 }, "geometry": { "type": "Point", "coordinates": [ 12.81637, 48.118163 ] } },
{ "type": "Feature", "properties": { "rand_point_id": 1857 }, "geometry": { "type": "Point", "coordinates": [ 13.830903, 48.742396 ] } },
{ "type": "Feature", "properties": { "rand_point_id": 1858 }, "geometry": { "type": "Point", "coordinates": [ 16.448568, 48.480572 ] } },
{ "type": "Feature", "properties": { "rand_point_id": 1859 }, "geometry": { "type": "Point", "coordinates": [ 16.372485, 47.697875 ] } },
{ "type": "Feature", "properties": { "rand_point_id": 1860 }, "geometry": { "type": "Point", "coordinates": [ 16.160759, 47.187289 ] } },
{ "type": "Feature", "properties": { "rand_point_id": 1861 }, "geometry": { "type": "Point", "coordinates": [ 11.864487, 47.594039 ] } },
{ "type": "Feature", "properties": { "rand_point_id": 1862 }, "geometry": { "type": "Point", "coordinates": [ 9.725178, 47.458509 ] } },
{ "type": "Feature", "properties": { "rand_point_id": 1863 }, "geometry": { "type": "Point", "coordinates": [ 14.42099, 46.798245 ] } },
{ "type": "Feature", "properties": { "rand_point_id": 1864 }, "geometry": { "type": "Point", "coordinates": [ 13.593926, 47.787397 ] } },
{ "type": "Feature", "properties": { "rand_point_id": 1865 }, "geometry": { "type": "Point", "coordinates": [ 14.045886, 47.814347 ] } },
{ "type": "Feature", "properties": { "rand_point_id": 1866 }, "geometry": { "type": "Point", "coordinates": [ 13.273647, 47.346158 ] } },
{ "type": "Feature", "properties": { "rand_point_id": 1867 }, "geometry": { "type": "Point", "coordinates": [ 11.773392, 47.159206 ] } },
{ "type": "Feature", "properties": { "rand_point_id": 1868 }, "geometry": { "type": "Point", "coordinates": [ 15.544554, 47.579843 ] } },
{ "type": "Feature", "properties": { "rand_point_id": 1869 }, "geometry": { "type": "Point", "coordinates": [ 14.395555, 47.232255 ] } },
{ "type": "Feature", "properties": { "rand_point_id": 1870 }, "geometry": { "type": "Point", "coordinates": [ 13.722346, 48.354332 ] } },
{ "type": "Feature", "properties": { "rand_point_id": 1871 }, "geometry": { "type": "Point", "coordinates": [ 13.645305, 48.221732 ] } },
{ "type": "Feature", "properties": { "rand_point_id": 1872 }, "geometry": { "type": "Point", "coordinates": [ 11.190757, 46.988662 ] } },
{ "type": "Feature", "properties": { "rand_point_id": 1873 }, "geometry": { "type": "Point", "coordinates": [ 13.830962, 47.705084 ] } },
{ "type": "Feature", "properties": { "rand_point_id": 1874 }, "geometry": { "type": "Point", "coordinates": [ 14.095866, 48.428066 ] } },
{ "type": "Feature", "properties": { "rand_point_id": 1875 }, "geometry": { "type": "Point", "coordinates": [ 15.152186, 47.440281 ] } },
{ "type": "Feature", "properties": { "rand_point_id": 1876 }, "geometry": { "type": "Point", "coordinates": [ 15.332228, 48.711364 ] } },
{ "type": "Feature", "properties": { "rand_point_id": 1877 }, "geometry": { "type": "Point", "coordinates": [ 15.694749, 48.115588 ] } },
{ "type": "Feature", "properties": { "rand_point_id": 1878 }, "geometry": { "type": "Point", "coordinates": [ 13.598099, 47.358611 ] } },
{ "type": "Feature", "properties": { "rand_point_id": 1879 }, "geometry": { "type": "Point", "coordinates": [ 15.589662, 47.199038 ] } },
{ "type": "Feature", "properties": { "rand_point_id": 1880 }, "geometry": { "type": "Point", "coordinates": [ 14.434397, 48.109742 ] } },
{ "type": "Feature", "properties": { "rand_point_id": 1881 }, "geometry": { "type": "Point", "coordinates": [ 11.857685, 47.144514 ] } },
{ "type": "Feature", "properties": { "rand_point_id": 1882 }, "geometry": { "type": "Point", "coordinates": [ 15.859198, 48.576978 ] } },
{ "type": "Feature", "properties": { "rand_point_id": 1883 }, "geometry": { "type": "Point", "coordinates": [ 12.741657, 47.477498 ] } },
{ "type": "Feature", "properties": { "rand_point_id": 1884 }, "geometry": { "type": "Point", "coordinates": [ 15.234267, 47.633126 ] } },
{ "type": "Feature", "properties": { "rand_point_id": 1885 }, "geometry": { "type": "Point", "coordinates": [ 14.474666, 46.731305 ] } },
{ "type": "Feature", "properties": { "rand_point_id": 1886 }, "geometry": { "type": "Point", "coordinates": [ 13.338286, 47.240027 ] } },
{ "type": "Feature", "properties": { "rand_point_id": 1887 }, "geometry": { "type": "Point", "coordinates": [ 15.489349, 46.877789 ] } },
{ "type": "Feature", "properties": { "rand_point_id": 1888 }, "geometry": { "type": "Point", "coordinates": [ 14.279107, 48.014281 ] } },
{ "type": "Feature", "properties": { "rand_point_id": 1889 }, "geometry": { "type": "Point", "coordinates": [ 13.25946, 47.774787 ] } },
{ "type": "Feature", "properties": { "rand_point_id": 1890 }, "geometry": { "type": "Point", "coordinates": [ 14.135964, 46.879381 ] } },
{ "type": "Feature", "properties": { "rand_point_id": 1891 }, "geometry": { "type": "Point", "coordinates": [ 13.948309, 48.694872 ] } },
{ "type": "Feature", "properties": { "rand_point_id": 1892 }, "geometry": { "type": "Point", "coordinates": [ 13.926525, 48.510237 ] } },
{ "type": "Feature", "properties": { "rand_point_id": 1893 }, "geometry": { "type": "Point", "coordinates": [ 12.108531, 47.243928 ] } },
{ "type": "Feature", "properties": { "rand_point_id": 1894 }, "geometry": { "type": "Point", "coordinates": [ 15.507188, 48.547515 ] } },
{ "type": "Feature", "properties": { "rand_point_id": 1895 }, "geometry": { "type": "Point", "coordinates": [ 14.676666, 47.226181 ] } },
{ "type": "Feature", "properties": { "rand_point_id": 1896 }, "geometry": { "type": "Point", "coordinates": [ 16.486262, 48.344356 ] } },
{ "type": "Feature", "properties": { "rand_point_id": 1897 }, "geometry": { "type": "Point", "coordinates": [ 14.786568, 46.88748 ] } },
{ "type": "Feature", "properties": { "rand_point_id": 1898 }, "geometry": { "type": "Point", "coordinates": [ 12.855128, 46.884628 ] } },
{ "type": "Feature", "properties": { "rand_point_id": 1899 }, "geometry": { "type": "Point", "coordinates": [ 16.039686, 47.119732 ] } },
{ "type": "Feature", "properties": { "rand_point_id": 1900 }, "geometry": { "type": "Point", "coordinates": [ 15.320425, 47.820032 ] } },
{ "type": "Feature", "properties": { "rand_point_id": 1901 }, "geometry": { "type": "Point", "coordinates": [ 12.549797, 47.146972 ] } },
{ "type": "Feature", "properties": { "rand_point_id": 1902 }, "geometry": { "type": "Point", "coordinates": [ 10.828131, 47.077393 ] } },
{ "type": "Feature", "properties": { "rand_point_id": 1903 }, "geometry": { "type": "Point", "coordinates": [ 13.645167, 47.124171 ] } },
{ "type": "Feature", "properties": { "rand_point_id": 1904 }, "geometry": { "type": "Point", "coordinates": [ 15.509516, 48.663479 ] } },
{ "type": "Feature", "properties": { "rand_point_id": 1905 }, "geometry": { "type": "Point", "coordinates": [ 16.42659, 48.025374 ] } },
{ "type": "Feature", "properties": { "rand_point_id": 1906 }, "geometry": { "type": "Point", "coordinates": [ 16.16473, 46.98292 ] } },
{ "type": "Feature", "properties": { "rand_point_id": 1907 }, "geometry": { "type": "Point", "coordinates": [ 12.99104, 47.921982 ] } },
{ "type": "Feature", "properties": { "rand_point_id": 1908 }, "geometry": { "type": "Point", "coordinates": [ 12.712307, 47.530858 ] } },
{ "type": "Feature", "properties": { "rand_point_id": 1909 }, "geometry": { "type": "Point", "coordinates": [ 15.693672, 47.629673 ] } },
{ "type": "Feature", "properties": { "rand_point_id": 1910 }, "geometry": { "type": "Point", "coordinates": [ 14.229939, 47.423061 ] } },
{ "type": "Feature", "properties": { "rand_point_id": 1911 }, "geometry": { "type": "Point", "coordinates": [ 15.959484, 48.743553 ] } },
{ "type": "Feature", "properties": { "rand_point_id": 1912 }, "geometry": { "type": "Point", "coordinates": [ 14.522761, 47.937934 ] } },
{ "type": "Feature", "properties": { "rand_point_id": 1913 }, "geometry": { "type": "Point", "coordinates": [ 14.422602, 47.802005 ] } },
{ "type": "Feature", "properties": { "rand_point_id": 1914 }, "geometry": { "type": "Point", "coordinates": [ 15.703217, 47.690307 ] } },
{ "type": "Feature", "properties": { "rand_point_id": 1915 }, "geometry": { "type": "Point", "coordinates": [ 14.509722, 46.758153 ] } },
{ "type": "Feature", "properties": { "rand_point_id": 1916 }, "geometry": { "type": "Point", "coordinates": [ 13.668875, 48.251687 ] } },
{ "type": "Feature", "properties": { "rand_point_id": 1917 }, "geometry": { "type": "Point", "coordinates": [ 15.435129, 46.74139 ] } },
{ "type": "Feature", "properties": { "rand_point_id": 1918 }, "geometry": { "type": "Point", "coordinates": [ 13.094586, 46.612294 ] } },
{ "type": "Feature", "properties": { "rand_point_id": 1919 }, "geometry": { "type": "Point", "coordinates": [ 12.635701, 47.226572 ] } },
{ "type": "Feature", "properties": { "rand_point_id": 1920 }, "geometry": { "type": "Point", "coordinates": [ 14.423119, 47.097128 ] } },
{ "type": "Feature", "properties": { "rand_point_id": 1921 }, "geometry": { "type": "Point", "coordinates": [ 14.045056, 48.388854 ] } },
{ "type": "Feature", "properties": { "rand_point_id": 1922 }, "geometry": { "type": "Point", "coordinates": [ 16.042369, 48.216248 ] } },
{ "type": "Feature", "properties": { "rand_point_id": 1923 }, "geometry": { "type": "Point", "coordinates": [ 14.291854, 47.419556 ] } },
{ "type": "Feature", "properties": { "rand_point_id": 1924 }, "geometry": { "type": "Point", "coordinates": [ 15.492457, 48.536425 ] } },
{ "type": "Feature", "properties": { "rand_point_id": 1925 }, "geometry": { "type": "Point", "coordinates": [ 13.531111, 46.994167 ] } },
{ "type": "Feature", "properties": { "rand_point_id": 1926 }, "geometry": { "type": "Point", "coordinates": [ 14.337741, 47.014523 ] } },
{ "type": "Feature", "properties": { "rand_point_id": 1927 }, "geometry": { "type": "Point", "coordinates": [ 16.65649, 47.521383 ] } },
{ "type": "Feature", "properties": { "rand_point_id": 1928 }, "geometry": { "type": "Point", "coordinates": [ 16.519206, 48.256311 ] } },
{ "type": "Feature", "properties": { "rand_point_id": 1929 }, "geometry": { "type": "Point", "coordinates": [ 15.248124, 48.472082 ] } },
{ "type": "Feature", "properties": { "rand_point_id": 1930 }, "geometry": { "type": "Point", "coordinates": [ 15.787835, 47.462405 ] } },
{ "type": "Feature", "properties": { "rand_point_id": 1931 }, "geometry": { "type": "Point", "coordinates": [ 14.424547, 47.672885 ] } },
{ "type": "Feature", "properties": { "rand_point_id": 1932 }, "geometry": { "type": "Point", "coordinates": [ 13.64864, 46.657369 ] } },
{ "type": "Feature", "properties": { "rand_point_id": 1933 }, "geometry": { "type": "Point", "coordinates": [ 16.357501, 47.304553 ] } },
{ "type": "Feature", "properties": { "rand_point_id": 1934 }, "geometry": { "type": "Point", "coordinates": [ 13.870896, 46.894868 ] } },
{ "type": "Feature", "properties": { "rand_point_id": 1935 }, "geometry": { "type": "Point", "coordinates": [ 11.481096, 47.153158 ] } },
{ "type": "Feature", "properties": { "rand_point_id": 1936 }, "geometry": { "type": "Point", "coordinates": [ 14.764754, 47.212794 ] } },
{ "type": "Feature", "properties": { "rand_point_id": 1937 }, "geometry": { "type": "Point", "coordinates": [ 17.010167, 47.886069 ] } },
{ "type": "Feature", "properties": { "rand_point_id": 1938 }, "geometry": { "type": "Point", "coordinates": [ 14.794859, 46.875999 ] } },
{ "type": "Feature", "properties": { "rand_point_id": 1939 }, "geometry": { "type": "Point", "coordinates": [ 14.037154, 46.987226 ] } },
{ "type": "Feature", "properties": { "rand_point_id": 1940 }, "geometry": { "type": "Point", "coordinates": [ 12.969084, 46.62113 ] } },
{ "type": "Feature", "properties": { "rand_point_id": 1941 }, "geometry": { "type": "Point", "coordinates": [ 11.523627, 47.199927 ] } },
{ "type": "Feature", "properties": { "rand_point_id": 1942 }, "geometry": { "type": "Point", "coordinates": [ 14.99603, 47.928486 ] } },
{ "type": "Feature", "properties": { "rand_point_id": 1943 }, "geometry": { "type": "Point", "coordinates": [ 12.936829, 47.103497 ] } },
{ "type": "Feature", "properties": { "rand_point_id": 1944 }, "geometry": { "type": "Point", "coordinates": [ 15.573038, 48.524713 ] } },
{ "type": "Feature", "properties": { "rand_point_id": 1945 }, "geometry": { "type": "Point", "coordinates": [ 15.571252, 46.77923 ] } },
{ "type": "Feature", "properties": { "rand_point_id": 1946 }, "geometry": { "type": "Point", "coordinates": [ 11.949259, 47.291759 ] } },
{ "type": "Feature", "properties": { "rand_point_id": 1947 }, "geometry": { "type": "Point", "coordinates": [ 11.557839, 47.012595 ] } },
{ "type": "Feature", "properties": { "rand_point_id": 1948 }, "geometry": { "type": "Point", "coordinates": [ 16.389782, 48.660441 ] } },
{ "type": "Feature", "properties": { "rand_point_id": 1949 }, "geometry": { "type": "Point", "coordinates": [ 15.071519, 47.23465 ] } },
{ "type": "Feature", "properties": { "rand_point_id": 1950 }, "geometry": { "type": "Point", "coordinates": [ 16.837074, 48.228685 ] } },
{ "type": "Feature", "properties": { "rand_point_id": 1951 }, "geometry": { "type": "Point", "coordinates": [ 15.053483, 46.861316 ] } },
{ "type": "Feature", "properties": { "rand_point_id": 1952 }, "geometry": { "type": "Point", "coordinates": [ 15.948402, 46.768495 ] } },
{ "type": "Feature", "properties": { "rand_point_id": 1953 }, "geometry": { "type": "Point", "coordinates": [ 16.038464, 48.412124 ] } },
{ "type": "Feature", "properties": { "rand_point_id": 1954 }, "geometry": { "type": "Point", "coordinates": [ 16.004607, 48.496802 ] } },
{ "type": "Feature", "properties": { "rand_point_id": 1955 }, "geometry": { "type": "Point", "coordinates": [ 11.792049, 46.999923 ] } },
{ "type": "Feature", "properties": { "rand_point_id": 1956 }, "geometry": { "type": "Point", "coordinates": [ 12.950322, 46.681095 ] } },
{ "type": "Feature", "properties": { "rand_point_id": 1957 }, "geometry": { "type": "Point", "coordinates": [ 13.146283, 46.855833 ] } },
{ "type": "Feature", "properties": { "rand_point_id": 1958 }, "geometry": { "type": "Point", "coordinates": [ 15.521368, 46.71151 ] } },
{ "type": "Feature", "properties": { "rand_point_id": 1959 }, "geometry": { "type": "Point", "coordinates": [ 15.452062, 48.543218 ] } },
{ "type": "Feature", "properties": { "rand_point_id": 1960 }, "geometry": { "type": "Point", "coordinates": [ 14.835123, 48.471508 ] } },
{ "type": "Feature", "properties": { "rand_point_id": 1961 }, "geometry": { "type": "Point", "coordinates": [ 14.773641, 47.741543 ] } },
{ "type": "Feature", "properties": { "rand_point_id": 1962 }, "geometry": { "type": "Point", "coordinates": [ 10.746512, 47.059452 ] } },
{ "type": "Feature", "properties": { "rand_point_id": 1963 }, "geometry": { "type": "Point", "coordinates": [ 15.225731, 48.504041 ] } },
{ "type": "Feature", "properties": { "rand_point_id": 1964 }, "geometry": { "type": "Point", "coordinates": [ 13.80172, 48.129207 ] } },
{ "type": "Feature", "properties": { "rand_point_id": 1965 }, "geometry": { "type": "Point", "coordinates": [ 16.059384, 46.882981 ] } },
{ "type": "Feature", "properties": { "rand_point_id": 1966 }, "geometry": { "type": "Point", "coordinates": [ 12.1665, 47.233233 ] } },
{ "type": "Feature", "properties": { "rand_point_id": 1967 }, "geometry": { "type": "Point", "coordinates": [ 14.065414, 46.894401 ] } },
{ "type": "Feature", "properties": { "rand_point_id": 1968 }, "geometry": { "type": "Point", "coordinates": [ 16.30495, 47.483343 ] } },
{ "type": "Feature", "properties": { "rand_point_id": 1969 }, "geometry": { "type": "Point", "coordinates": [ 16.37617, 47.657297 ] } },
{ "type": "Feature", "properties": { "rand_point_id": 1970 }, "geometry": { "type": "Point", "coordinates": [ 12.212905, 47.28377 ] } },
{ "type": "Feature", "properties": { "rand_point_id": 1971 }, "geometry": { "type": "Point", "coordinates": [ 14.721813, 47.906863 ] } },
{ "type": "Feature", "properties": { "rand_point_id": 1972 }, "geometry": { "type": "Point", "coordinates": [ 14.93673, 48.450554 ] } },
{ "type": "Feature", "properties": { "rand_point_id": 1973 }, "geometry": { "type": "Point", "coordinates": [ 13.589963, 48.02023 ] } },
{ "type": "Feature", "properties": { "rand_point_id": 1974 }, "geometry": { "type": "Point", "coordinates": [ 15.60648, 48.262529 ] } },
{ "type": "Feature", "properties": { "rand_point_id": 1975 }, "geometry": { "type": "Point", "coordinates": [ 15.84553, 48.757599 ] } },
{ "type": "Feature", "properties": { "rand_point_id": 1976 }, "geometry": { "type": "Point", "coordinates": [ 13.331661, 48.028775 ] } },
{ "type": "Feature", "properties": { "rand_point_id": 1977 }, "geometry": { "type": "Point", "coordinates": [ 11.686482, 47.534664 ] } },
{ "type": "Feature", "properties": { "rand_point_id": 1978 }, "geometry": { "type": "Point", "coordinates": [ 13.60446, 47.816535 ] } },
{ "type": "Feature", "properties": { "rand_point_id": 1979 }, "geometry": { "type": "Point", "coordinates": [ 12.397148, 47.617612 ] } },
{ "type": "Feature", "properties": { "rand_point_id": 1980 }, "geometry": { "type": "Point", "coordinates": [ 14.748733, 46.989552 ] } },
{ "type": "Feature", "properties": { "rand_point_id": 1981 }, "geometry": { "type": "Point", "coordinates": [ 13.451916, 47.143993 ] } },
{ "type": "Feature", "properties": { "rand_point_id": 1982 }, "geometry": { "type": "Point", "coordinates": [ 13.882643, 47.574899 ] } },
{ "type": "Feature", "properties": { "rand_point_id": 1983 }, "geometry": { "type": "Point", "coordinates": [ 12.440041, 46.773772 ] } },
{ "type": "Feature", "properties": { "rand_point_id": 1984 }, "geometry": { "type": "Point", "coordinates": [ 15.320755, 47.875186 ] } },
{ "type": "Feature", "properties": { "rand_point_id": 1985 }, "geometry": { "type": "Point", "coordinates": [ 13.854035, 47.298811 ] } },
{ "type": "Feature", "properties": { "rand_point_id": 1986 }, "geometry": { "type": "Point", "coordinates": [ 16.141234, 47.639348 ] } },
{ "type": "Feature", "properties": { "rand_point_id": 1987 }, "geometry": { "type": "Point", "coordinates": [ 14.780748, 46.97414 ] } },
{ "type": "Feature", "properties": { "rand_point_id": 1988 }, "geometry": { "type": "Point", "coordinates": [ 12.309058, 46.824451 ] } },
{ "type": "Feature", "properties": { "rand_point_id": 1989 }, "geometry": { "type": "Point", "coordinates": [ 15.901404, 47.631584 ] } },
{ "type": "Feature", "properties": { "rand_point_id": 1990 }, "geometry": { "type": "Point", "coordinates": [ 14.389834, 47.65709 ] } },
{ "type": "Feature", "properties": { "rand_point_id": 1991 }, "geometry": { "type": "Point", "coordinates": [ 15.354523, 47.043944 ] } },
{ "type": "Feature", "properties": { "rand_point_id": 1992 }, "geometry": { "type": "Point", "coordinates": [ 14.442186, 48.294122 ] } },
{ "type": "Feature", "properties": { "rand_point_id": 1993 }, "geometry": { "type": "Point", "coordinates": [ 16.210671, 47.019464 ] } },
{ "type": "Feature", "properties": { "rand_point_id": 1994 }, "geometry": { "type": "Point", "coordinates": [ 13.986339, 47.180116 ] } },
{ "type": "Feature", "properties": { "rand_point_id": 1995 }, "geometry": { "type": "Point", "coordinates": [ 14.948483, 47.015323 ] } },
{ "type": "Feature", "properties": { "rand_point_id": 1996 }, "geometry": { "type": "Point", "coordinates": [ 14.670144, 47.116811 ] } },
{ "type": "Feature", "properties": { "rand_point_id": 1997 }, "geometry": { "type": "Point", "coordinates": [ 15.783348, 47.152923 ] } },
{ "type": "Feature", "properties": { "rand_point_id": 1998 }, "geometry": { "type": "Point", "coordinates": [ 15.03849, 47.020478 ] } },
{ "type": "Feature", "properties": { "rand_point_id": 1999 }, "geometry": { "type": "Point", "coordinates": [ 14.873508, 47.019964 ] } },
{ "type": "Feature", "properties": { "rand_point_id": 2000 }, "geometry": { "type": "Point", "coordinates": [ 13.221665, 48.216142 ] } },
{ "type": "Feature", "properties": { "rand_point_id": 2001 }, "geometry": { "type": "Point", "coordinates": [ 12.939456, 46.646692 ] } },
{ "type": "Feature", "properties": { "rand_point_id": 2002 }, "geometry": { "type": "Point", "coordinates": [ 13.164373, 47.463683 ] } },
{ "type": "Feature", "properties": { "rand_point_id": 2003 }, "geometry": { "type": "Point", "coordinates": [ 13.02662, 47.247039 ] } },
{ "type": "Feature", "properties": { "rand_point_id": 2004 }, "geometry": { "type": "Point", "coordinates": [ 13.614022, 47.474096 ] } },
{ "type": "Feature", "properties": { "rand_point_id": 2005 }, "geometry": { "type": "Point", "coordinates": [ 10.711085, 46.957952 ] } },
{ "type": "Feature", "properties": { "rand_point_id": 2006 }, "geometry": { "type": "Point", "coordinates": [ 12.54726, 46.889898 ] } },
{ "type": "Feature", "properties": { "rand_point_id": 2007 }, "geometry": { "type": "Point", "coordinates": [ 15.863978, 46.761782 ] } },
{ "type": "Feature", "properties": { "rand_point_id": 2008 }, "geometry": { "type": "Point", "coordinates": [ 13.193456, 46.973056 ] } },
{ "type": "Feature", "properties": { "rand_point_id": 2009 }, "geometry": { "type": "Point", "coordinates": [ 14.152705, 47.982041 ] } },
{ "type": "Feature", "properties": { "rand_point_id": 2010 }, "geometry": { "type": "Point", "coordinates": [ 14.442419, 47.525583 ] } },
{ "type": "Feature", "properties": { "rand_point_id": 2011 }, "geometry": { "type": "Point", "coordinates": [ 12.606163, 46.847734 ] } },
{ "type": "Feature", "properties": { "rand_point_id": 2012 }, "geometry": { "type": "Point", "coordinates": [ 15.10797, 46.85135 ] } },
{ "type": "Feature", "properties": { "rand_point_id": 2013 }, "geometry": { "type": "Point", "coordinates": [ 16.43724, 48.233092 ] } },
{ "type": "Feature", "properties": { "rand_point_id": 2014 }, "geometry": { "type": "Point", "coordinates": [ 14.621981, 48.552958 ] } },
{ "type": "Feature", "properties": { "rand_point_id": 2015 }, "geometry": { "type": "Point", "coordinates": [ 13.720619, 46.811851 ] } },
{ "type": "Feature", "properties": { "rand_point_id": 2016 }, "geometry": { "type": "Point", "coordinates": [ 12.875327, 46.722184 ] } },
{ "type": "Feature", "properties": { "rand_point_id": 2017 }, "geometry": { "type": "Point", "coordinates": [ 16.182366, 47.465807 ] } },
{ "type": "Feature", "properties": { "rand_point_id": 2018 }, "geometry": { "type": "Point", "coordinates": [ 14.211616, 46.874938 ] } },
{ "type": "Feature", "properties": { "rand_point_id": 2019 }, "geometry": { "type": "Point", "coordinates": [ 13.09066, 48.022404 ] } },
{ "type": "Feature", "properties": { "rand_point_id": 2020 }, "geometry": { "type": "Point", "coordinates": [ 14.061795, 48.188028 ] } },
{ "type": "Feature", "properties": { "rand_point_id": 2021 }, "geometry": { "type": "Point", "coordinates": [ 12.376576, 47.199563 ] } },
{ "type": "Feature", "properties": { "rand_point_id": 2022 }, "geometry": { "type": "Point", "coordinates": [ 16.123543, 47.118072 ] } },
{ "type": "Feature", "properties": { "rand_point_id": 2023 }, "geometry": { "type": "Point", "coordinates": [ 15.135535, 48.318317 ] } },
{ "type": "Feature", "properties": { "rand_point_id": 2024 }, "geometry": { "type": "Point", "coordinates": [ 10.80279, 47.514291 ] } },
{ "type": "Feature", "properties": { "rand_point_id": 2025 }, "geometry": { "type": "Point", "coordinates": [ 12.611111, 47.07915 ] } },
{ "type": "Feature", "properties": { "rand_point_id": 2026 }, "geometry": { "type": "Point", "coordinates": [ 14.54752, 46.829135 ] } },
{ "type": "Feature", "properties": { "rand_point_id": 2027 }, "geometry": { "type": "Point", "coordinates": [ 13.756458, 48.544123 ] } },
{ "type": "Feature", "properties": { "rand_point_id": 2028 }, "geometry": { "type": "Point", "coordinates": [ 16.348229, 48.210273 ] } },
{ "type": "Feature", "properties": { "rand_point_id": 2029 }, "geometry": { "type": "Point", "coordinates": [ 10.744455, 47.159637 ] } },
{ "type": "Feature", "properties": { "rand_point_id": 2030 }, "geometry": { "type": "Point", "coordinates": [ 14.309633, 46.757516 ] } },
{ "type": "Feature", "properties": { "rand_point_id": 2031 }, "geometry": { "type": "Point", "coordinates": [ 11.528072, 47.057082 ] } },
{ "type": "Feature", "properties": { "rand_point_id": 2032 }, "geometry": { "type": "Point", "coordinates": [ 11.741496, 47.416075 ] } },
{ "type": "Feature", "properties": { "rand_point_id": 2033 }, "geometry": { "type": "Point", "coordinates": [ 14.667296, 48.003372 ] } },
{ "type": "Feature", "properties": { "rand_point_id": 2034 }, "geometry": { "type": "Point", "coordinates": [ 10.729024, 47.282998 ] } },
{ "type": "Feature", "properties": { "rand_point_id": 2035 }, "geometry": { "type": "Point", "coordinates": [ 15.032328, 47.020539 ] } },
{ "type": "Feature", "properties": { "rand_point_id": 2036 }, "geometry": { "type": "Point", "coordinates": [ 13.128546, 46.624725 ] } },
{ "type": "Feature", "properties": { "rand_point_id": 2037 }, "geometry": { "type": "Point", "coordinates": [ 16.467858, 48.129131 ] } },
{ "type": "Feature", "properties": { "rand_point_id": 2038 }, "geometry": { "type": "Point", "coordinates": [ 13.637997, 48.241676 ] } },
{ "type": "Feature", "properties": { "rand_point_id": 2039 }, "geometry": { "type": "Point", "coordinates": [ 11.677605, 47.465228 ] } },
{ "type": "Feature", "properties": { "rand_point_id": 2040 }, "geometry": { "type": "Point", "coordinates": [ 11.991816, 47.376683 ] } },
{ "type": "Feature", "properties": { "rand_point_id": 2041 }, "geometry": { "type": "Point", "coordinates": [ 14.049397, 47.779266 ] } },
{ "type": "Feature", "properties": { "rand_point_id": 2042 }, "geometry": { "type": "Point", "coordinates": [ 13.197642, 48.149164 ] } },
{ "type": "Feature", "properties": { "rand_point_id": 2043 }, "geometry": { "type": "Point", "coordinates": [ 16.074175, 48.359371 ] } },
{ "type": "Feature", "properties": { "rand_point_id": 2044 }, "geometry": { "type": "Point", "coordinates": [ 16.177872, 47.148635 ] } },
{ "type": "Feature", "properties": { "rand_point_id": 2045 }, "geometry": { "type": "Point", "coordinates": [ 13.324382, 47.121678 ] } },
{ "type": "Feature", "properties": { "rand_point_id": 2046 }, "geometry": { "type": "Point", "coordinates": [ 12.264621, 47.545872 ] } },
{ "type": "Feature", "properties": { "rand_point_id": 2047 }, "geometry": { "type": "Point", "coordinates": [ 11.330651, 47.309573 ] } },
{ "type": "Feature", "properties": { "rand_point_id": 2048 }, "geometry": { "type": "Point", "coordinates": [ 15.850882, 48.352928 ] } },
{ "type": "Feature", "properties": { "rand_point_id": 2049 }, "geometry": { "type": "Point", "coordinates": [ 14.426236, 48.025845 ] } },
{ "type": "Feature", "properties": { "rand_point_id": 2050 }, "geometry": { "type": "Point", "coordinates": [ 14.388988, 47.595309 ] } },
{ "type": "Feature", "properties": { "rand_point_id": 2051 }, "geometry": { "type": "Point", "coordinates": [ 15.924285, 48.454679 ] } },
{ "type": "Feature", "properties": { "rand_point_id": 2052 }, "geometry": { "type": "Point", "coordinates": [ 13.312906, 47.729025 ] } },
{ "type": "Feature", "properties": { "rand_point_id": 2053 }, "geometry": { "type": "Point", "coordinates": [ 14.218635, 46.544717 ] } },
{ "type": "Feature", "properties": { "rand_point_id": 2054 }, "geometry": { "type": "Point", "coordinates": [ 13.571405, 46.783333 ] } },
{ "type": "Feature", "properties": { "rand_point_id": 2055 }, "geometry": { "type": "Point", "coordinates": [ 14.995587, 48.366412 ] } },
{ "type": "Feature", "properties": { "rand_point_id": 2056 }, "geometry": { "type": "Point", "coordinates": [ 13.280986, 47.528992 ] } },
{ "type": "Feature", "properties": { "rand_point_id": 2057 }, "geometry": { "type": "Point", "coordinates": [ 11.158348, 47.280292 ] } },
{ "type": "Feature", "properties": { "rand_point_id": 2058 }, "geometry": { "type": "Point", "coordinates": [ 15.594034, 46.977281 ] } },
{ "type": "Feature", "properties": { "rand_point_id": 2059 }, "geometry": { "type": "Point", "coordinates": [ 14.726706, 46.583694 ] } },
{ "type": "Feature", "properties": { "rand_point_id": 2060 }, "geometry": { "type": "Point", "coordinates": [ 13.943173, 47.668257 ] } },
{ "type": "Feature", "properties": { "rand_point_id": 2061 }, "geometry": { "type": "Point", "coordinates": [ 10.976655, 47.320913 ] } },
{ "type": "Feature", "properties": { "rand_point_id": 2062 }, "geometry": { "type": "Point", "coordinates": [ 15.746098, 48.368497 ] } },
{ "type": "Feature", "properties": { "rand_point_id": 2063 }, "geometry": { "type": "Point", "coordinates": [ 11.133234, 47.195569 ] } },
{ "type": "Feature", "properties": { "rand_point_id": 2064 }, "geometry": { "type": "Point", "coordinates": [ 14.722741, 47.57095 ] } },
{ "type": "Feature", "properties": { "rand_point_id": 2065 }, "geometry": { "type": "Point", "coordinates": [ 13.672862, 47.931998 ] } },
{ "type": "Feature", "properties": { "rand_point_id": 2066 }, "geometry": { "type": "Point", "coordinates": [ 16.495943, 47.602732 ] } },
{ "type": "Feature", "properties": { "rand_point_id": 2067 }, "geometry": { "type": "Point", "coordinates": [ 15.032119, 47.942913 ] } },
{ "type": "Feature", "properties": { "rand_point_id": 2068 }, "geometry": { "type": "Point", "coordinates": [ 13.243091, 46.604174 ] } },
{ "type": "Feature", "properties": { "rand_point_id": 2069 }, "geometry": { "type": "Point", "coordinates": [ 9.797867, 47.140944 ] } },
{ "type": "Feature", "properties": { "rand_point_id": 2070 }, "geometry": { "type": "Point", "coordinates": [ 16.273139, 47.866215 ] } },
{ "type": "Feature", "properties": { "rand_point_id": 2071 }, "geometry": { "type": "Point", "coordinates": [ 15.569866, 48.465462 ] } },
{ "type": "Feature", "properties": { "rand_point_id": 2072 }, "geometry": { "type": "Point", "coordinates": [ 14.492579, 47.081534 ] } },
{ "type": "Feature", "properties": { "rand_point_id": 2073 }, "geometry": { "type": "Point", "coordinates": [ 12.39725, 46.912289 ] } },
{ "type": "Feature", "properties": { "rand_point_id": 2074 }, "geometry": { "type": "Point", "coordinates": [ 15.004098, 48.938085 ] } },
{ "type": "Feature", "properties": { "rand_point_id": 2075 }, "geometry": { "type": "Point", "coordinates": [ 16.833163, 48.129213 ] } },
{ "type": "Feature", "properties": { "rand_point_id": 2076 }, "geometry": { "type": "Point", "coordinates": [ 15.08103, 48.097502 ] } },
{ "type": "Feature", "properties": { "rand_point_id": 2077 }, "geometry": { "type": "Point", "coordinates": [ 14.389175, 46.48194 ] } },
{ "type": "Feature", "properties": { "rand_point_id": 2078 }, "geometry": { "type": "Point", "coordinates": [ 15.281756, 47.772605 ] } },
{ "type": "Feature", "properties": { "rand_point_id": 2079 }, "geometry": { "type": "Point", "coordinates": [ 13.848616, 48.649466 ] } },
{ "type": "Feature", "properties": { "rand_point_id": 2080 }, "geometry": { "type": "Point", "coordinates": [ 15.30812, 48.970893 ] } },
{ "type": "Feature", "properties": { "rand_point_id": 2081 }, "geometry": { "type": "Point", "coordinates": [ 15.637048, 48.315835 ] } },
{ "type": "Feature", "properties": { "rand_point_id": 2082 }, "geometry": { "type": "Point", "coordinates": [ 13.538205, 48.137467 ] } },
{ "type": "Feature", "properties": { "rand_point_id": 2083 }, "geometry": { "type": "Point", "coordinates": [ 10.712811, 47.108546 ] } },
{ "type": "Feature", "properties": { "rand_point_id": 2084 }, "geometry": { "type": "Point", "coordinates": [ 16.445595, 47.943635 ] } },
{ "type": "Feature", "properties": { "rand_point_id": 2085 }, "geometry": { "type": "Point", "coordinates": [ 15.019038, 48.109747 ] } },
{ "type": "Feature", "properties": { "rand_point_id": 2086 }, "geometry": { "type": "Point", "coordinates": [ 13.879391, 47.572345 ] } },
{ "type": "Feature", "properties": { "rand_point_id": 2087 }, "geometry": { "type": "Point", "coordinates": [ 13.136337, 46.823341 ] } },
{ "type": "Feature", "properties": { "rand_point_id": 2088 }, "geometry": { "type": "Point", "coordinates": [ 15.190789, 47.089992 ] } },
{ "type": "Feature", "properties": { "rand_point_id": 2089 }, "geometry": { "type": "Point", "coordinates": [ 13.757942, 46.726621 ] } },
{ "type": "Feature", "properties": { "rand_point_id": 2090 }, "geometry": { "type": "Point", "coordinates": [ 13.584449, 46.992816 ] } },
{ "type": "Feature", "properties": { "rand_point_id": 2091 }, "geometry": { "type": "Point", "coordinates": [ 10.440024, 46.960634 ] } },
{ "type": "Feature", "properties": { "rand_point_id": 2092 }, "geometry": { "type": "Point", "coordinates": [ 15.377657, 48.203527 ] } },
{ "type": "Feature", "properties": { "rand_point_id": 2093 }, "geometry": { "type": "Point", "coordinates": [ 14.12598, 46.669058 ] } },
{ "type": "Feature", "properties": { "rand_point_id": 2094 }, "geometry": { "type": "Point", "coordinates": [ 15.4241, 48.185118 ] } },
{ "type": "Feature", "properties": { "rand_point_id": 2095 }, "geometry": { "type": "Point", "coordinates": [ 10.828576, 46.796346 ] } },
{ "type": "Feature", "properties": { "rand_point_id": 2096 }, "geometry": { "type": "Point", "coordinates": [ 13.078095, 48.272198 ] } },
{ "type": "Feature", "properties": { "rand_point_id": 2097 }, "geometry": { "type": "Point", "coordinates": [ 13.828599, 47.967989 ] } },
{ "type": "Feature", "properties": { "rand_point_id": 2098 }, "geometry": { "type": "Point", "coordinates": [ 12.017134, 47.467722 ] } },
{ "type": "Feature", "properties": { "rand_point_id": 2099 }, "geometry": { "type": "Point", "coordinates": [ 15.861195, 47.832483 ] } },
{ "type": "Feature", "properties": { "rand_point_id": 2100 }, "geometry": { "type": "Point", "coordinates": [ 14.847325, 47.016781 ] } },
{ "type": "Feature", "properties": { "rand_point_id": 2101 }, "geometry": { "type": "Point", "coordinates": [ 13.74491, 48.243582 ] } },
{ "type": "Feature", "properties": { "rand_point_id": 2102 }, "geometry": { "type": "Point", "coordinates": [ 12.704103, 47.127306 ] } },
{ "type": "Feature", "properties": { "rand_point_id": 2103 }, "geometry": { "type": "Point", "coordinates": [ 15.069448, 47.948753 ] } },
{ "type": "Feature", "properties": { "rand_point_id": 2104 }, "geometry": { "type": "Point", "coordinates": [ 16.344921, 48.162797 ] } },
{ "type": "Feature", "properties": { "rand_point_id": 2105 }, "geometry": { "type": "Point", "coordinates": [ 13.54984, 47.680005 ] } },
{ "type": "Feature", "properties": { "rand_point_id": 2106 }, "geometry": { "type": "Point", "coordinates": [ 16.208303, 48.202434 ] } },
{ "type": "Feature", "properties": { "rand_point_id": 2107 }, "geometry": { "type": "Point", "coordinates": [ 14.059718, 47.86752 ] } },
{ "type": "Feature", "properties": { "rand_point_id": 2108 }, "geometry": { "type": "Point", "coordinates": [ 12.349429, 47.031802 ] } },
{ "type": "Feature", "properties": { "rand_point_id": 2109 }, "geometry": { "type": "Point", "coordinates": [ 12.854581, 47.176635 ] } },
{ "type": "Feature", "properties": { "rand_point_id": 2110 }, "geometry": { "type": "Point", "coordinates": [ 12.980286, 47.888142 ] } },
{ "type": "Feature", "properties": { "rand_point_id": 2111 }, "geometry": { "type": "Point", "coordinates": [ 13.067085, 47.716278 ] } },
{ "type": "Feature", "properties": { "rand_point_id": 2112 }, "geometry": { "type": "Point", "coordinates": [ 13.419995, 47.84704 ] } },
{ "type": "Feature", "properties": { "rand_point_id": 2113 }, "geometry": { "type": "Point", "coordinates": [ 15.639109, 48.527413 ] } },
{ "type": "Feature", "properties": { "rand_point_id": 2114 }, "geometry": { "type": "Point", "coordinates": [ 13.11817, 46.91625 ] } },
{ "type": "Feature", "properties": { "rand_point_id": 2115 }, "geometry": { "type": "Point", "coordinates": [ 13.683631, 47.977097 ] } },
{ "type": "Feature", "properties": { "rand_point_id": 2116 }, "geometry": { "type": "Point", "coordinates": [ 15.518647, 48.567037 ] } },
{ "type": "Feature", "properties": { "rand_point_id": 2117 }, "geometry": { "type": "Point", "coordinates": [ 16.211315, 48.679738 ] } },
{ "type": "Feature", "properties": { "rand_point_id": 2118 }, "geometry": { "type": "Point", "coordinates": [ 12.794468, 46.694467 ] } },
{ "type": "Feature", "properties": { "rand_point_id": 2119 }, "geometry": { "type": "Point", "coordinates": [ 12.678842, 47.255162 ] } },
{ "type": "Feature", "properties": { "rand_point_id": 2120 }, "geometry": { "type": "Point", "coordinates": [ 12.836063, 47.112355 ] } },
{ "type": "Feature", "properties": { "rand_point_id": 2121 }, "geometry": { "type": "Point", "coordinates": [ 15.442043, 47.385071 ] } },
{ "type": "Feature", "properties": { "rand_point_id": 2122 }, "geometry": { "type": "Point", "coordinates": [ 15.368179, 46.769832 ] } },
{ "type": "Feature", "properties": { "rand_point_id": 2123 }, "geometry": { "type": "Point", "coordinates": [ 14.979111, 47.826873 ] } },
{ "type": "Feature", "properties": { "rand_point_id": 2124 }, "geometry": { "type": "Point", "coordinates": [ 12.935142, 47.989114 ] } },
{ "type": "Feature", "properties": { "rand_point_id": 2125 }, "geometry": { "type": "Point", "coordinates": [ 13.324828, 47.457261 ] } },
{ "type": "Feature", "properties": { "rand_point_id": 2126 }, "geometry": { "type": "Point", "coordinates": [ 16.099693, 48.197619 ] } },
{ "type": "Feature", "properties": { "rand_point_id": 2127 }, "geometry": { "type": "Point", "coordinates": [ 13.758171, 46.920387 ] } },
{ "type": "Feature", "properties": { "rand_point_id": 2128 }, "geometry": { "type": "Point", "coordinates": [ 13.195391, 47.607503 ] } },
{ "type": "Feature", "properties": { "rand_point_id": 2129 }, "geometry": { "type": "Point", "coordinates": [ 15.044162, 46.656954 ] } },
{ "type": "Feature", "properties": { "rand_point_id": 2130 }, "geometry": { "type": "Point", "coordinates": [ 14.89794, 48.301196 ] } },
{ "type": "Feature", "properties": { "rand_point_id": 2131 }, "geometry": { "type": "Point", "coordinates": [ 12.893255, 46.796065 ] } },
{ "type": "Feature", "properties": { "rand_point_id": 2132 }, "geometry": { "type": "Point", "coordinates": [ 13.201629, 47.128669 ] } },
{ "type": "Feature", "properties": { "rand_point_id": 2133 }, "geometry": { "type": "Point", "coordinates": [ 15.040962, 47.952704 ] } },
{ "type": "Feature", "properties": { "rand_point_id": 2134 }, "geometry": { "type": "Point", "coordinates": [ 16.277922, 47.901396 ] } },
{ "type": "Feature", "properties": { "rand_point_id": 2135 }, "geometry": { "type": "Point", "coordinates": [ 13.661109, 48.429821 ] } },
{ "type": "Feature", "properties": { "rand_point_id": 2136 }, "geometry": { "type": "Point", "coordinates": [ 13.076594, 47.469763 ] } },
{ "type": "Feature", "properties": { "rand_point_id": 2137 }, "geometry": { "type": "Point", "coordinates": [ 13.531992, 48.383586 ] } },
{ "type": "Feature", "properties": { "rand_point_id": 2138 }, "geometry": { "type": "Point", "coordinates": [ 15.42043, 48.743768 ] } },
{ "type": "Feature", "properties": { "rand_point_id": 2139 }, "geometry": { "type": "Point", "coordinates": [ 12.25617, 47.509586 ] } },
{ "type": "Feature", "properties": { "rand_point_id": 2140 }, "geometry": { "type": "Point", "coordinates": [ 15.595252, 48.623076 ] } },
{ "type": "Feature", "properties": { "rand_point_id": 2141 }, "geometry": { "type": "Point", "coordinates": [ 15.443836, 48.331655 ] } },
{ "type": "Feature", "properties": { "rand_point_id": 2142 }, "geometry": { "type": "Point", "coordinates": [ 15.049142, 47.569452 ] } },
{ "type": "Feature", "properties": { "rand_point_id": 2143 }, "geometry": { "type": "Point", "coordinates": [ 13.324003, 47.784497 ] } },
{ "type": "Feature", "properties": { "rand_point_id": 2144 }, "geometry": { "type": "Point", "coordinates": [ 16.48219, 48.272527 ] } },
{ "type": "Feature", "properties": { "rand_point_id": 2145 }, "geometry": { "type": "Point", "coordinates": [ 14.439546, 47.76253 ] } },
{ "type": "Feature", "properties": { "rand_point_id": 2146 }, "geometry": { "type": "Point", "coordinates": [ 14.202796, 47.104048 ] } },
{ "type": "Feature", "properties": { "rand_point_id": 2147 }, "geometry": { "type": "Point", "coordinates": [ 14.476578, 46.885693 ] } },
{ "type": "Feature", "properties": { "rand_point_id": 2148 }, "geometry": { "type": "Point", "coordinates": [ 16.879647, 48.013756 ] } },
{ "type": "Feature", "properties": { "rand_point_id": 2149 }, "geometry": { "type": "Point", "coordinates": [ 13.067735, 46.672212 ] } },
{ "type": "Feature", "properties": { "rand_point_id": 2150 }, "geometry": { "type": "Point", "coordinates": [ 16.01471, 47.508703 ] } },
{ "type": "Feature", "properties": { "rand_point_id": 2151 }, "geometry": { "type": "Point", "coordinates": [ 12.399694, 46.71408 ] } },
{ "type": "Feature", "properties": { "rand_point_id": 2152 }, "geometry": { "type": "Point", "coordinates": [ 12.638016, 46.668673 ] } },
{ "type": "Feature", "properties": { "rand_point_id": 2153 }, "geometry": { "type": "Point", "coordinates": [ 15.555742, 47.234497 ] } },
{ "type": "Feature", "properties": { "rand_point_id": 2154 }, "geometry": { "type": "Point", "coordinates": [ 10.60509, 47.090217 ] } },
{ "type": "Feature", "properties": { "rand_point_id": 2155 }, "geometry": { "type": "Point", "coordinates": [ 15.061852, 47.517954 ] } },
{ "type": "Feature", "properties": { "rand_point_id": 2156 }, "geometry": { "type": "Point", "coordinates": [ 16.046702, 46.941987 ] } },
{ "type": "Feature", "properties": { "rand_point_id": 2157 }, "geometry": { "type": "Point", "coordinates": [ 15.17703, 47.849222 ] } },
{ "type": "Feature", "properties": { "rand_point_id": 2158 }, "geometry": { "type": "Point", "coordinates": [ 14.470748, 47.284037 ] } },
{ "type": "Feature", "properties": { "rand_point_id": 2159 }, "geometry": { "type": "Point", "coordinates": [ 15.077299, 47.287975 ] } },
{ "type": "Feature", "properties": { "rand_point_id": 2160 }, "geometry": { "type": "Point", "coordinates": [ 12.063325, 47.454529 ] } },
{ "type": "Feature", "properties": { "rand_point_id": 2161 }, "geometry": { "type": "Point", "coordinates": [ 14.011624, 48.433267 ] } },
{ "type": "Feature", "properties": { "rand_point_id": 2162 }, "geometry": { "type": "Point", "coordinates": [ 10.777002, 47.498542 ] } },
{ "type": "Feature", "properties": { "rand_point_id": 2163 }, "geometry": { "type": "Point", "coordinates": [ 15.103364, 47.312656 ] } },
{ "type": "Feature", "properties": { "rand_point_id": 2164 }, "geometry": { "type": "Point", "coordinates": [ 15.683513, 48.037298 ] } },
{ "type": "Feature", "properties": { "rand_point_id": 2165 }, "geometry": { "type": "Point", "coordinates": [ 9.770558, 47.125834 ] } },
{ "type": "Feature", "properties": { "rand_point_id": 2166 }, "geometry": { "type": "Point", "coordinates": [ 14.021168, 47.067176 ] } },
{ "type": "Feature", "properties": { "rand_point_id": 2167 }, "geometry": { "type": "Point", "coordinates": [ 9.993074, 47.177626 ] } },
{ "type": "Feature", "properties": { "rand_point_id": 2168 }, "geometry": { "type": "Point", "coordinates": [ 14.823064, 47.723602 ] } },
{ "type": "Feature", "properties": { "rand_point_id": 2169 }, "geometry": { "type": "Point", "coordinates": [ 13.180923, 48.004684 ] } },
{ "type": "Feature", "properties": { "rand_point_id": 2170 }, "geometry": { "type": "Point", "coordinates": [ 12.659789, 47.625986 ] } },
{ "type": "Feature", "properties": { "rand_point_id": 2171 }, "geometry": { "type": "Point", "coordinates": [ 13.158824, 47.51127 ] } },
{ "type": "Feature", "properties": { "rand_point_id": 2172 }, "geometry": { "type": "Point", "coordinates": [ 14.049101, 47.429083 ] } },
{ "type": "Feature", "properties": { "rand_point_id": 2173 }, "geometry": { "type": "Point", "coordinates": [ 15.885366, 48.830689 ] } },
{ "type": "Feature", "properties": { "rand_point_id": 2174 }, "geometry": { "type": "Point", "coordinates": [ 14.654344, 46.789401 ] } },
{ "type": "Feature", "properties": { "rand_point_id": 2175 }, "geometry": { "type": "Point", "coordinates": [ 16.963216, 47.75276 ] } },
{ "type": "Feature", "properties": { "rand_point_id": 2176 }, "geometry": { "type": "Point", "coordinates": [ 14.861153, 48.223425 ] } },
{ "type": "Feature", "properties": { "rand_point_id": 2177 }, "geometry": { "type": "Point", "coordinates": [ 12.090368, 47.402257 ] } },
{ "type": "Feature", "properties": { "rand_point_id": 2178 }, "geometry": { "type": "Point", "coordinates": [ 13.379368, 47.339254 ] } },
{ "type": "Feature", "properties": { "rand_point_id": 2179 }, "geometry": { "type": "Point", "coordinates": [ 14.345493, 48.544006 ] } },
{ "type": "Feature", "properties": { "rand_point_id": 2180 }, "geometry": { "type": "Point", "coordinates": [ 13.301605, 48.305382 ] } },
{ "type": "Feature", "properties": { "rand_point_id": 2181 }, "geometry": { "type": "Point", "coordinates": [ 13.803549, 47.564442 ] } },
{ "type": "Feature", "properties": { "rand_point_id": 2182 }, "geometry": { "type": "Point", "coordinates": [ 13.586648, 47.667207 ] } },
{ "type": "Feature", "properties": { "rand_point_id": 2183 }, "geometry": { "type": "Point", "coordinates": [ 13.482555, 47.246989 ] } },
{ "type": "Feature", "properties": { "rand_point_id": 2184 }, "geometry": { "type": "Point", "coordinates": [ 14.369996, 47.983131 ] } },
{ "type": "Feature", "properties": { "rand_point_id": 2185 }, "geometry": { "type": "Point", "coordinates": [ 16.818871, 48.216201 ] } },
{ "type": "Feature", "properties": { "rand_point_id": 2186 }, "geometry": { "type": "Point", "coordinates": [ 9.888843, 47.466795 ] } },
{ "type": "Feature", "properties": { "rand_point_id": 2187 }, "geometry": { "type": "Point", "coordinates": [ 10.218847, 46.908026 ] } },
{ "type": "Feature", "properties": { "rand_point_id": 2188 }, "geometry": { "type": "Point", "coordinates": [ 14.182489, 48.276189 ] } },
{ "type": "Feature", "properties": { "rand_point_id": 2189 }, "geometry": { "type": "Point", "coordinates": [ 12.856811, 46.94158 ] } },
{ "type": "Feature", "properties": { "rand_point_id": 2190 }, "geometry": { "type": "Point", "coordinates": [ 13.859604, 47.697888 ] } },
{ "type": "Feature", "properties": { "rand_point_id": 2191 }, "geometry": { "type": "Point", "coordinates": [ 13.776036, 47.08589 ] } },
{ "type": "Feature", "properties": { "rand_point_id": 2192 }, "geometry": { "type": "Point", "coordinates": [ 10.296663, 46.974595 ] } },
{ "type": "Feature", "properties": { "rand_point_id": 2193 }, "geometry": { "type": "Point", "coordinates": [ 14.286603, 47.697782 ] } },
{ "type": "Feature", "properties": { "rand_point_id": 2194 }, "geometry": { "type": "Point", "coordinates": [ 13.778702, 46.731014 ] } },
{ "type": "Feature", "properties": { "rand_point_id": 2195 }, "geometry": { "type": "Point", "coordinates": [ 14.992673, 46.782264 ] } },
{ "type": "Feature", "properties": { "rand_point_id": 2196 }, "geometry": { "type": "Point", "coordinates": [ 15.773214, 48.059618 ] } },
{ "type": "Feature", "properties": { "rand_point_id": 2197 }, "geometry": { "type": "Point", "coordinates": [ 13.880694, 48.399857 ] } },
{ "type": "Feature", "properties": { "rand_point_id": 2198 }, "geometry": { "type": "Point", "coordinates": [ 11.881147, 47.175177 ] } },
{ "type": "Feature", "properties": { "rand_point_id": 2199 }, "geometry": { "type": "Point", "coordinates": [ 14.720686, 47.359331 ] } },
{ "type": "Feature", "properties": { "rand_point_id": 2200 }, "geometry": { "type": "Point", "coordinates": [ 11.871814, 47.303228 ] } },
{ "type": "Feature", "properties": { "rand_point_id": 2201 }, "geometry": { "type": "Point", "coordinates": [ 13.167359, 48.040657 ] } },
{ "type": "Feature", "properties": { "rand_point_id": 2202 }, "geometry": { "type": "Point", "coordinates": [ 15.716686, 47.443361 ] } },
{ "type": "Feature", "properties": { "rand_point_id": 2203 }, "geometry": { "type": "Point", "coordinates": [ 13.587329, 48.305637 ] } },
{ "type": "Feature", "properties": { "rand_point_id": 2204 }, "geometry": { "type": "Point", "coordinates": [ 16.336982, 48.298775 ] } },
{ "type": "Feature", "properties": { "rand_point_id": 2205 }, "geometry": { "type": "Point", "coordinates": [ 15.328438, 48.889805 ] } },
{ "type": "Feature", "properties": { "rand_point_id": 2206 }, "geometry": { "type": "Point", "coordinates": [ 13.016417, 47.914322 ] } },
{ "type": "Feature", "properties": { "rand_point_id": 2207 }, "geometry": { "type": "Point", "coordinates": [ 10.555549, 47.424368 ] } },
{ "type": "Feature", "properties": { "rand_point_id": 2208 }, "geometry": { "type": "Point", "coordinates": [ 14.048221, 47.06206 ] } },
{ "type": "Feature", "properties": { "rand_point_id": 2209 }, "geometry": { "type": "Point", "coordinates": [ 14.269507, 47.468447 ] } },
{ "type": "Feature", "properties": { "rand_point_id": 2210 }, "geometry": { "type": "Point", "coordinates": [ 12.61952, 47.289807 ] } },
{ "type": "Feature", "properties": { "rand_point_id": 2211 }, "geometry": { "type": "Point", "coordinates": [ 15.54385, 47.691502 ] } },
{ "type": "Feature", "properties": { "rand_point_id": 2212 }, "geometry": { "type": "Point", "coordinates": [ 14.028015, 47.434201 ] } },
{ "type": "Feature", "properties": { "rand_point_id": 2213 }, "geometry": { "type": "Point", "coordinates": [ 13.393108, 47.197521 ] } },
{ "type": "Feature", "properties": { "rand_point_id": 2214 }, "geometry": { "type": "Point", "coordinates": [ 16.125911, 47.796945 ] } },
{ "type": "Feature", "properties": { "rand_point_id": 2215 }, "geometry": { "type": "Point", "coordinates": [ 16.720433, 47.832965 ] } },
{ "type": "Feature", "properties": { "rand_point_id": 2216 }, "geometry": { "type": "Point", "coordinates": [ 14.747007, 46.738988 ] } },
{ "type": "Feature", "properties": { "rand_point_id": 2217 }, "geometry": { "type": "Point", "coordinates": [ 16.196125, 47.473831 ] } },
{ "type": "Feature", "properties": { "rand_point_id": 2218 }, "geometry": { "type": "Point", "coordinates": [ 10.273499, 47.053693 ] } },
{ "type": "Feature", "properties": { "rand_point_id": 2219 }, "geometry": { "type": "Point", "coordinates": [ 15.149514, 47.171676 ] } },
{ "type": "Feature", "properties": { "rand_point_id": 2220 }, "geometry": { "type": "Point", "coordinates": [ 10.716777, 47.164755 ] } },
{ "type": "Feature", "properties": { "rand_point_id": 2221 }, "geometry": { "type": "Point", "coordinates": [ 10.624364, 47.008919 ] } },
{ "type": "Feature", "properties": { "rand_point_id": 2222 }, "geometry": { "type": "Point", "coordinates": [ 14.963833, 48.043068 ] } },
{ "type": "Feature", "properties": { "rand_point_id": 2223 }, "geometry": { "type": "Point", "coordinates": [ 13.648929, 46.942238 ] } },
{ "type": "Feature", "properties": { "rand_point_id": 2224 }, "geometry": { "type": "Point", "coordinates": [ 15.521932, 47.392509 ] } },
{ "type": "Feature", "properties": { "rand_point_id": 2225 }, "geometry": { "type": "Point", "coordinates": [ 15.071803, 47.249265 ] } },
{ "type": "Feature", "properties": { "rand_point_id": 2226 }, "geometry": { "type": "Point", "coordinates": [ 10.87775, 46.802182 ] } },
{ "type": "Feature", "properties": { "rand_point_id": 2227 }, "geometry": { "type": "Point", "coordinates": [ 16.300643, 47.869038 ] } },
{ "type": "Feature", "properties": { "rand_point_id": 2228 }, "geometry": { "type": "Point", "coordinates": [ 15.092567, 46.684917 ] } },
{ "type": "Feature", "properties": { "rand_point_id": 2229 }, "geometry": { "type": "Point", "coordinates": [ 15.435176, 46.821071 ] } },
{ "type": "Feature", "properties": { "rand_point_id": 2230 }, "geometry": { "type": "Point", "coordinates": [ 13.577346, 47.11028 ] } },
{ "type": "Feature", "properties": { "rand_point_id": 2231 }, "geometry": { "type": "Point", "coordinates": [ 14.023628, 47.887402 ] } },
{ "type": "Feature", "properties": { "rand_point_id": 2232 }, "geometry": { "type": "Point", "coordinates": [ 14.216874, 47.0721 ] } },
{ "type": "Feature", "properties": { "rand_point_id": 2233 }, "geometry": { "type": "Point", "coordinates": [ 15.933307, 48.100356 ] } },
{ "type": "Feature", "properties": { "rand_point_id": 2234 }, "geometry": { "type": "Point", "coordinates": [ 13.998346, 47.947198 ] } },
{ "type": "Feature", "properties": { "rand_point_id": 2235 }, "geometry": { "type": "Point", "coordinates": [ 10.408671, 47.226372 ] } },
{ "type": "Feature", "properties": { "rand_point_id": 2236 }, "geometry": { "type": "Point", "coordinates": [ 15.332511, 47.671388 ] } },
{ "type": "Feature", "properties": { "rand_point_id": 2237 }, "geometry": { "type": "Point", "coordinates": [ 16.278409, 47.355592 ] } },
{ "type": "Feature", "properties": { "rand_point_id": 2238 }, "geometry": { "type": "Point", "coordinates": [ 13.850926, 46.859215 ] } },
{ "type": "Feature", "properties": { "rand_point_id": 2239 }, "geometry": { "type": "Point", "coordinates": [ 14.243642, 48.305118 ] } },
{ "type": "Feature", "properties": { "rand_point_id": 2240 }, "geometry": { "type": "Point", "coordinates": [ 16.503078, 48.784489 ] } },
{ "type": "Feature", "properties": { "rand_point_id": 2241 }, "geometry": { "type": "Point", "coordinates": [ 13.640054, 47.577272 ] } },
{ "type": "Feature", "properties": { "rand_point_id": 2242 }, "geometry": { "type": "Point", "coordinates": [ 10.779126, 46.947495 ] } },
{ "type": "Feature", "properties": { "rand_point_id": 2243 }, "geometry": { "type": "Point", "coordinates": [ 15.089215, 46.928493 ] } },
{ "type": "Feature", "properties": { "rand_point_id": 2244 }, "geometry": { "type": "Point", "coordinates": [ 14.825074, 48.385475 ] } },
{ "type": "Feature", "properties": { "rand_point_id": 2245 }, "geometry": { "type": "Point", "coordinates": [ 12.96294, 47.965604 ] } },
{ "type": "Feature", "properties": { "rand_point_id": 2246 }, "geometry": { "type": "Point", "coordinates": [ 10.940098, 46.986477 ] } },
{ "type": "Feature", "properties": { "rand_point_id": 2247 }, "geometry": { "type": "Point", "coordinates": [ 15.208217, 47.032413 ] } },
{ "type": "Feature", "properties": { "rand_point_id": 2248 }, "geometry": { "type": "Point", "coordinates": [ 14.05876, 47.30872 ] } },
{ "type": "Feature", "properties": { "rand_point_id": 2249 }, "geometry": { "type": "Point", "coordinates": [ 11.351769, 47.273941 ] } },
{ "type": "Feature", "properties": { "rand_point_id": 2250 }, "geometry": { "type": "Point", "coordinates": [ 14.365819, 47.755213 ] } },
{ "type": "Feature", "properties": { "rand_point_id": 2251 }, "geometry": { "type": "Point", "coordinates": [ 16.69772, 48.654894 ] } },
{ "type": "Feature", "properties": { "rand_point_id": 2252 }, "geometry": { "type": "Point", "coordinates": [ 13.951194, 48.594789 ] } },
{ "type": "Feature", "properties": { "rand_point_id": 2253 }, "geometry": { "type": "Point", "coordinates": [ 14.579826, 47.103585 ] } },
{ "type": "Feature", "properties": { "rand_point_id": 2254 }, "geometry": { "type": "Point", "coordinates": [ 14.896776, 46.613584 ] } },
{ "type": "Feature", "properties": { "rand_point_id": 2255 }, "geometry": { "type": "Point", "coordinates": [ 9.784154, 47.591384 ] } },
{ "type": "Feature", "properties": { "rand_point_id": 2256 }, "geometry": { "type": "Point", "coordinates": [ 15.974542, 48.764615 ] } },
{ "type": "Feature", "properties": { "rand_point_id": 2257 }, "geometry": { "type": "Point", "coordinates": [ 15.707663, 46.77186 ] } },
{ "type": "Feature", "properties": { "rand_point_id": 2258 }, "geometry": { "type": "Point", "coordinates": [ 13.341114, 47.570265 ] } },
{ "type": "Feature", "properties": { "rand_point_id": 2259 }, "geometry": { "type": "Point", "coordinates": [ 13.575013, 46.982777 ] } },
{ "type": "Feature", "properties": { "rand_point_id": 2260 }, "geometry": { "type": "Point", "coordinates": [ 10.080854, 47.277534 ] } },
{ "type": "Feature", "properties": { "rand_point_id": 2261 }, "geometry": { "type": "Point", "coordinates": [ 16.176074, 47.879949 ] } },
{ "type": "Feature", "properties": { "rand_point_id": 2262 }, "geometry": { "type": "Point", "coordinates": [ 15.076056, 48.11118 ] } },
{ "type": "Feature", "properties": { "rand_point_id": 2263 }, "geometry": { "type": "Point", "coordinates": [ 14.252075, 48.396308 ] } },
{ "type": "Feature", "properties": { "rand_point_id": 2264 }, "geometry": { "type": "Point", "coordinates": [ 13.823377, 46.741483 ] } },
{ "type": "Feature", "properties": { "rand_point_id": 2265 }, "geometry": { "type": "Point", "coordinates": [ 16.794622, 48.20822 ] } },
{ "type": "Feature", "properties": { "rand_point_id": 2266 }, "geometry": { "type": "Point", "coordinates": [ 17.011475, 47.912771 ] } },
{ "type": "Feature", "properties": { "rand_point_id": 2267 }, "geometry": { "type": "Point", "coordinates": [ 15.2817, 48.84448 ] } },
{ "type": "Feature", "properties": { "rand_point_id": 2268 }, "geometry": { "type": "Point", "coordinates": [ 9.732474, 47.517591 ] } },
{ "type": "Feature", "properties": { "rand_point_id": 2269 }, "geometry": { "type": "Point", "coordinates": [ 14.33262, 47.540261 ] } },
{ "type": "Feature", "properties": { "rand_point_id": 2270 }, "geometry": { "type": "Point", "coordinates": [ 12.77083, 47.63326 ] } },
{ "type": "Feature", "properties": { "rand_point_id": 2271 }, "geometry": { "type": "Point", "coordinates": [ 15.083666, 48.436946 ] } },
{ "type": "Feature", "properties": { "rand_point_id": 2272 }, "geometry": { "type": "Point", "coordinates": [ 13.913481, 48.181437 ] } },
{ "type": "Feature", "properties": { "rand_point_id": 2273 }, "geometry": { "type": "Point", "coordinates": [ 15.023812, 47.068961 ] } },
{ "type": "Feature", "properties": { "rand_point_id": 2274 }, "geometry": { "type": "Point", "coordinates": [ 15.167892, 48.858025 ] } },
{ "type": "Feature", "properties": { "rand_point_id": 2275 }, "geometry": { "type": "Point", "coordinates": [ 14.317475, 47.930376 ] } },
{ "type": "Feature", "properties": { "rand_point_id": 2276 }, "geometry": { "type": "Point", "coordinates": [ 12.550856, 46.864138 ] } },
{ "type": "Feature", "properties": { "rand_point_id": 2277 }, "geometry": { "type": "Point", "coordinates": [ 15.754838, 47.752115 ] } },
{ "type": "Feature", "properties": { "rand_point_id": 2278 }, "geometry": { "type": "Point", "coordinates": [ 10.687477, 47.226783 ] } },
{ "type": "Feature", "properties": { "rand_point_id": 2279 }, "geometry": { "type": "Point", "coordinates": [ 14.550848, 47.021759 ] } },
{ "type": "Feature", "properties": { "rand_point_id": 2280 }, "geometry": { "type": "Point", "coordinates": [ 13.154842, 47.209763 ] } },
{ "type": "Feature", "properties": { "rand_point_id": 2281 }, "geometry": { "type": "Point", "coordinates": [ 13.505391, 47.3411 ] } },
{ "type": "Feature", "properties": { "rand_point_id": 2282 }, "geometry": { "type": "Point", "coordinates": [ 14.25015, 46.474614 ] } },
{ "type": "Feature", "properties": { "rand_point_id": 2283 }, "geometry": { "type": "Point", "coordinates": [ 12.343392, 47.490861 ] } },
{ "type": "Feature", "properties": { "rand_point_id": 2284 }, "geometry": { "type": "Point", "coordinates": [ 13.369025, 48.006207 ] } },
{ "type": "Feature", "properties": { "rand_point_id": 2285 }, "geometry": { "type": "Point", "coordinates": [ 11.800017, 47.495763 ] } },
{ "type": "Feature", "properties": { "rand_point_id": 2286 }, "geometry": { "type": "Point", "coordinates": [ 13.107926, 47.698814 ] } },
{ "type": "Feature", "properties": { "rand_point_id": 2287 }, "geometry": { "type": "Point", "coordinates": [ 15.439572, 47.439007 ] } },
{ "type": "Feature", "properties": { "rand_point_id": 2288 }, "geometry": { "type": "Point", "coordinates": [ 15.873914, 47.526477 ] } },
{ "type": "Feature", "properties": { "rand_point_id": 2289 }, "geometry": { "type": "Point", "coordinates": [ 13.341765, 47.208531 ] } },
{ "type": "Feature", "properties": { "rand_point_id": 2290 }, "geometry": { "type": "Point", "coordinates": [ 15.770406, 47.545143 ] } },
{ "type": "Feature", "properties": { "rand_point_id": 2291 }, "geometry": { "type": "Point", "coordinates": [ 14.067817, 46.496227 ] } },
{ "type": "Feature", "properties": { "rand_point_id": 2292 }, "geometry": { "type": "Point", "coordinates": [ 10.772912, 47.415066 ] } },
{ "type": "Feature", "properties": { "rand_point_id": 2293 }, "geometry": { "type": "Point", "coordinates": [ 10.890912, 47.237565 ] } },
{ "type": "Feature", "properties": { "rand_point_id": 2294 }, "geometry": { "type": "Point", "coordinates": [ 16.485065, 48.617566 ] } },
{ "type": "Feature", "properties": { "rand_point_id": 2295 }, "geometry": { "type": "Point", "coordinates": [ 16.087288, 47.517637 ] } },
{ "type": "Feature", "properties": { "rand_point_id": 2296 }, "geometry": { "type": "Point", "coordinates": [ 15.347704, 48.62995 ] } },
{ "type": "Feature", "properties": { "rand_point_id": 2297 }, "geometry": { "type": "Point", "coordinates": [ 11.768211, 47.285871 ] } },
{ "type": "Feature", "properties": { "rand_point_id": 2298 }, "geometry": { "type": "Point", "coordinates": [ 15.9699, 48.361262 ] } },
{ "type": "Feature", "properties": { "rand_point_id": 2299 }, "geometry": { "type": "Point", "coordinates": [ 14.3515, 47.132863 ] } },
{ "type": "Feature", "properties": { "rand_point_id": 2300 }, "geometry": { "type": "Point", "coordinates": [ 9.778357, 47.134618 ] } },
{ "type": "Feature", "properties": { "rand_point_id": 2301 }, "geometry": { "type": "Point", "coordinates": [ 13.067295, 46.701926 ] } },
{ "type": "Feature", "properties": { "rand_point_id": 2302 }, "geometry": { "type": "Point", "coordinates": [ 15.204131, 47.388579 ] } },
{ "type": "Feature", "properties": { "rand_point_id": 2303 }, "geometry": { "type": "Point", "coordinates": [ 16.638378, 48.150906 ] } },
{ "type": "Feature", "properties": { "rand_point_id": 2304 }, "geometry": { "type": "Point", "coordinates": [ 12.463338, 46.988553 ] } },
{ "type": "Feature", "properties": { "rand_point_id": 2305 }, "geometry": { "type": "Point", "coordinates": [ 16.340035, 48.330006 ] } },
{ "type": "Feature", "properties": { "rand_point_id": 2306 }, "geometry": { "type": "Point", "coordinates": [ 14.996064, 47.428673 ] } },
{ "type": "Feature", "properties": { "rand_point_id": 2307 }, "geometry": { "type": "Point", "coordinates": [ 15.442416, 47.284198 ] } },
{ "type": "Feature", "properties": { "rand_point_id": 2308 }, "geometry": { "type": "Point", "coordinates": [ 13.827976, 47.266928 ] } },
{ "type": "Feature", "properties": { "rand_point_id": 2309 }, "geometry": { "type": "Point", "coordinates": [ 14.475094, 47.629372 ] } },
{ "type": "Feature", "properties": { "rand_point_id": 2310 }, "geometry": { "type": "Point", "coordinates": [ 15.373757, 48.033737 ] } },
{ "type": "Feature", "properties": { "rand_point_id": 2311 }, "geometry": { "type": "Point", "coordinates": [ 13.938684, 46.8631 ] } },
{ "type": "Feature", "properties": { "rand_point_id": 2312 }, "geometry": { "type": "Point", "coordinates": [ 14.527032, 46.955293 ] } },
{ "type": "Feature", "properties": { "rand_point_id": 2313 }, "geometry": { "type": "Point", "coordinates": [ 16.345669, 47.116217 ] } },
{ "type": "Feature", "properties": { "rand_point_id": 2314 }, "geometry": { "type": "Point", "coordinates": [ 13.771255, 48.539763 ] } },
{ "type": "Feature", "properties": { "rand_point_id": 2315 }, "geometry": { "type": "Point", "coordinates": [ 14.92573, 47.841272 ] } },
{ "type": "Feature", "properties": { "rand_point_id": 2316 }, "geometry": { "type": "Point", "coordinates": [ 15.188588, 46.790868 ] } },
{ "type": "Feature", "properties": { "rand_point_id": 2317 }, "geometry": { "type": "Point", "coordinates": [ 16.576972, 48.147875 ] } },
{ "type": "Feature", "properties": { "rand_point_id": 2318 }, "geometry": { "type": "Point", "coordinates": [ 16.870416, 47.882515 ] } },
{ "type": "Feature", "properties": { "rand_point_id": 2319 }, "geometry": { "type": "Point", "coordinates": [ 10.445246, 47.148749 ] } },
{ "type": "Feature", "properties": { "rand_point_id": 2320 }, "geometry": { "type": "Point", "coordinates": [ 13.728095, 48.09634 ] } },
{ "type": "Feature", "properties": { "rand_point_id": 2321 }, "geometry": { "type": "Point", "coordinates": [ 12.900503, 48.036934 ] } },
{ "type": "Feature", "properties": { "rand_point_id": 2322 }, "geometry": { "type": "Point", "coordinates": [ 11.803282, 47.4321 ] } },
{ "type": "Feature", "properties": { "rand_point_id": 2323 }, "geometry": { "type": "Point", "coordinates": [ 15.971125, 46.720213 ] } },
{ "type": "Feature", "properties": { "rand_point_id": 2324 }, "geometry": { "type": "Point", "coordinates": [ 13.470242, 48.090621 ] } },
{ "type": "Feature", "properties": { "rand_point_id": 2325 }, "geometry": { "type": "Point", "coordinates": [ 16.311025, 48.198844 ] } },
{ "type": "Feature", "properties": { "rand_point_id": 2326 }, "geometry": { "type": "Point", "coordinates": [ 14.114993, 46.962344 ] } },
{ "type": "Feature", "properties": { "rand_point_id": 2327 }, "geometry": { "type": "Point", "coordinates": [ 10.047045, 47.32559 ] } },
{ "type": "Feature", "properties": { "rand_point_id": 2328 }, "geometry": { "type": "Point", "coordinates": [ 16.216154, 48.258386 ] } },
{ "type": "Feature", "properties": { "rand_point_id": 2329 }, "geometry": { "type": "Point", "coordinates": [ 14.385382, 46.76689 ] } },
{ "type": "Feature", "properties": { "rand_point_id": 2330 }, "geometry": { "type": "Point", "coordinates": [ 12.758648, 46.977133 ] } },
{ "type": "Feature", "properties": { "rand_point_id": 2331 }, "geometry": { "type": "Point", "coordinates": [ 15.636639, 48.565716 ] } },
{ "type": "Feature", "properties": { "rand_point_id": 2332 }, "geometry": { "type": "Point", "coordinates": [ 12.26538, 47.439321 ] } },
{ "type": "Feature", "properties": { "rand_point_id": 2333 }, "geometry": { "type": "Point", "coordinates": [ 14.009081, 46.517997 ] } },
{ "type": "Feature", "properties": { "rand_point_id": 2334 }, "geometry": { "type": "Point", "coordinates": [ 10.665455, 47.143209 ] } },
{ "type": "Feature", "properties": { "rand_point_id": 2335 }, "geometry": { "type": "Point", "coordinates": [ 13.82206, 47.193761 ] } },
{ "type": "Feature", "properties": { "rand_point_id": 2336 }, "geometry": { "type": "Point", "coordinates": [ 11.54135, 47.438212 ] } },
{ "type": "Feature", "properties": { "rand_point_id": 2337 }, "geometry": { "type": "Point", "coordinates": [ 14.548798, 48.487438 ] } },
{ "type": "Feature", "properties": { "rand_point_id": 2338 }, "geometry": { "type": "Point", "coordinates": [ 15.176905, 47.086992 ] } },
{ "type": "Feature", "properties": { "rand_point_id": 2339 }, "geometry": { "type": "Point", "coordinates": [ 16.259341, 47.74976 ] } },
{ "type": "Feature", "properties": { "rand_point_id": 2340 }, "geometry": { "type": "Point", "coordinates": [ 15.48555, 47.856298 ] } },
{ "type": "Feature", "properties": { "rand_point_id": 2341 }, "geometry": { "type": "Point", "coordinates": [ 14.810043, 48.614911 ] } },
{ "type": "Feature", "properties": { "rand_point_id": 2342 }, "geometry": { "type": "Point", "coordinates": [ 10.844402, 46.828885 ] } },
{ "type": "Feature", "properties": { "rand_point_id": 2343 }, "geometry": { "type": "Point", "coordinates": [ 13.759821, 48.035811 ] } },
{ "type": "Feature", "properties": { "rand_point_id": 2344 }, "geometry": { "type": "Point", "coordinates": [ 13.39039, 46.986505 ] } },
{ "type": "Feature", "properties": { "rand_point_id": 2345 }, "geometry": { "type": "Point", "coordinates": [ 15.591643, 46.787195 ] } },
{ "type": "Feature", "properties": { "rand_point_id": 2346 }, "geometry": { "type": "Point", "coordinates": [ 13.241748, 47.044435 ] } },
{ "type": "Feature", "properties": { "rand_point_id": 2347 }, "geometry": { "type": "Point", "coordinates": [ 12.440834, 46.745182 ] } },
{ "type": "Feature", "properties": { "rand_point_id": 2348 }, "geometry": { "type": "Point", "coordinates": [ 13.864604, 48.677697 ] } },
{ "type": "Feature", "properties": { "rand_point_id": 2349 }, "geometry": { "type": "Point", "coordinates": [ 10.515846, 46.95732 ] } },
{ "type": "Feature", "properties": { "rand_point_id": 2350 }, "geometry": { "type": "Point", "coordinates": [ 13.175118, 46.71621 ] } },
{ "type": "Feature", "properties": { "rand_point_id": 2351 }, "geometry": { "type": "Point", "coordinates": [ 13.58345, 46.800769 ] } },
{ "type": "Feature", "properties": { "rand_point_id": 2352 }, "geometry": { "type": "Point", "coordinates": [ 11.1756, 47.001079 ] } },
{ "type": "Feature", "properties": { "rand_point_id": 2353 }, "geometry": { "type": "Point", "coordinates": [ 15.915488, 48.520368 ] } },
{ "type": "Feature", "properties": { "rand_point_id": 2354 }, "geometry": { "type": "Point", "coordinates": [ 16.356703, 47.12804 ] } },
{ "type": "Feature", "properties": { "rand_point_id": 2355 }, "geometry": { "type": "Point", "coordinates": [ 14.860797, 46.839142 ] } },
{ "type": "Feature", "properties": { "rand_point_id": 2356 }, "geometry": { "type": "Point", "coordinates": [ 16.936799, 48.193163 ] } },
{ "type": "Feature", "properties": { "rand_point_id": 2357 }, "geometry": { "type": "Point", "coordinates": [ 16.230201, 48.085499 ] } },
{ "type": "Feature", "properties": { "rand_point_id": 2358 }, "geometry": { "type": "Point", "coordinates": [ 15.904373, 47.384627 ] } },
{ "type": "Feature", "properties": { "rand_point_id": 2359 }, "geometry": { "type": "Point", "coordinates": [ 15.579589, 47.610637 ] } },
{ "type": "Feature", "properties": { "rand_point_id": 2360 }, "geometry": { "type": "Point", "coordinates": [ 12.24394, 47.533978 ] } },
{ "type": "Feature", "properties": { "rand_point_id": 2361 }, "geometry": { "type": "Point", "coordinates": [ 14.914803, 48.679641 ] } },
{ "type": "Feature", "properties": { "rand_point_id": 2362 }, "geometry": { "type": "Point", "coordinates": [ 11.941013, 47.545025 ] } },
{ "type": "Feature", "properties": { "rand_point_id": 2363 }, "geometry": { "type": "Point", "coordinates": [ 9.900051, 46.979687 ] } },
{ "type": "Feature", "properties": { "rand_point_id": 2364 }, "geometry": { "type": "Point", "coordinates": [ 11.700769, 47.358248 ] } },
{ "type": "Feature", "properties": { "rand_point_id": 2365 }, "geometry": { "type": "Point", "coordinates": [ 13.44963, 46.873533 ] } },
{ "type": "Feature", "properties": { "rand_point_id": 2366 }, "geometry": { "type": "Point", "coordinates": [ 16.760607, 48.509796 ] } },
{ "type": "Feature", "properties": { "rand_point_id": 2367 }, "geometry": { "type": "Point", "coordinates": [ 13.284378, 47.453804 ] } },
{ "type": "Feature", "properties": { "rand_point_id": 2368 }, "geometry": { "type": "Point", "coordinates": [ 10.243484, 47.061548 ] } },
{ "type": "Feature", "properties": { "rand_point_id": 2369 }, "geometry": { "type": "Point", "coordinates": [ 14.999727, 47.155351 ] } },
{ "type": "Feature", "properties": { "rand_point_id": 2370 }, "geometry": { "type": "Point", "coordinates": [ 15.04086, 47.872313 ] } },
{ "type": "Feature", "properties": { "rand_point_id": 2371 }, "geometry": { "type": "Point", "coordinates": [ 14.275195, 46.777713 ] } },
{ "type": "Feature", "properties": { "rand_point_id": 2372 }, "geometry": { "type": "Point", "coordinates": [ 15.142778, 47.088383 ] } },
{ "type": "Feature", "properties": { "rand_point_id": 2373 }, "geometry": { "type": "Point", "coordinates": [ 10.599336, 47.073962 ] } },
{ "type": "Feature", "properties": { "rand_point_id": 2374 }, "geometry": { "type": "Point", "coordinates": [ 16.679893, 48.54847 ] } },
{ "type": "Feature", "properties": { "rand_point_id": 2375 }, "geometry": { "type": "Point", "coordinates": [ 13.844883, 48.188608 ] } },
{ "type": "Feature", "properties": { "rand_point_id": 2376 }, "geometry": { "type": "Point", "coordinates": [ 14.015585, 46.657668 ] } },
{ "type": "Feature", "properties": { "rand_point_id": 2377 }, "geometry": { "type": "Point", "coordinates": [ 15.802241, 48.009839 ] } },
{ "type": "Feature", "properties": { "rand_point_id": 2378 }, "geometry": { "type": "Point", "coordinates": [ 14.219496, 47.019643 ] } },
{ "type": "Feature", "properties": { "rand_point_id": 2379 }, "geometry": { "type": "Point", "coordinates": [ 15.936633, 46.969601 ] } },
{ "type": "Feature", "properties": { "rand_point_id": 2380 }, "geometry": { "type": "Point", "coordinates": [ 14.170653, 47.746633 ] } },
{ "type": "Feature", "properties": { "rand_point_id": 2381 }, "geometry": { "type": "Point", "coordinates": [ 13.489554, 47.070151 ] } },
{ "type": "Feature", "properties": { "rand_point_id": 2382 }, "geometry": { "type": "Point", "coordinates": [ 14.629396, 48.451856 ] } },
{ "type": "Feature", "properties": { "rand_point_id": 2383 }, "geometry": { "type": "Point", "coordinates": [ 15.28727, 48.939623 ] } },
{ "type": "Feature", "properties": { "rand_point_id": 2384 }, "geometry": { "type": "Point", "coordinates": [ 14.503428, 47.816569 ] } },
{ "type": "Feature", "properties": { "rand_point_id": 2385 }, "geometry": { "type": "Point", "coordinates": [ 15.507758, 47.846428 ] } },
{ "type": "Feature", "properties": { "rand_point_id": 2386 }, "geometry": { "type": "Point", "coordinates": [ 14.960398, 47.731248 ] } },
{ "type": "Feature", "properties": { "rand_point_id": 2387 }, "geometry": { "type": "Point", "coordinates": [ 9.585212, 47.268412 ] } },
{ "type": "Feature", "properties": { "rand_point_id": 2388 }, "geometry": { "type": "Point", "coordinates": [ 15.096172, 47.799382 ] } },
{ "type": "Feature", "properties": { "rand_point_id": 2389 }, "geometry": { "type": "Point", "coordinates": [ 12.535078, 46.73325 ] } },
{ "type": "Feature", "properties": { "rand_point_id": 2390 }, "geometry": { "type": "Point", "coordinates": [ 14.62781, 47.779848 ] } },
{ "type": "Feature", "properties": { "rand_point_id": 2391 }, "geometry": { "type": "Point", "coordinates": [ 12.27287, 47.340083 ] } },
{ "type": "Feature", "properties": { "rand_point_id": 2392 }, "geometry": { "type": "Point", "coordinates": [ 14.367917, 47.215938 ] } },
{ "type": "Feature", "properties": { "rand_point_id": 2393 }, "geometry": { "type": "Point", "coordinates": [ 11.20813, 47.242101 ] } },
{ "type": "Feature", "properties": { "rand_point_id": 2394 }, "geometry": { "type": "Point", "coordinates": [ 13.733054, 48.358345 ] } },
{ "type": "Feature", "properties": { "rand_point_id": 2395 }, "geometry": { "type": "Point", "coordinates": [ 15.649917, 48.265836 ] } },
{ "type": "Feature", "properties": { "rand_point_id": 2396 }, "geometry": { "type": "Point", "coordinates": [ 14.298332, 46.642187 ] } },
{ "type": "Feature", "properties": { "rand_point_id": 2397 }, "geometry": { "type": "Point", "coordinates": [ 15.376684, 47.733978 ] } },
{ "type": "Feature", "properties": { "rand_point_id": 2398 }, "geometry": { "type": "Point", "coordinates": [ 12.59456, 47.183059 ] } },
{ "type": "Feature", "properties": { "rand_point_id": 2399 }, "geometry": { "type": "Point", "coordinates": [ 12.894147, 48.162379 ] } },
{ "type": "Feature", "properties": { "rand_point_id": 2400 }, "geometry": { "type": "Point", "coordinates": [ 15.995803, 48.253497 ] } },
{ "type": "Feature", "properties": { "rand_point_id": 2401 }, "geometry": { "type": "Point", "coordinates": [ 15.599861, 47.897747 ] } },
{ "type": "Feature", "properties": { "rand_point_id": 2402 }, "geometry": { "type": "Point", "coordinates": [ 15.374435, 47.465994 ] } },
{ "type": "Feature", "properties": { "rand_point_id": 2403 }, "geometry": { "type": "Point", "coordinates": [ 13.277818, 47.878371 ] } },
{ "type": "Feature", "properties": { "rand_point_id": 2404 }, "geometry": { "type": "Point", "coordinates": [ 15.820532, 48.793593 ] } },
{ "type": "Feature", "properties": { "rand_point_id": 2405 }, "geometry": { "type": "Point", "coordinates": [ 16.249329, 48.227488 ] } },
{ "type": "Feature", "properties": { "rand_point_id": 2406 }, "geometry": { "type": "Point", "coordinates": [ 10.627453, 47.547636 ] } },
{ "type": "Feature", "properties": { "rand_point_id": 2407 }, "geometry": { "type": "Point", "coordinates": [ 15.361972, 48.657395 ] } },
{ "type": "Feature", "properties": { "rand_point_id": 2408 }, "geometry": { "type": "Point", "coordinates": [ 14.86002, 47.603441 ] } },
{ "type": "Feature", "properties": { "rand_point_id": 2409 }, "geometry": { "type": "Point", "coordinates": [ 14.678377, 47.157493 ] } },
{ "type": "Feature", "properties": { "rand_point_id": 2410 }, "geometry": { "type": "Point", "coordinates": [ 16.077893, 48.030614 ] } },
{ "type": "Feature", "properties": { "rand_point_id": 2411 }, "geometry": { "type": "Point", "coordinates": [ 13.578855, 47.007674 ] } },
{ "type": "Feature", "properties": { "rand_point_id": 2412 }, "geometry": { "type": "Point", "coordinates": [ 14.083146, 47.051579 ] } },
{ "type": "Feature", "properties": { "rand_point_id": 2413 }, "geometry": { "type": "Point", "coordinates": [ 16.576347, 48.742066 ] } },
{ "type": "Feature", "properties": { "rand_point_id": 2414 }, "geometry": { "type": "Point", "coordinates": [ 13.905301, 47.15758 ] } },
{ "type": "Feature", "properties": { "rand_point_id": 2415 }, "geometry": { "type": "Point", "coordinates": [ 11.637954, 47.089068 ] } },
{ "type": "Feature", "properties": { "rand_point_id": 2416 }, "geometry": { "type": "Point", "coordinates": [ 14.21318, 47.731221 ] } },
{ "type": "Feature", "properties": { "rand_point_id": 2417 }, "geometry": { "type": "Point", "coordinates": [ 15.189743, 47.832823 ] } },
{ "type": "Feature", "properties": { "rand_point_id": 2418 }, "geometry": { "type": "Point", "coordinates": [ 12.126707, 47.478316 ] } },
{ "type": "Feature", "properties": { "rand_point_id": 2419 }, "geometry": { "type": "Point", "coordinates": [ 11.902483, 47.41288 ] } },
{ "type": "Feature", "properties": { "rand_point_id": 2420 }, "geometry": { "type": "Point", "coordinates": [ 15.776473, 47.826471 ] } },
{ "type": "Feature", "properties": { "rand_point_id": 2421 }, "geometry": { "type": "Point", "coordinates": [ 16.619569, 48.415784 ] } },
{ "type": "Feature", "properties": { "rand_point_id": 2422 }, "geometry": { "type": "Point", "coordinates": [ 15.071741, 47.389084 ] } },
{ "type": "Feature", "properties": { "rand_point_id": 2423 }, "geometry": { "type": "Point", "coordinates": [ 16.259757, 48.376719 ] } },
{ "type": "Feature", "properties": { "rand_point_id": 2424 }, "geometry": { "type": "Point", "coordinates": [ 11.017491, 47.241156 ] } },
{ "type": "Feature", "properties": { "rand_point_id": 2425 }, "geometry": { "type": "Point", "coordinates": [ 14.03188, 47.76593 ] } },
{ "type": "Feature", "properties": { "rand_point_id": 2426 }, "geometry": { "type": "Point", "coordinates": [ 10.921987, 47.19842 ] } },
{ "type": "Feature", "properties": { "rand_point_id": 2427 }, "geometry": { "type": "Point", "coordinates": [ 15.308065, 48.595709 ] } },
{ "type": "Feature", "properties": { "rand_point_id": 2428 }, "geometry": { "type": "Point", "coordinates": [ 10.056291, 47.001303 ] } },
{ "type": "Feature", "properties": { "rand_point_id": 2429 }, "geometry": { "type": "Point", "coordinates": [ 10.803377, 47.465512 ] } },
{ "type": "Feature", "properties": { "rand_point_id": 2430 }, "geometry": { "type": "Point", "coordinates": [ 12.052859, 47.582192 ] } },
{ "type": "Feature", "properties": { "rand_point_id": 2431 }, "geometry": { "type": "Point", "coordinates": [ 15.238406, 46.856664 ] } },
{ "type": "Feature", "properties": { "rand_point_id": 2432 }, "geometry": { "type": "Point", "coordinates": [ 15.657256, 48.386745 ] } },
{ "type": "Feature", "properties": { "rand_point_id": 2433 }, "geometry": { "type": "Point", "coordinates": [ 11.13606, 47.385629 ] } },
{ "type": "Feature", "properties": { "rand_point_id": 2434 }, "geometry": { "type": "Point", "coordinates": [ 14.743307, 48.540926 ] } },
{ "type": "Feature", "properties": { "rand_point_id": 2435 }, "geometry": { "type": "Point", "coordinates": [ 14.913065, 47.339646 ] } },
{ "type": "Feature", "properties": { "rand_point_id": 2436 }, "geometry": { "type": "Point", "coordinates": [ 13.772444, 48.550946 ] } },
{ "type": "Feature", "properties": { "rand_point_id": 2437 }, "geometry": { "type": "Point", "coordinates": [ 10.095567, 47.012875 ] } },
{ "type": "Feature", "properties": { "rand_point_id": 2438 }, "geometry": { "type": "Point", "coordinates": [ 14.442116, 48.236247 ] } },
{ "type": "Feature", "properties": { "rand_point_id": 2439 }, "geometry": { "type": "Point", "coordinates": [ 15.851424, 47.862506 ] } },
{ "type": "Feature", "properties": { "rand_point_id": 2440 }, "geometry": { "type": "Point", "coordinates": [ 12.427521, 47.354827 ] } },
{ "type": "Feature", "properties": { "rand_point_id": 2441 }, "geometry": { "type": "Point", "coordinates": [ 13.978962, 48.177156 ] } },
{ "type": "Feature", "properties": { "rand_point_id": 2442 }, "geometry": { "type": "Point", "coordinates": [ 13.812331, 48.024118 ] } },
{ "type": "Feature", "properties": { "rand_point_id": 2443 }, "geometry": { "type": "Point", "coordinates": [ 15.384881, 47.778468 ] } },
{ "type": "Feature", "properties": { "rand_point_id": 2444 }, "geometry": { "type": "Point", "coordinates": [ 14.191555, 48.306611 ] } },
{ "type": "Feature", "properties": { "rand_point_id": 2445 }, "geometry": { "type": "Point", "coordinates": [ 14.064976, 46.987614 ] } },
{ "type": "Feature", "properties": { "rand_point_id": 2446 }, "geometry": { "type": "Point", "coordinates": [ 14.589672, 46.758636 ] } },
{ "type": "Feature", "properties": { "rand_point_id": 2447 }, "geometry": { "type": "Point", "coordinates": [ 16.652161, 48.067702 ] } },
{ "type": "Feature", "properties": { "rand_point_id": 2448 }, "geometry": { "type": "Point", "coordinates": [ 12.33194, 47.38885 ] } },
{ "type": "Feature", "properties": { "rand_point_id": 2449 }, "geometry": { "type": "Point", "coordinates": [ 13.89448, 47.610964 ] } },
{ "type": "Feature", "properties": { "rand_point_id": 2450 }, "geometry": { "type": "Point", "coordinates": [ 14.653181, 47.371644 ] } },
{ "type": "Feature", "properties": { "rand_point_id": 2451 }, "geometry": { "type": "Point", "coordinates": [ 13.184656, 48.29184 ] } },
{ "type": "Feature", "properties": { "rand_point_id": 2452 }, "geometry": { "type": "Point", "coordinates": [ 15.065342, 48.677607 ] } },
{ "type": "Feature", "properties": { "rand_point_id": 2453 }, "geometry": { "type": "Point", "coordinates": [ 12.594226, 47.013845 ] } },
{ "type": "Feature", "properties": { "rand_point_id": 2454 }, "geometry": { "type": "Point", "coordinates": [ 16.597348, 47.771285 ] } },
{ "type": "Feature", "properties": { "rand_point_id": 2455 }, "geometry": { "type": "Point", "coordinates": [ 13.503223, 46.98719 ] } },
{ "type": "Feature", "properties": { "rand_point_id": 2456 }, "geometry": { "type": "Point", "coordinates": [ 15.117937, 48.508496 ] } },
{ "type": "Feature", "properties": { "rand_point_id": 2457 }, "geometry": { "type": "Point", "coordinates": [ 14.15214, 46.462076 ] } },
{ "type": "Feature", "properties": { "rand_point_id": 2458 }, "geometry": { "type": "Point", "coordinates": [ 16.009276, 48.064457 ] } },
{ "type": "Feature", "properties": { "rand_point_id": 2459 }, "geometry": { "type": "Point", "coordinates": [ 15.602849, 47.93737 ] } },
{ "type": "Feature", "properties": { "rand_point_id": 2460 }, "geometry": { "type": "Point", "coordinates": [ 16.514574, 48.288525 ] } },
{ "type": "Feature", "properties": { "rand_point_id": 2461 }, "geometry": { "type": "Point", "coordinates": [ 12.905314, 47.173607 ] } },
{ "type": "Feature", "properties": { "rand_point_id": 2462 }, "geometry": { "type": "Point", "coordinates": [ 14.652376, 47.18703 ] } },
{ "type": "Feature", "properties": { "rand_point_id": 2463 }, "geometry": { "type": "Point", "coordinates": [ 13.937159, 48.431772 ] } },
{ "type": "Feature", "properties": { "rand_point_id": 2464 }, "geometry": { "type": "Point", "coordinates": [ 15.064101, 46.738741 ] } },
{ "type": "Feature", "properties": { "rand_point_id": 2465 }, "geometry": { "type": "Point", "coordinates": [ 15.78918, 47.166342 ] } },
{ "type": "Feature", "properties": { "rand_point_id": 2466 }, "geometry": { "type": "Point", "coordinates": [ 14.337823, 48.4611 ] } },
{ "type": "Feature", "properties": { "rand_point_id": 2467 }, "geometry": { "type": "Point", "coordinates": [ 12.529187, 47.627768 ] } },
{ "type": "Feature", "properties": { "rand_point_id": 2468 }, "geometry": { "type": "Point", "coordinates": [ 13.12577, 47.756008 ] } },
{ "type": "Feature", "properties": { "rand_point_id": 2469 }, "geometry": { "type": "Point", "coordinates": [ 12.057527, 47.265946 ] } },
{ "type": "Feature", "properties": { "rand_point_id": 2470 }, "geometry": { "type": "Point", "coordinates": [ 16.372241, 48.696524 ] } },
{ "type": "Feature", "properties": { "rand_point_id": 2471 }, "geometry": { "type": "Point", "coordinates": [ 15.600646, 47.528239 ] } },
{ "type": "Feature", "properties": { "rand_point_id": 2472 }, "geometry": { "type": "Point", "coordinates": [ 16.83209, 48.400293 ] } },
{ "type": "Feature", "properties": { "rand_point_id": 2473 }, "geometry": { "type": "Point", "coordinates": [ 11.1254, 47.320102 ] } },
{ "type": "Feature", "properties": { "rand_point_id": 2474 }, "geometry": { "type": "Point", "coordinates": [ 14.355759, 48.11356 ] } },
{ "type": "Feature", "properties": { "rand_point_id": 2475 }, "geometry": { "type": "Point", "coordinates": [ 12.910456, 46.756458 ] } },
{ "type": "Feature", "properties": { "rand_point_id": 2476 }, "geometry": { "type": "Point", "coordinates": [ 13.90522, 47.762759 ] } },
{ "type": "Feature", "properties": { "rand_point_id": 2477 }, "geometry": { "type": "Point", "coordinates": [ 16.998734, 48.025614 ] } },
{ "type": "Feature", "properties": { "rand_point_id": 2478 }, "geometry": { "type": "Point", "coordinates": [ 13.97431, 46.750017 ] } },
{ "type": "Feature", "properties": { "rand_point_id": 2479 }, "geometry": { "type": "Point", "coordinates": [ 13.804043, 48.023796 ] } },
{ "type": "Feature", "properties": { "rand_point_id": 2480 }, "geometry": { "type": "Point", "coordinates": [ 14.468475, 48.640158 ] } },
{ "type": "Feature", "properties": { "rand_point_id": 2481 }, "geometry": { "type": "Point", "coordinates": [ 15.245569, 48.444447 ] } },
{ "type": "Feature", "properties": { "rand_point_id": 2482 }, "geometry": { "type": "Point", "coordinates": [ 16.049104, 48.344266 ] } },
{ "type": "Feature", "properties": { "rand_point_id": 2483 }, "geometry": { "type": "Point", "coordinates": [ 12.297715, 47.660099 ] } },
{ "type": "Feature", "properties": { "rand_point_id": 2484 }, "geometry": { "type": "Point", "coordinates": [ 15.990331, 48.197861 ] } },
{ "type": "Feature", "properties": { "rand_point_id": 2485 }, "geometry": { "type": "Point", "coordinates": [ 12.328915, 46.971025 ] } },
{ "type": "Feature", "properties": { "rand_point_id": 2486 }, "geometry": { "type": "Point", "coordinates": [ 13.499899, 48.220267 ] } },
{ "type": "Feature", "properties": { "rand_point_id": 2487 }, "geometry": { "type": "Point", "coordinates": [ 16.063551, 47.538537 ] } },
{ "type": "Feature", "properties": { "rand_point_id": 2488 }, "geometry": { "type": "Point", "coordinates": [ 10.440277, 47.221933 ] } },
{ "type": "Feature", "properties": { "rand_point_id": 2489 }, "geometry": { "type": "Point", "coordinates": [ 13.084115, 48.207381 ] } },
{ "type": "Feature", "properties": { "rand_point_id": 2490 }, "geometry": { "type": "Point", "coordinates": [ 14.521678, 47.493455 ] } },
{ "type": "Feature", "properties": { "rand_point_id": 2491 }, "geometry": { "type": "Point", "coordinates": [ 13.246084, 46.792797 ] } },
{ "type": "Feature", "properties": { "rand_point_id": 2492 }, "geometry": { "type": "Point", "coordinates": [ 16.111949, 48.539737 ] } },
{ "type": "Feature", "properties": { "rand_point_id": 2493 }, "geometry": { "type": "Point", "coordinates": [ 13.298776, 47.901317 ] } },
{ "type": "Feature", "properties": { "rand_point_id": 2494 }, "geometry": { "type": "Point", "coordinates": [ 10.559678, 47.280964 ] } },
{ "type": "Feature", "properties": { "rand_point_id": 2495 }, "geometry": { "type": "Point", "coordinates": [ 11.019116, 47.227889 ] } },
{ "type": "Feature", "properties": { "rand_point_id": 2496 }, "geometry": { "type": "Point", "coordinates": [ 15.217664, 46.706809 ] } },
{ "type": "Feature", "properties": { "rand_point_id": 2497 }, "geometry": { "type": "Point", "coordinates": [ 16.135225, 48.324762 ] } },
{ "type": "Feature", "properties": { "rand_point_id": 2498 }, "geometry": { "type": "Point", "coordinates": [ 15.419631, 47.644785 ] } },
{ "type": "Feature", "properties": { "rand_point_id": 2499 }, "geometry": { "type": "Point", "coordinates": [ 15.911683, 47.346281 ] } },
{ "type": "Feature", "properties": { "rand_point_id": 2500 }, "geometry": { "type": "Point", "coordinates": [ 11.199281, 47.249348 ] } },
{ "type": "Feature", "properties": { "rand_point_id": 2501 }, "geometry": { "type": "Point", "coordinates": [ 14.062862, 47.583232 ] } },
{ "type": "Feature", "properties": { "rand_point_id": 2502 }, "geometry": { "type": "Point", "coordinates": [ 12.68192, 46.879497 ] } },
{ "type": "Feature", "properties": { "rand_point_id": 2503 }, "geometry": { "type": "Point", "coordinates": [ 12.548325, 47.05117 ] } },
{ "type": "Feature", "properties": { "rand_point_id": 2504 }, "geometry": { "type": "Point", "coordinates": [ 13.075063, 47.776643 ] } },
{ "type": "Feature", "properties": { "rand_point_id": 2505 }, "geometry": { "type": "Point", "coordinates": [ 14.704743, 47.871643 ] } },
{ "type": "Feature", "properties": { "rand_point_id": 2506 }, "geometry": { "type": "Point", "coordinates": [ 13.272024, 47.242625 ] } },
{ "type": "Feature", "properties": { "rand_point_id": 2507 }, "geometry": { "type": "Point", "coordinates": [ 14.29017, 46.752334 ] } },
{ "type": "Feature", "properties": { "rand_point_id": 2508 }, "geometry": { "type": "Point", "coordinates": [ 10.793669, 47.115808 ] } },
{ "type": "Feature", "properties": { "rand_point_id": 2509 }, "geometry": { "type": "Point", "coordinates": [ 13.984102, 47.727498 ] } },
{ "type": "Feature", "properties": { "rand_point_id": 2510 }, "geometry": { "type": "Point", "coordinates": [ 15.145803, 47.037388 ] } },
{ "type": "Feature", "properties": { "rand_point_id": 2511 }, "geometry": { "type": "Point", "coordinates": [ 11.040525, 47.26881 ] } },
{ "type": "Feature", "properties": { "rand_point_id": 2512 }, "geometry": { "type": "Point", "coordinates": [ 14.749805, 48.299201 ] } },
{ "type": "Feature", "properties": { "rand_point_id": 2513 }, "geometry": { "type": "Point", "coordinates": [ 9.964365, 47.01193 ] } },
{ "type": "Feature", "properties": { "rand_point_id": 2514 }, "geometry": { "type": "Point", "coordinates": [ 12.625733, 46.683266 ] } },
{ "type": "Feature", "properties": { "rand_point_id": 2515 }, "geometry": { "type": "Point", "coordinates": [ 14.085292, 47.029331 ] } },
{ "type": "Feature", "properties": { "rand_point_id": 2516 }, "geometry": { "type": "Point", "coordinates": [ 15.31332, 48.000135 ] } },
{ "type": "Feature", "properties": { "rand_point_id": 2517 }, "geometry": { "type": "Point", "coordinates": [ 13.765759, 47.676873 ] } },
{ "type": "Feature", "properties": { "rand_point_id": 2518 }, "geometry": { "type": "Point", "coordinates": [ 13.719977, 47.836984 ] } },
{ "type": "Feature", "properties": { "rand_point_id": 2519 }, "geometry": { "type": "Point", "coordinates": [ 14.020591, 47.231709 ] } },
{ "type": "Feature", "properties": { "rand_point_id": 2520 }, "geometry": { "type": "Point", "coordinates": [ 11.192488, 47.069428 ] } },
{ "type": "Feature", "properties": { "rand_point_id": 2521 }, "geometry": { "type": "Point", "coordinates": [ 14.549611, 47.831148 ] } },
{ "type": "Feature", "properties": { "rand_point_id": 2522 }, "geometry": { "type": "Point", "coordinates": [ 14.721433, 48.232284 ] } },
{ "type": "Feature", "properties": { "rand_point_id": 2523 }, "geometry": { "type": "Point", "coordinates": [ 16.679087, 48.710705 ] } },
{ "type": "Feature", "properties": { "rand_point_id": 2524 }, "geometry": { "type": "Point", "coordinates": [ 16.520266, 48.695517 ] } },
{ "type": "Feature", "properties": { "rand_point_id": 2525 }, "geometry": { "type": "Point", "coordinates": [ 13.306469, 47.841666 ] } },
{ "type": "Feature", "properties": { "rand_point_id": 2526 }, "geometry": { "type": "Point", "coordinates": [ 15.952167, 48.246349 ] } },
{ "type": "Feature", "properties": { "rand_point_id": 2527 }, "geometry": { "type": "Point", "coordinates": [ 10.558116, 47.226124 ] } },
{ "type": "Feature", "properties": { "rand_point_id": 2528 }, "geometry": { "type": "Point", "coordinates": [ 14.868792, 48.258934 ] } },
{ "type": "Feature", "properties": { "rand_point_id": 2529 }, "geometry": { "type": "Point", "coordinates": [ 9.859341, 47.492582 ] } },
{ "type": "Feature", "properties": { "rand_point_id": 2530 }, "geometry": { "type": "Point", "coordinates": [ 15.107346, 47.575632 ] } },
{ "type": "Feature", "properties": { "rand_point_id": 2531 }, "geometry": { "type": "Point", "coordinates": [ 11.735626, 47.175456 ] } },
{ "type": "Feature", "properties": { "rand_point_id": 2532 }, "geometry": { "type": "Point", "coordinates": [ 16.031633, 48.039669 ] } },
{ "type": "Feature", "properties": { "rand_point_id": 2533 }, "geometry": { "type": "Point", "coordinates": [ 15.115705, 47.915547 ] } },
{ "type": "Feature", "properties": { "rand_point_id": 2534 }, "geometry": { "type": "Point", "coordinates": [ 10.712408, 47.431806 ] } },
{ "type": "Feature", "properties": { "rand_point_id": 2535 }, "geometry": { "type": "Point", "coordinates": [ 12.339571, 47.242571 ] } },
{ "type": "Feature", "properties": { "rand_point_id": 2536 }, "geometry": { "type": "Point", "coordinates": [ 14.122334, 47.502131 ] } },
{ "type": "Feature", "properties": { "rand_point_id": 2537 }, "geometry": { "type": "Point", "coordinates": [ 13.810833, 47.756305 ] } },
{ "type": "Feature", "properties": { "rand_point_id": 2538 }, "geometry": { "type": "Point", "coordinates": [ 13.952273, 47.282565 ] } },
{ "type": "Feature", "properties": { "rand_point_id": 2539 }, "geometry": { "type": "Point", "coordinates": [ 15.841171, 48.658425 ] } },
{ "type": "Feature", "properties": { "rand_point_id": 2540 }, "geometry": { "type": "Point", "coordinates": [ 13.961432, 47.466175 ] } },
{ "type": "Feature", "properties": { "rand_point_id": 2541 }, "geometry": { "type": "Point", "coordinates": [ 16.520942, 48.574677 ] } },
{ "type": "Feature", "properties": { "rand_point_id": 2542 }, "geometry": { "type": "Point", "coordinates": [ 12.96429, 47.916626 ] } },
{ "type": "Feature", "properties": { "rand_point_id": 2543 }, "geometry": { "type": "Point", "coordinates": [ 12.839535, 48.106864 ] } },
{ "type": "Feature", "properties": { "rand_point_id": 2544 }, "geometry": { "type": "Point", "coordinates": [ 11.372282, 47.375188 ] } },
{ "type": "Feature", "properties": { "rand_point_id": 2545 }, "geometry": { "type": "Point", "coordinates": [ 14.35181, 48.426019 ] } },
{ "type": "Feature", "properties": { "rand_point_id": 2546 }, "geometry": { "type": "Point", "coordinates": [ 15.944757, 48.328905 ] } },
{ "type": "Feature", "properties": { "rand_point_id": 2547 }, "geometry": { "type": "Point", "coordinates": [ 12.38228, 47.493988 ] } },
{ "type": "Feature", "properties": { "rand_point_id": 2548 }, "geometry": { "type": "Point", "coordinates": [ 12.496658, 47.432157 ] } },
{ "type": "Feature", "properties": { "rand_point_id": 2549 }, "geometry": { "type": "Point", "coordinates": [ 16.309286, 48.144498 ] } },
{ "type": "Feature", "properties": { "rand_point_id": 2550 }, "geometry": { "type": "Point", "coordinates": [ 14.582337, 48.005232 ] } },
{ "type": "Feature", "properties": { "rand_point_id": 2551 }, "geometry": { "type": "Point", "coordinates": [ 16.046425, 47.948953 ] } },
{ "type": "Feature", "properties": { "rand_point_id": 2552 }, "geometry": { "type": "Point", "coordinates": [ 14.548448, 46.606785 ] } },
{ "type": "Feature", "properties": { "rand_point_id": 2553 }, "geometry": { "type": "Point", "coordinates": [ 13.144557, 47.378176 ] } },
{ "type": "Feature", "properties": { "rand_point_id": 2554 }, "geometry": { "type": "Point", "coordinates": [ 15.169271, 47.538681 ] } },
{ "type": "Feature", "properties": { "rand_point_id": 2555 }, "geometry": { "type": "Point", "coordinates": [ 14.368505, 47.884493 ] } },
{ "type": "Feature", "properties": { "rand_point_id": 2556 }, "geometry": { "type": "Point", "coordinates": [ 14.672678, 46.770005 ] } },
{ "type": "Feature", "properties": { "rand_point_id": 2557 }, "geometry": { "type": "Point", "coordinates": [ 12.641402, 47.591906 ] } },
{ "type": "Feature", "properties": { "rand_point_id": 2558 }, "geometry": { "type": "Point", "coordinates": [ 13.061025, 47.854532 ] } },
{ "type": "Feature", "properties": { "rand_point_id": 2559 }, "geometry": { "type": "Point", "coordinates": [ 15.508714, 47.069707 ] } },
{ "type": "Feature", "properties": { "rand_point_id": 2560 }, "geometry": { "type": "Point", "coordinates": [ 13.831198, 47.21466 ] } },
{ "type": "Feature", "properties": { "rand_point_id": 2561 }, "geometry": { "type": "Point", "coordinates": [ 16.046342, 47.658875 ] } },
{ "type": "Feature", "properties": { "rand_point_id": 2562 }, "geometry": { "type": "Point", "coordinates": [ 10.346211, 47.197142 ] } },
{ "type": "Feature", "properties": { "rand_point_id": 2563 }, "geometry": { "type": "Point", "coordinates": [ 12.712586, 47.189054 ] } },
{ "type": "Feature", "properties": { "rand_point_id": 2564 }, "geometry": { "type": "Point", "coordinates": [ 13.100077, 46.632298 ] } },
{ "type": "Feature", "properties": { "rand_point_id": 2565 }, "geometry": { "type": "Point", "coordinates": [ 12.72024, 47.272405 ] } },
{ "type": "Feature", "properties": { "rand_point_id": 2566 }, "geometry": { "type": "Point", "coordinates": [ 15.359121, 47.790724 ] } },
{ "type": "Feature", "properties": { "rand_point_id": 2567 }, "geometry": { "type": "Point", "coordinates": [ 14.696756, 48.405106 ] } },
{ "type": "Feature", "properties": { "rand_point_id": 2568 }, "geometry": { "type": "Point", "coordinates": [ 13.051332, 47.337878 ] } },
{ "type": "Feature", "properties": { "rand_point_id": 2569 }, "geometry": { "type": "Point", "coordinates": [ 16.214384, 47.491786 ] } },
{ "type": "Feature", "properties": { "rand_point_id": 2570 }, "geometry": { "type": "Point", "coordinates": [ 10.724105, 47.51404 ] } },
{ "type": "Feature", "properties": { "rand_point_id": 2571 }, "geometry": { "type": "Point", "coordinates": [ 15.485627, 47.249319 ] } },
{ "type": "Feature", "properties": { "rand_point_id": 2572 }, "geometry": { "type": "Point", "coordinates": [ 14.126753, 48.099502 ] } },
{ "type": "Feature", "properties": { "rand_point_id": 2573 }, "geometry": { "type": "Point", "coordinates": [ 14.135748, 47.876842 ] } },
{ "type": "Feature", "properties": { "rand_point_id": 2574 }, "geometry": { "type": "Point", "coordinates": [ 14.289386, 47.746983 ] } },
{ "type": "Feature", "properties": { "rand_point_id": 2575 }, "geometry": { "type": "Point", "coordinates": [ 15.5051, 47.268255 ] } },
{ "type": "Feature", "properties": { "rand_point_id": 2576 }, "geometry": { "type": "Point", "coordinates": [ 10.524889, 47.284185 ] } },
{ "type": "Feature", "properties": { "rand_point_id": 2577 }, "geometry": { "type": "Point", "coordinates": [ 11.364087, 47.333479 ] } },
{ "type": "Feature", "properties": { "rand_point_id": 2578 }, "geometry": { "type": "Point", "coordinates": [ 14.114213, 47.227123 ] } },
{ "type": "Feature", "properties": { "rand_point_id": 2579 }, "geometry": { "type": "Point", "coordinates": [ 15.763384, 47.819931 ] } },
{ "type": "Feature", "properties": { "rand_point_id": 2580 }, "geometry": { "type": "Point", "coordinates": [ 15.975201, 47.527344 ] } },
{ "type": "Feature", "properties": { "rand_point_id": 2581 }, "geometry": { "type": "Point", "coordinates": [ 15.034565, 46.748397 ] } },
{ "type": "Feature", "properties": { "rand_point_id": 2582 }, "geometry": { "type": "Point", "coordinates": [ 15.322712, 48.202699 ] } },
{ "type": "Feature", "properties": { "rand_point_id": 2583 }, "geometry": { "type": "Point", "coordinates": [ 16.48579, 47.917808 ] } },
{ "type": "Feature", "properties": { "rand_point_id": 2584 }, "geometry": { "type": "Point", "coordinates": [ 14.968579, 48.301496 ] } },
{ "type": "Feature", "properties": { "rand_point_id": 2585 }, "geometry": { "type": "Point", "coordinates": [ 13.679626, 47.276312 ] } },
{ "type": "Feature", "properties": { "rand_point_id": 2586 }, "geometry": { "type": "Point", "coordinates": [ 14.38751, 48.543796 ] } },
{ "type": "Feature", "properties": { "rand_point_id": 2587 }, "geometry": { "type": "Point", "coordinates": [ 14.309601, 48.482231 ] } },
{ "type": "Feature", "properties": { "rand_point_id": 2588 }, "geometry": { "type": "Point", "coordinates": [ 14.148797, 47.42619 ] } },
{ "type": "Feature", "properties": { "rand_point_id": 2589 }, "geometry": { "type": "Point", "coordinates": [ 15.585268, 47.503116 ] } },
{ "type": "Feature", "properties": { "rand_point_id": 2590 }, "geometry": { "type": "Point", "coordinates": [ 15.380016, 47.667306 ] } },
{ "type": "Feature", "properties": { "rand_point_id": 2591 }, "geometry": { "type": "Point", "coordinates": [ 16.36444, 47.639329 ] } },
{ "type": "Feature", "properties": { "rand_point_id": 2592 }, "geometry": { "type": "Point", "coordinates": [ 16.04107, 48.647313 ] } },
{ "type": "Feature", "properties": { "rand_point_id": 2593 }, "geometry": { "type": "Point", "coordinates": [ 16.724351, 48.446947 ] } },
{ "type": "Feature", "properties": { "rand_point_id": 2594 }, "geometry": { "type": "Point", "coordinates": [ 16.052006, 48.711528 ] } },
{ "type": "Feature", "properties": { "rand_point_id": 2595 }, "geometry": { "type": "Point", "coordinates": [ 13.545607, 48.401654 ] } },
{ "type": "Feature", "properties": { "rand_point_id": 2596 }, "geometry": { "type": "Point", "coordinates": [ 16.17829, 47.65522 ] } },
{ "type": "Feature", "properties": { "rand_point_id": 2597 }, "geometry": { "type": "Point", "coordinates": [ 16.185621, 48.475173 ] } },
{ "type": "Feature", "properties": { "rand_point_id": 2598 }, "geometry": { "type": "Point", "coordinates": [ 13.339168, 47.113867 ] } },
{ "type": "Feature", "properties": { "rand_point_id": 2599 }, "geometry": { "type": "Point", "coordinates": [ 14.894908, 46.891836 ] } },
{ "type": "Feature", "properties": { "rand_point_id": 2600 }, "geometry": { "type": "Point", "coordinates": [ 9.64643, 47.338524 ] } },
{ "type": "Feature", "properties": { "rand_point_id": 2601 }, "geometry": { "type": "Point", "coordinates": [ 13.410978, 48.213413 ] } },
{ "type": "Feature", "properties": { "rand_point_id": 2602 }, "geometry": { "type": "Point", "coordinates": [ 11.775005, 47.16835 ] } },
{ "type": "Feature", "properties": { "rand_point_id": 2603 }, "geometry": { "type": "Point", "coordinates": [ 15.390887, 47.313672 ] } },
{ "type": "Feature", "properties": { "rand_point_id": 2604 }, "geometry": { "type": "Point", "coordinates": [ 16.506645, 47.530521 ] } },
{ "type": "Feature", "properties": { "rand_point_id": 2605 }, "geometry": { "type": "Point", "coordinates": [ 14.160139, 46.929866 ] } },
{ "type": "Feature", "properties": { "rand_point_id": 2606 }, "geometry": { "type": "Point", "coordinates": [ 15.023044, 48.724685 ] } },
{ "type": "Feature", "properties": { "rand_point_id": 2607 }, "geometry": { "type": "Point", "coordinates": [ 15.802353, 47.4692 ] } },
{ "type": "Feature", "properties": { "rand_point_id": 2608 }, "geometry": { "type": "Point", "coordinates": [ 13.734918, 46.941165 ] } },
{ "type": "Feature", "properties": { "rand_point_id": 2609 }, "geometry": { "type": "Point", "coordinates": [ 13.783967, 47.123908 ] } },
{ "type": "Feature", "properties": { "rand_point_id": 2610 }, "geometry": { "type": "Point", "coordinates": [ 15.85955, 46.841122 ] } },
{ "type": "Feature", "properties": { "rand_point_id": 2611 }, "geometry": { "type": "Point", "coordinates": [ 12.300251, 47.42997 ] } },
{ "type": "Feature", "properties": { "rand_point_id": 2612 }, "geometry": { "type": "Point", "coordinates": [ 15.966898, 46.878583 ] } },
{ "type": "Feature", "properties": { "rand_point_id": 2613 }, "geometry": { "type": "Point", "coordinates": [ 14.838472, 47.959885 ] } },
{ "type": "Feature", "properties": { "rand_point_id": 2614 }, "geometry": { "type": "Point", "coordinates": [ 15.295892, 47.59093 ] } },
{ "type": "Feature", "properties": { "rand_point_id": 2615 }, "geometry": { "type": "Point", "coordinates": [ 15.422194, 46.68701 ] } },
{ "type": "Feature", "properties": { "rand_point_id": 2616 }, "geometry": { "type": "Point", "coordinates": [ 16.513103, 48.201465 ] } },
{ "type": "Feature", "properties": { "rand_point_id": 2617 }, "geometry": { "type": "Point", "coordinates": [ 14.06557, 48.332126 ] } },
{ "type": "Feature", "properties": { "rand_point_id": 2618 }, "geometry": { "type": "Point", "coordinates": [ 15.713091, 48.337258 ] } },
{ "type": "Feature", "properties": { "rand_point_id": 2619 }, "geometry": { "type": "Point", "coordinates": [ 13.189324, 46.63438 ] } },
{ "type": "Feature", "properties": { "rand_point_id": 2620 }, "geometry": { "type": "Point", "coordinates": [ 15.226879, 46.886257 ] } },
{ "type": "Feature", "properties": { "rand_point_id": 2621 }, "geometry": { "type": "Point", "coordinates": [ 9.755969, 47.209372 ] } },
{ "type": "Feature", "properties": { "rand_point_id": 2622 }, "geometry": { "type": "Point", "coordinates": [ 12.607404, 47.544505 ] } },
{ "type": "Feature", "properties": { "rand_point_id": 2623 }, "geometry": { "type": "Point", "coordinates": [ 15.560991, 47.268146 ] } },
{ "type": "Feature", "properties": { "rand_point_id": 2624 }, "geometry": { "type": "Point", "coordinates": [ 16.278127, 47.309242 ] } },
{ "type": "Feature", "properties": { "rand_point_id": 2625 }, "geometry": { "type": "Point", "coordinates": [ 16.029121, 47.949114 ] } },
{ "type": "Feature", "properties": { "rand_point_id": 2626 }, "geometry": { "type": "Point", "coordinates": [ 16.174897, 47.471973 ] } },
{ "type": "Feature", "properties": { "rand_point_id": 2627 }, "geometry": { "type": "Point", "coordinates": [ 14.10206, 46.840937 ] } },
{ "type": "Feature", "properties": { "rand_point_id": 2628 }, "geometry": { "type": "Point", "coordinates": [ 15.214852, 46.759818 ] } },
{ "type": "Feature", "properties": { "rand_point_id": 2629 }, "geometry": { "type": "Point", "coordinates": [ 13.418306, 47.257863 ] } },
{ "type": "Feature", "properties": { "rand_point_id": 2630 }, "geometry": { "type": "Point", "coordinates": [ 13.601643, 48.27019 ] } },
{ "type": "Feature", "properties": { "rand_point_id": 2631 }, "geometry": { "type": "Point", "coordinates": [ 14.145531, 47.703476 ] } },
{ "type": "Feature", "properties": { "rand_point_id": 2632 }, "geometry": { "type": "Point", "coordinates": [ 15.635175, 47.865579 ] } },
{ "type": "Feature", "properties": { "rand_point_id": 2633 }, "geometry": { "type": "Point", "coordinates": [ 13.27505, 47.41435 ] } },
{ "type": "Feature", "properties": { "rand_point_id": 2634 }, "geometry": { "type": "Point", "coordinates": [ 11.601206, 47.133671 ] } },
{ "type": "Feature", "properties": { "rand_point_id": 2635 }, "geometry": { "type": "Point", "coordinates": [ 9.696136, 47.462533 ] } },
{ "type": "Feature", "properties": { "rand_point_id": 2636 }, "geometry": { "type": "Point", "coordinates": [ 13.586631, 46.737712 ] } },
{ "type": "Feature", "properties": { "rand_point_id": 2637 }, "geometry": { "type": "Point", "coordinates": [ 15.066616, 46.709675 ] } },
{ "type": "Feature", "properties": { "rand_point_id": 2638 }, "geometry": { "type": "Point", "coordinates": [ 16.232354, 47.268955 ] } },
{ "type": "Feature", "properties": { "rand_point_id": 2639 }, "geometry": { "type": "Point", "coordinates": [ 15.457234, 48.916633 ] } },
{ "type": "Feature", "properties": { "rand_point_id": 2640 }, "geometry": { "type": "Point", "coordinates": [ 14.329166, 48.449027 ] } },
{ "type": "Feature", "properties": { "rand_point_id": 2641 }, "geometry": { "type": "Point", "coordinates": [ 15.372723, 48.047621 ] } },
{ "type": "Feature", "properties": { "rand_point_id": 2642 }, "geometry": { "type": "Point", "coordinates": [ 15.796071, 48.651867 ] } },
{ "type": "Feature", "properties": { "rand_point_id": 2643 }, "geometry": { "type": "Point", "coordinates": [ 15.933214, 48.172624 ] } },
{ "type": "Feature", "properties": { "rand_point_id": 2644 }, "geometry": { "type": "Point", "coordinates": [ 16.793439, 48.508511 ] } },
{ "type": "Feature", "properties": { "rand_point_id": 2645 }, "geometry": { "type": "Point", "coordinates": [ 11.043617, 47.26229 ] } },
{ "type": "Feature", "properties": { "rand_point_id": 2646 }, "geometry": { "type": "Point", "coordinates": [ 15.08255, 47.242137 ] } },
{ "type": "Feature", "properties": { "rand_point_id": 2647 }, "geometry": { "type": "Point", "coordinates": [ 12.097577, 47.190501 ] } },
{ "type": "Feature", "properties": { "rand_point_id": 2648 }, "geometry": { "type": "Point", "coordinates": [ 11.080717, 47.330293 ] } },
{ "type": "Feature", "properties": { "rand_point_id": 2649 }, "geometry": { "type": "Point", "coordinates": [ 13.609029, 46.89292 ] } },
{ "type": "Feature", "properties": { "rand_point_id": 2650 }, "geometry": { "type": "Point", "coordinates": [ 15.317688, 47.107337 ] } },
{ "type": "Feature", "properties": { "rand_point_id": 2651 }, "geometry": { "type": "Point", "coordinates": [ 16.674072, 48.208093 ] } },
{ "type": "Feature", "properties": { "rand_point_id": 2652 }, "geometry": { "type": "Point", "coordinates": [ 12.966434, 46.954987 ] } },
{ "type": "Feature", "properties": { "rand_point_id": 2653 }, "geometry": { "type": "Point", "coordinates": [ 13.7209, 48.429064 ] } },
{ "type": "Feature", "properties": { "rand_point_id": 2654 }, "geometry": { "type": "Point", "coordinates": [ 13.030395, 46.95526 ] } },
{ "type": "Feature", "properties": { "rand_point_id": 2655 }, "geometry": { "type": "Point", "coordinates": [ 13.815022, 48.153568 ] } },
{ "type": "Feature", "properties": { "rand_point_id": 2656 }, "geometry": { "type": "Point", "coordinates": [ 15.136703, 48.687013 ] } },
{ "type": "Feature", "properties": { "rand_point_id": 2657 }, "geometry": { "type": "Point", "coordinates": [ 15.310207, 48.159358 ] } },
{ "type": "Feature", "properties": { "rand_point_id": 2658 }, "geometry": { "type": "Point", "coordinates": [ 15.845914, 48.798244 ] } },
{ "type": "Feature", "properties": { "rand_point_id": 2659 }, "geometry": { "type": "Point", "coordinates": [ 14.862465, 47.153106 ] } },
{ "type": "Feature", "properties": { "rand_point_id": 2660 }, "geometry": { "type": "Point", "coordinates": [ 12.769892, 47.072523 ] } },
{ "type": "Feature", "properties": { "rand_point_id": 2661 }, "geometry": { "type": "Point", "coordinates": [ 10.479489, 47.054706 ] } },
{ "type": "Feature", "properties": { "rand_point_id": 2662 }, "geometry": { "type": "Point", "coordinates": [ 14.151569, 46.809518 ] } },
{ "type": "Feature", "properties": { "rand_point_id": 2663 }, "geometry": { "type": "Point", "coordinates": [ 13.953075, 47.199229 ] } },
{ "type": "Feature", "properties": { "rand_point_id": 2664 }, "geometry": { "type": "Point", "coordinates": [ 15.178172, 47.33011 ] } },
{ "type": "Feature", "properties": { "rand_point_id": 2665 }, "geometry": { "type": "Point", "coordinates": [ 15.117569, 48.670062 ] } },
{ "type": "Feature", "properties": { "rand_point_id": 2666 }, "geometry": { "type": "Point", "coordinates": [ 9.878182, 47.229088 ] } },
{ "type": "Feature", "properties": { "rand_point_id": 2667 }, "geometry": { "type": "Point", "coordinates": [ 15.80093, 47.491385 ] } },
{ "type": "Feature", "properties": { "rand_point_id": 2668 }, "geometry": { "type": "Point", "coordinates": [ 15.057194, 48.340984 ] } },
{ "type": "Feature", "properties": { "rand_point_id": 2669 }, "geometry": { "type": "Point", "coordinates": [ 10.73362, 46.993947 ] } },
{ "type": "Feature", "properties": { "rand_point_id": 2670 }, "geometry": { "type": "Point", "coordinates": [ 13.846249, 47.493739 ] } },
{ "type": "Feature", "properties": { "rand_point_id": 2671 }, "geometry": { "type": "Point", "coordinates": [ 13.150041, 47.086912 ] } },
{ "type": "Feature", "properties": { "rand_point_id": 2672 }, "geometry": { "type": "Point", "coordinates": [ 15.799986, 48.773973 ] } },
{ "type": "Feature", "properties": { "rand_point_id": 2673 }, "geometry": { "type": "Point", "coordinates": [ 12.36603, 47.059875 ] } },
{ "type": "Feature", "properties": { "rand_point_id": 2674 }, "geometry": { "type": "Point", "coordinates": [ 13.649355, 46.648122 ] } },
{ "type": "Feature", "properties": { "rand_point_id": 2675 }, "geometry": { "type": "Point", "coordinates": [ 15.33992, 48.484167 ] } },
{ "type": "Feature", "properties": { "rand_point_id": 2676 }, "geometry": { "type": "Point", "coordinates": [ 13.437217, 48.15616 ] } },
{ "type": "Feature", "properties": { "rand_point_id": 2677 }, "geometry": { "type": "Point", "coordinates": [ 16.293839, 47.17483 ] } },
{ "type": "Feature", "properties": { "rand_point_id": 2678 }, "geometry": { "type": "Point", "coordinates": [ 14.397529, 46.980605 ] } },
{ "type": "Feature", "properties": { "rand_point_id": 2679 }, "geometry": { "type": "Point", "coordinates": [ 13.652121, 47.795775 ] } },
{ "type": "Feature", "properties": { "rand_point_id": 2680 }, "geometry": { "type": "Point", "coordinates": [ 16.149612, 47.838516 ] } },
{ "type": "Feature", "properties": { "rand_point_id": 2681 }, "geometry": { "type": "Point", "coordinates": [ 16.199132, 47.132698 ] } },
{ "type": "Feature", "properties": { "rand_point_id": 2682 }, "geometry": { "type": "Point", "coordinates": [ 15.00135, 48.827649 ] } },
{ "type": "Feature", "properties": { "rand_point_id": 2683 }, "geometry": { "type": "Point", "coordinates": [ 14.45049, 47.935128 ] } },
{ "type": "Feature", "properties": { "rand_point_id": 2684 }, "geometry": { "type": "Point", "coordinates": [ 16.620614, 48.48761 ] } },
{ "type": "Feature", "properties": { "rand_point_id": 2685 }, "geometry": { "type": "Point", "coordinates": [ 15.784671, 47.929128 ] } },
{ "type": "Feature", "properties": { "rand_point_id": 2686 }, "geometry": { "type": "Point", "coordinates": [ 12.996254, 46.742404 ] } },
{ "type": "Feature", "properties": { "rand_point_id": 2687 }, "geometry": { "type": "Point", "coordinates": [ 14.512947, 48.493379 ] } },
{ "type": "Feature", "properties": { "rand_point_id": 2688 }, "geometry": { "type": "Point", "coordinates": [ 15.216901, 47.090828 ] } },
{ "type": "Feature", "properties": { "rand_point_id": 2689 }, "geometry": { "type": "Point", "coordinates": [ 15.939291, 48.071714 ] } },
{ "type": "Feature", "properties": { "rand_point_id": 2690 }, "geometry": { "type": "Point", "coordinates": [ 11.691805, 47.438755 ] } },
{ "type": "Feature", "properties": { "rand_point_id": 2691 }, "geometry": { "type": "Point", "coordinates": [ 16.260733, 48.551698 ] } },
{ "type": "Feature", "properties": { "rand_point_id": 2692 }, "geometry": { "type": "Point", "coordinates": [ 15.904567, 48.802923 ] } },
{ "type": "Feature", "properties": { "rand_point_id": 2693 }, "geometry": { "type": "Point", "coordinates": [ 15.847391, 47.019928 ] } },
{ "type": "Feature", "properties": { "rand_point_id": 2694 }, "geometry": { "type": "Point", "coordinates": [ 15.779742, 47.118925 ] } },
{ "type": "Feature", "properties": { "rand_point_id": 2695 }, "geometry": { "type": "Point", "coordinates": [ 14.906052, 46.874341 ] } },
{ "type": "Feature", "properties": { "rand_point_id": 2696 }, "geometry": { "type": "Point", "coordinates": [ 12.740501, 47.303115 ] } },
{ "type": "Feature", "properties": { "rand_point_id": 2697 }, "geometry": { "type": "Point", "coordinates": [ 12.42699, 46.851496 ] } },
{ "type": "Feature", "properties": { "rand_point_id": 2698 }, "geometry": { "type": "Point", "coordinates": [ 16.133362, 47.891153 ] } },
{ "type": "Feature", "properties": { "rand_point_id": 2699 }, "geometry": { "type": "Point", "coordinates": [ 15.577301, 48.700065 ] } },
{ "type": "Feature", "properties": { "rand_point_id": 2700 }, "geometry": { "type": "Point", "coordinates": [ 10.540559, 47.138781 ] } },
{ "type": "Feature", "properties": { "rand_point_id": 2701 }, "geometry": { "type": "Point", "coordinates": [ 14.533884, 47.951023 ] } },
{ "type": "Feature", "properties": { "rand_point_id": 2702 }, "geometry": { "type": "Point", "coordinates": [ 14.319739, 48.041059 ] } },
{ "type": "Feature", "properties": { "rand_point_id": 2703 }, "geometry": { "type": "Point", "coordinates": [ 16.290078, 48.596126 ] } },
{ "type": "Feature", "properties": { "rand_point_id": 2704 }, "geometry": { "type": "Point", "coordinates": [ 11.453808, 47.144339 ] } },
{ "type": "Feature", "properties": { "rand_point_id": 2705 }, "geometry": { "type": "Point", "coordinates": [ 13.989257, 47.708442 ] } },
{ "type": "Feature", "properties": { "rand_point_id": 2706 }, "geometry": { "type": "Point", "coordinates": [ 15.374705, 47.157582 ] } },
{ "type": "Feature", "properties": { "rand_point_id": 2707 }, "geometry": { "type": "Point", "coordinates": [ 10.25587, 47.249136 ] } },
{ "type": "Feature", "properties": { "rand_point_id": 2708 }, "geometry": { "type": "Point", "coordinates": [ 15.2332, 46.972417 ] } },
{ "type": "Feature", "properties": { "rand_point_id": 2709 }, "geometry": { "type": "Point", "coordinates": [ 16.360216, 48.602099 ] } },
{ "type": "Feature", "properties": { "rand_point_id": 2710 }, "geometry": { "type": "Point", "coordinates": [ 15.782794, 47.359912 ] } },
{ "type": "Feature", "properties": { "rand_point_id": 2711 }, "geometry": { "type": "Point", "coordinates": [ 15.490945, 47.27956 ] } },
{ "type": "Feature", "properties": { "rand_point_id": 2712 }, "geometry": { "type": "Point", "coordinates": [ 12.247198, 47.022048 ] } },
{ "type": "Feature", "properties": { "rand_point_id": 2713 }, "geometry": { "type": "Point", "coordinates": [ 9.874211, 47.114184 ] } },
{ "type": "Feature", "properties": { "rand_point_id": 2714 }, "geometry": { "type": "Point", "coordinates": [ 16.465787, 47.778507 ] } },
{ "type": "Feature", "properties": { "rand_point_id": 2715 }, "geometry": { "type": "Point", "coordinates": [ 15.28462, 48.348833 ] } },
{ "type": "Feature", "properties": { "rand_point_id": 2716 }, "geometry": { "type": "Point", "coordinates": [ 11.212464, 47.184327 ] } },
{ "type": "Feature", "properties": { "rand_point_id": 2717 }, "geometry": { "type": "Point", "coordinates": [ 14.491131, 47.477799 ] } },
{ "type": "Feature", "properties": { "rand_point_id": 2718 }, "geometry": { "type": "Point", "coordinates": [ 15.272415, 47.852739 ] } },
{ "type": "Feature", "properties": { "rand_point_id": 2719 }, "geometry": { "type": "Point", "coordinates": [ 15.810856, 47.48171 ] } },
{ "type": "Feature", "properties": { "rand_point_id": 2720 }, "geometry": { "type": "Point", "coordinates": [ 15.395905, 48.104326 ] } },
{ "type": "Feature", "properties": { "rand_point_id": 2721 }, "geometry": { "type": "Point", "coordinates": [ 14.581614, 46.454134 ] } },
{ "type": "Feature", "properties": { "rand_point_id": 2722 }, "geometry": { "type": "Point", "coordinates": [ 13.745041, 46.802534 ] } },
{ "type": "Feature", "properties": { "rand_point_id": 2723 }, "geometry": { "type": "Point", "coordinates": [ 14.647131, 47.882678 ] } },
{ "type": "Feature", "properties": { "rand_point_id": 2724 }, "geometry": { "type": "Point", "coordinates": [ 13.058046, 48.169441 ] } },
{ "type": "Feature", "properties": { "rand_point_id": 2725 }, "geometry": { "type": "Point", "coordinates": [ 14.236219, 48.020714 ] } },
{ "type": "Feature", "properties": { "rand_point_id": 2726 }, "geometry": { "type": "Point", "coordinates": [ 14.758141, 47.864139 ] } },
{ "type": "Feature", "properties": { "rand_point_id": 2727 }, "geometry": { "type": "Point", "coordinates": [ 15.981403, 46.742318 ] } },
{ "type": "Feature", "properties": { "rand_point_id": 2728 }, "geometry": { "type": "Point", "coordinates": [ 14.039452, 47.605029 ] } },
{ "type": "Feature", "properties": { "rand_point_id": 2729 }, "geometry": { "type": "Point", "coordinates": [ 10.651172, 47.048046 ] } },
{ "type": "Feature", "properties": { "rand_point_id": 2730 }, "geometry": { "type": "Point", "coordinates": [ 13.098199, 47.840069 ] } },
{ "type": "Feature", "properties": { "rand_point_id": 2731 }, "geometry": { "type": "Point", "coordinates": [ 15.941682, 47.645451 ] } },
{ "type": "Feature", "properties": { "rand_point_id": 2732 }, "geometry": { "type": "Point", "coordinates": [ 13.639395, 47.961856 ] } },
{ "type": "Feature", "properties": { "rand_point_id": 2733 }, "geometry": { "type": "Point", "coordinates": [ 13.636173, 48.040546 ] } },
{ "type": "Feature", "properties": { "rand_point_id": 2734 }, "geometry": { "type": "Point", "coordinates": [ 15.202201, 48.08348 ] } },
{ "type": "Feature", "properties": { "rand_point_id": 2735 }, "geometry": { "type": "Point", "coordinates": [ 14.210944, 47.73131 ] } },
{ "type": "Feature", "properties": { "rand_point_id": 2736 }, "geometry": { "type": "Point", "coordinates": [ 10.793051, 47.232054 ] } },
{ "type": "Feature", "properties": { "rand_point_id": 2737 }, "geometry": { "type": "Point", "coordinates": [ 10.90376, 47.478988 ] } },
{ "type": "Feature", "properties": { "rand_point_id": 2738 }, "geometry": { "type": "Point", "coordinates": [ 10.31774, 47.03689 ] } },
{ "type": "Feature", "properties": { "rand_point_id": 2739 }, "geometry": { "type": "Point", "coordinates": [ 13.034683, 47.064892 ] } },
{ "type": "Feature", "properties": { "rand_point_id": 2740 }, "geometry": { "type": "Point", "coordinates": [ 15.729139, 48.43272 ] } },
{ "type": "Feature", "properties": { "rand_point_id": 2741 }, "geometry": { "type": "Point", "coordinates": [ 16.761535, 48.417659 ] } },
{ "type": "Feature", "properties": { "rand_point_id": 2742 }, "geometry": { "type": "Point", "coordinates": [ 14.941524, 47.067702 ] } },
{ "type": "Feature", "properties": { "rand_point_id": 2743 }, "geometry": { "type": "Point", "coordinates": [ 14.156572, 48.032908 ] } },
{ "type": "Feature", "properties": { "rand_point_id": 2744 }, "geometry": { "type": "Point", "coordinates": [ 12.777642, 47.486082 ] } },
{ "type": "Feature", "properties": { "rand_point_id": 2745 }, "geometry": { "type": "Point", "coordinates": [ 12.745485, 47.414822 ] } },
{ "type": "Feature", "properties": { "rand_point_id": 2746 }, "geometry": { "type": "Point", "coordinates": [ 14.750387, 48.203168 ] } },
{ "type": "Feature", "properties": { "rand_point_id": 2747 }, "geometry": { "type": "Point", "coordinates": [ 9.80133, 47.44348 ] } },
{ "type": "Feature", "properties": { "rand_point_id": 2748 }, "geometry": { "type": "Point", "coordinates": [ 14.664514, 48.180631 ] } },
{ "type": "Feature", "properties": { "rand_point_id": 2749 }, "geometry": { "type": "Point", "coordinates": [ 13.888758, 47.05641 ] } },
{ "type": "Feature", "properties": { "rand_point_id": 2750 }, "geometry": { "type": "Point", "coordinates": [ 15.785078, 48.577213 ] } },
{ "type": "Feature", "properties": { "rand_point_id": 2751 }, "geometry": { "type": "Point", "coordinates": [ 13.004618, 47.412668 ] } },
{ "type": "Feature", "properties": { "rand_point_id": 2752 }, "geometry": { "type": "Point", "coordinates": [ 14.752816, 47.164131 ] } },
{ "type": "Feature", "properties": { "rand_point_id": 2753 }, "geometry": { "type": "Point", "coordinates": [ 14.321504, 47.556899 ] } },
{ "type": "Feature", "properties": { "rand_point_id": 2754 }, "geometry": { "type": "Point", "coordinates": [ 13.126207, 47.763747 ] } },
{ "type": "Feature", "properties": { "rand_point_id": 2755 }, "geometry": { "type": "Point", "coordinates": [ 15.171141, 48.032488 ] } },
{ "type": "Feature", "properties": { "rand_point_id": 2756 }, "geometry": { "type": "Point", "coordinates": [ 14.662268, 46.449567 ] } },
{ "type": "Feature", "properties": { "rand_point_id": 2757 }, "geometry": { "type": "Point", "coordinates": [ 13.31411, 46.745826 ] } },
{ "type": "Feature", "properties": { "rand_point_id": 2758 }, "geometry": { "type": "Point", "coordinates": [ 13.62249, 47.932955 ] } },
{ "type": "Feature", "properties": { "rand_point_id": 2759 }, "geometry": { "type": "Point", "coordinates": [ 15.955689, 47.418064 ] } },
{ "type": "Feature", "properties": { "rand_point_id": 2760 }, "geometry": { "type": "Point", "coordinates": [ 15.726631, 46.868554 ] } },
{ "type": "Feature", "properties": { "rand_point_id": 2761 }, "geometry": { "type": "Point", "coordinates": [ 14.459019, 46.983638 ] } },
{ "type": "Feature", "properties": { "rand_point_id": 2762 }, "geometry": { "type": "Point", "coordinates": [ 16.250256, 47.995791 ] } },
{ "type": "Feature", "properties": { "rand_point_id": 2763 }, "geometry": { "type": "Point", "coordinates": [ 15.122471, 48.652717 ] } },
{ "type": "Feature", "properties": { "rand_point_id": 2764 }, "geometry": { "type": "Point", "coordinates": [ 11.001495, 46.905903 ] } },
{ "type": "Feature", "properties": { "rand_point_id": 2765 }, "geometry": { "type": "Point", "coordinates": [ 12.221752, 47.216964 ] } },
{ "type": "Feature", "properties": { "rand_point_id": 2766 }, "geometry": { "type": "Point", "coordinates": [ 14.113091, 48.275526 ] } },
{ "type": "Feature", "properties": { "rand_point_id": 2767 }, "geometry": { "type": "Point", "coordinates": [ 16.917124, 48.111184 ] } },
{ "type": "Feature", "properties": { "rand_point_id": 2768 }, "geometry": { "type": "Point", "coordinates": [ 11.316719, 47.098498 ] } },
{ "type": "Feature", "properties": { "rand_point_id": 2769 }, "geometry": { "type": "Point", "coordinates": [ 14.381308, 47.877883 ] } },
{ "type": "Feature", "properties": { "rand_point_id": 2770 }, "geometry": { "type": "Point", "coordinates": [ 15.299479, 46.719106 ] } },
{ "type": "Feature", "properties": { "rand_point_id": 2771 }, "geometry": { "type": "Point", "coordinates": [ 10.595535, 46.946154 ] } },
{ "type": "Feature", "properties": { "rand_point_id": 2772 }, "geometry": { "type": "Point", "coordinates": [ 16.403165, 47.115222 ] } },
{ "type": "Feature", "properties": { "rand_point_id": 2773 }, "geometry": { "type": "Point", "coordinates": [ 12.324602, 46.789135 ] } },
{ "type": "Feature", "properties": { "rand_point_id": 2774 }, "geometry": { "type": "Point", "coordinates": [ 12.371844, 47.558377 ] } },
{ "type": "Feature", "properties": { "rand_point_id": 2775 }, "geometry": { "type": "Point", "coordinates": [ 13.685973, 48.481559 ] } },
{ "type": "Feature", "properties": { "rand_point_id": 2776 }, "geometry": { "type": "Point", "coordinates": [ 15.6237, 47.355326 ] } },
{ "type": "Feature", "properties": { "rand_point_id": 2777 }, "geometry": { "type": "Point", "coordinates": [ 10.591743, 47.335615 ] } },
{ "type": "Feature", "properties": { "rand_point_id": 2778 }, "geometry": { "type": "Point", "coordinates": [ 15.940669, 47.842699 ] } },
{ "type": "Feature", "properties": { "rand_point_id": 2779 }, "geometry": { "type": "Point", "coordinates": [ 12.24661, 47.622502 ] } },
{ "type": "Feature", "properties": { "rand_point_id": 2780 }, "geometry": { "type": "Point", "coordinates": [ 16.103297, 48.094431 ] } },
{ "type": "Feature", "properties": { "rand_point_id": 2781 }, "geometry": { "type": "Point", "coordinates": [ 13.293913, 47.200246 ] } },
{ "type": "Feature", "properties": { "rand_point_id": 2782 }, "geometry": { "type": "Point", "coordinates": [ 14.306998, 46.958699 ] } },
{ "type": "Feature", "properties": { "rand_point_id": 2783 }, "geometry": { "type": "Point", "coordinates": [ 14.583434, 48.327139 ] } },
{ "type": "Feature", "properties": { "rand_point_id": 2784 }, "geometry": { "type": "Point", "coordinates": [ 11.066468, 47.291764 ] } },
{ "type": "Feature", "properties": { "rand_point_id": 2785 }, "geometry": { "type": "Point", "coordinates": [ 15.728942, 47.91052 ] } },
{ "type": "Feature", "properties": { "rand_point_id": 2786 }, "geometry": { "type": "Point", "coordinates": [ 15.922215, 47.944629 ] } },
{ "type": "Feature", "properties": { "rand_point_id": 2787 }, "geometry": { "type": "Point", "coordinates": [ 14.427416, 47.58009 ] } },
{ "type": "Feature", "properties": { "rand_point_id": 2788 }, "geometry": { "type": "Point", "coordinates": [ 16.884395, 47.704514 ] } },
{ "type": "Feature", "properties": { "rand_point_id": 2789 }, "geometry": { "type": "Point", "coordinates": [ 12.147955, 47.314331 ] } },
{ "type": "Feature", "properties": { "rand_point_id": 2790 }, "geometry": { "type": "Point", "coordinates": [ 16.364773, 47.194172 ] } },
{ "type": "Feature", "properties": { "rand_point_id": 2791 }, "geometry": { "type": "Point", "coordinates": [ 13.751573, 48.031376 ] } },
{ "type": "Feature", "properties": { "rand_point_id": 2792 }, "geometry": { "type": "Point", "coordinates": [ 9.891462, 47.0945 ] } },
{ "type": "Feature", "properties": { "rand_point_id": 2793 }, "geometry": { "type": "Point", "coordinates": [ 15.829084, 48.836596 ] } },
{ "type": "Feature", "properties": { "rand_point_id": 2794 }, "geometry": { "type": "Point", "coordinates": [ 15.56433, 48.01725 ] } },
{ "type": "Feature", "properties": { "rand_point_id": 2795 }, "geometry": { "type": "Point", "coordinates": [ 15.372437, 47.499688 ] } },
{ "type": "Feature", "properties": { "rand_point_id": 2796 }, "geometry": { "type": "Point", "coordinates": [ 11.456768, 47.107581 ] } },
{ "type": "Feature", "properties": { "rand_point_id": 2797 }, "geometry": { "type": "Point", "coordinates": [ 12.827852, 46.732326 ] } },
{ "type": "Feature", "properties": { "rand_point_id": 2798 }, "geometry": { "type": "Point", "coordinates": [ 16.308492, 48.204851 ] } },
{ "type": "Feature", "properties": { "rand_point_id": 2799 }, "geometry": { "type": "Point", "coordinates": [ 15.943519, 46.96181 ] } },
{ "type": "Feature", "properties": { "rand_point_id": 2800 }, "geometry": { "type": "Point", "coordinates": [ 12.341964, 47.686542 ] } },
{ "type": "Feature", "properties": { "rand_point_id": 2801 }, "geometry": { "type": "Point", "coordinates": [ 15.464518, 48.654922 ] } },
{ "type": "Feature", "properties": { "rand_point_id": 2802 }, "geometry": { "type": "Point", "coordinates": [ 12.304834, 47.391742 ] } },
{ "type": "Feature", "properties": { "rand_point_id": 2803 }, "geometry": { "type": "Point", "coordinates": [ 13.723387, 46.562142 ] } },
{ "type": "Feature", "properties": { "rand_point_id": 2804 }, "geometry": { "type": "Point", "coordinates": [ 13.718312, 47.630347 ] } },
{ "type": "Feature", "properties": { "rand_point_id": 2805 }, "geometry": { "type": "Point", "coordinates": [ 15.719445, 47.500185 ] } },
{ "type": "Feature", "properties": { "rand_point_id": 2806 }, "geometry": { "type": "Point", "coordinates": [ 13.567955, 48.348978 ] } },
{ "type": "Feature", "properties": { "rand_point_id": 2807 }, "geometry": { "type": "Point", "coordinates": [ 16.437942, 47.65075 ] } },
{ "type": "Feature", "properties": { "rand_point_id": 2808 }, "geometry": { "type": "Point", "coordinates": [ 16.387131, 47.033394 ] } },
{ "type": "Feature", "properties": { "rand_point_id": 2809 }, "geometry": { "type": "Point", "coordinates": [ 16.637195, 48.70079 ] } },
{ "type": "Feature", "properties": { "rand_point_id": 2810 }, "geometry": { "type": "Point", "coordinates": [ 15.681054, 47.946936 ] } },
{ "type": "Feature", "properties": { "rand_point_id": 2811 }, "geometry": { "type": "Point", "coordinates": [ 15.440955, 48.934707 ] } },
{ "type": "Feature", "properties": { "rand_point_id": 2812 }, "geometry": { "type": "Point", "coordinates": [ 16.254756, 47.635664 ] } },
{ "type": "Feature", "properties": { "rand_point_id": 2813 }, "geometry": { "type": "Point", "coordinates": [ 15.279261, 48.786311 ] } },
{ "type": "Feature", "properties": { "rand_point_id": 2814 }, "geometry": { "type": "Point", "coordinates": [ 14.21705, 46.758514 ] } },
{ "type": "Feature", "properties": { "rand_point_id": 2815 }, "geometry": { "type": "Point", "coordinates": [ 15.457144, 46.687524 ] } },
{ "type": "Feature", "properties": { "rand_point_id": 2816 }, "geometry": { "type": "Point", "coordinates": [ 16.286291, 47.168208 ] } },
{ "type": "Feature", "properties": { "rand_point_id": 2817 }, "geometry": { "type": "Point", "coordinates": [ 16.20637, 48.66048 ] } },
{ "type": "Feature", "properties": { "rand_point_id": 2818 }, "geometry": { "type": "Point", "coordinates": [ 13.046939, 47.536813 ] } },
{ "type": "Feature", "properties": { "rand_point_id": 2819 }, "geometry": { "type": "Point", "coordinates": [ 10.701756, 46.968101 ] } },
{ "type": "Feature", "properties": { "rand_point_id": 2820 }, "geometry": { "type": "Point", "coordinates": [ 15.055919, 46.665414 ] } },
{ "type": "Feature", "properties": { "rand_point_id": 2821 }, "geometry": { "type": "Point", "coordinates": [ 15.788647, 47.422232 ] } },
{ "type": "Feature", "properties": { "rand_point_id": 2822 }, "geometry": { "type": "Point", "coordinates": [ 14.089985, 47.790107 ] } },
{ "type": "Feature", "properties": { "rand_point_id": 2823 }, "geometry": { "type": "Point", "coordinates": [ 16.438908, 48.325093 ] } },
{ "type": "Feature", "properties": { "rand_point_id": 2824 }, "geometry": { "type": "Point", "coordinates": [ 16.316917, 48.349003 ] } },
{ "type": "Feature", "properties": { "rand_point_id": 2825 }, "geometry": { "type": "Point", "coordinates": [ 14.145677, 46.634328 ] } },
{ "type": "Feature", "properties": { "rand_point_id": 2826 }, "geometry": { "type": "Point", "coordinates": [ 14.19358, 47.632789 ] } },
{ "type": "Feature", "properties": { "rand_point_id": 2827 }, "geometry": { "type": "Point", "coordinates": [ 14.836867, 47.257834 ] } },
{ "type": "Feature", "properties": { "rand_point_id": 2828 }, "geometry": { "type": "Point", "coordinates": [ 13.190802, 47.677209 ] } },
{ "type": "Feature", "properties": { "rand_point_id": 2829 }, "geometry": { "type": "Point", "coordinates": [ 14.523311, 47.438225 ] } },
{ "type": "Feature", "properties": { "rand_point_id": 2830 }, "geometry": { "type": "Point", "coordinates": [ 14.559115, 47.409461 ] } },
{ "type": "Feature", "properties": { "rand_point_id": 2831 }, "geometry": { "type": "Point", "coordinates": [ 13.081432, 46.854721 ] } },
{ "type": "Feature", "properties": { "rand_point_id": 2832 }, "geometry": { "type": "Point", "coordinates": [ 16.557333, 47.50142 ] } },
{ "type": "Feature", "properties": { "rand_point_id": 2833 }, "geometry": { "type": "Point", "coordinates": [ 16.546087, 48.803903 ] } },
{ "type": "Feature", "properties": { "rand_point_id": 2834 }, "geometry": { "type": "Point", "coordinates": [ 14.104374, 48.334686 ] } },
{ "type": "Feature", "properties": { "rand_point_id": 2835 }, "geometry": { "type": "Point", "coordinates": [ 14.085144, 47.594231 ] } },
{ "type": "Feature", "properties": { "rand_point_id": 2836 }, "geometry": { "type": "Point", "coordinates": [ 12.878775, 47.007452 ] } },
{ "type": "Feature", "properties": { "rand_point_id": 2837 }, "geometry": { "type": "Point", "coordinates": [ 16.507477, 47.835977 ] } },
{ "type": "Feature", "properties": { "rand_point_id": 2838 }, "geometry": { "type": "Point", "coordinates": [ 16.325794, 47.98161 ] } },
{ "type": "Feature", "properties": { "rand_point_id": 2839 }, "geometry": { "type": "Point", "coordinates": [ 16.153352, 48.706185 ] } },
{ "type": "Feature", "properties": { "rand_point_id": 2840 }, "geometry": { "type": "Point", "coordinates": [ 15.507477, 46.871833 ] } },
{ "type": "Feature", "properties": { "rand_point_id": 2841 }, "geometry": { "type": "Point", "coordinates": [ 14.706031, 48.460085 ] } },
{ "type": "Feature", "properties": { "rand_point_id": 2842 }, "geometry": { "type": "Point", "coordinates": [ 12.720209, 46.801428 ] } },
{ "type": "Feature", "properties": { "rand_point_id": 2843 }, "geometry": { "type": "Point", "coordinates": [ 11.74854, 47.174259 ] } },
{ "type": "Feature", "properties": { "rand_point_id": 2844 }, "geometry": { "type": "Point", "coordinates": [ 13.312271, 47.204787 ] } },
{ "type": "Feature", "properties": { "rand_point_id": 2845 }, "geometry": { "type": "Point", "coordinates": [ 11.803745, 47.023684 ] } },
{ "type": "Feature", "properties": { "rand_point_id": 2846 }, "geometry": { "type": "Point", "coordinates": [ 14.297619, 47.957238 ] } },
{ "type": "Feature", "properties": { "rand_point_id": 2847 }, "geometry": { "type": "Point", "coordinates": [ 16.387958, 47.107302 ] } },
{ "type": "Feature", "properties": { "rand_point_id": 2848 }, "geometry": { "type": "Point", "coordinates": [ 11.861206, 47.072868 ] } },
{ "type": "Feature", "properties": { "rand_point_id": 2849 }, "geometry": { "type": "Point", "coordinates": [ 13.492203, 47.522286 ] } },
{ "type": "Feature", "properties": { "rand_point_id": 2850 }, "geometry": { "type": "Point", "coordinates": [ 15.385513, 47.877339 ] } },
{ "type": "Feature", "properties": { "rand_point_id": 2851 }, "geometry": { "type": "Point", "coordinates": [ 14.438707, 48.221862 ] } },
{ "type": "Feature", "properties": { "rand_point_id": 2852 }, "geometry": { "type": "Point", "coordinates": [ 12.05939, 47.198113 ] } },
{ "type": "Feature", "properties": { "rand_point_id": 2853 }, "geometry": { "type": "Point", "coordinates": [ 12.281122, 46.788725 ] } },
{ "type": "Feature", "properties": { "rand_point_id": 2854 }, "geometry": { "type": "Point", "coordinates": [ 15.42166, 47.217339 ] } },
{ "type": "Feature", "properties": { "rand_point_id": 2855 }, "geometry": { "type": "Point", "coordinates": [ 15.508101, 47.795111 ] } },
{ "type": "Feature", "properties": { "rand_point_id": 2856 }, "geometry": { "type": "Point", "coordinates": [ 11.968733, 47.135261 ] } },
{ "type": "Feature", "properties": { "rand_point_id": 2857 }, "geometry": { "type": "Point", "coordinates": [ 15.590958, 47.481654 ] } },
{ "type": "Feature", "properties": { "rand_point_id": 2858 }, "geometry": { "type": "Point", "coordinates": [ 16.523035, 47.507453 ] } },
{ "type": "Feature", "properties": { "rand_point_id": 2859 }, "geometry": { "type": "Point", "coordinates": [ 16.737638, 47.72477 ] } },
{ "type": "Feature", "properties": { "rand_point_id": 2860 }, "geometry": { "type": "Point", "coordinates": [ 16.3062, 47.549739 ] } },
{ "type": "Feature", "properties": { "rand_point_id": 2861 }, "geometry": { "type": "Point", "coordinates": [ 13.444764, 47.728583 ] } },
{ "type": "Feature", "properties": { "rand_point_id": 2862 }, "geometry": { "type": "Point", "coordinates": [ 14.423707, 47.133883 ] } },
{ "type": "Feature", "properties": { "rand_point_id": 2863 }, "geometry": { "type": "Point", "coordinates": [ 10.353908, 47.19682 ] } },
{ "type": "Feature", "properties": { "rand_point_id": 2864 }, "geometry": { "type": "Point", "coordinates": [ 15.441496, 46.769997 ] } },
{ "type": "Feature", "properties": { "rand_point_id": 2865 }, "geometry": { "type": "Point", "coordinates": [ 13.333634, 46.567254 ] } },
{ "type": "Feature", "properties": { "rand_point_id": 2866 }, "geometry": { "type": "Point", "coordinates": [ 14.163446, 46.75272 ] } },
{ "type": "Feature", "properties": { "rand_point_id": 2867 }, "geometry": { "type": "Point", "coordinates": [ 16.616482, 47.940127 ] } },
{ "type": "Feature", "properties": { "rand_point_id": 2868 }, "geometry": { "type": "Point", "coordinates": [ 13.313582, 46.576736 ] } },
{ "type": "Feature", "properties": { "rand_point_id": 2869 }, "geometry": { "type": "Point", "coordinates": [ 15.300619, 47.795697 ] } },
{ "type": "Feature", "properties": { "rand_point_id": 2870 }, "geometry": { "type": "Point", "coordinates": [ 9.662652, 47.064618 ] } },
{ "type": "Feature", "properties": { "rand_point_id": 2871 }, "geometry": { "type": "Point", "coordinates": [ 15.497441, 48.877036 ] } },
{ "type": "Feature", "properties": { "rand_point_id": 2872 }, "geometry": { "type": "Point", "coordinates": [ 13.16879, 47.947306 ] } },
{ "type": "Feature", "properties": { "rand_point_id": 2873 }, "geometry": { "type": "Point", "coordinates": [ 10.707206, 47.273012 ] } },
{ "type": "Feature", "properties": { "rand_point_id": 2874 }, "geometry": { "type": "Point", "coordinates": [ 16.443326, 47.890089 ] } },
{ "type": "Feature", "properties": { "rand_point_id": 2875 }, "geometry": { "type": "Point", "coordinates": [ 13.376914, 48.177264 ] } },
{ "type": "Feature", "properties": { "rand_point_id": 2876 }, "geometry": { "type": "Point", "coordinates": [ 12.191441, 46.990767 ] } },
{ "type": "Feature", "properties": { "rand_point_id": 2877 }, "geometry": { "type": "Point", "coordinates": [ 14.923524, 48.315898 ] } },
{ "type": "Feature", "properties": { "rand_point_id": 2878 }, "geometry": { "type": "Point", "coordinates": [ 15.925348, 48.442838 ] } },
{ "type": "Feature", "properties": { "rand_point_id": 2879 }, "geometry": { "type": "Point", "coordinates": [ 11.607341, 47.075299 ] } },
{ "type": "Feature", "properties": { "rand_point_id": 2880 }, "geometry": { "type": "Point", "coordinates": [ 15.229697, 47.811013 ] } },
{ "type": "Feature", "properties": { "rand_point_id": 2881 }, "geometry": { "type": "Point", "coordinates": [ 11.117016, 46.963384 ] } },
{ "type": "Feature", "properties": { "rand_point_id": 2882 }, "geometry": { "type": "Point", "coordinates": [ 13.018008, 47.398018 ] } },
{ "type": "Feature", "properties": { "rand_point_id": 2883 }, "geometry": { "type": "Point", "coordinates": [ 12.9797, 47.44795 ] } },
{ "type": "Feature", "properties": { "rand_point_id": 2884 }, "geometry": { "type": "Point", "coordinates": [ 13.159554, 46.809767 ] } },
{ "type": "Feature", "properties": { "rand_point_id": 2885 }, "geometry": { "type": "Point", "coordinates": [ 13.751115, 47.948736 ] } },
{ "type": "Feature", "properties": { "rand_point_id": 2886 }, "geometry": { "type": "Point", "coordinates": [ 11.659166, 47.320379 ] } },
{ "type": "Feature", "properties": { "rand_point_id": 2887 }, "geometry": { "type": "Point", "coordinates": [ 15.508113, 47.528551 ] } },
{ "type": "Feature", "properties": { "rand_point_id": 2888 }, "geometry": { "type": "Point", "coordinates": [ 11.107447, 47.172234 ] } },
{ "type": "Feature", "properties": { "rand_point_id": 2889 }, "geometry": { "type": "Point", "coordinates": [ 12.908354, 46.78866 ] } },
{ "type": "Feature", "properties": { "rand_point_id": 2890 }, "geometry": { "type": "Point", "coordinates": [ 10.083373, 47.207008 ] } },
{ "type": "Feature", "properties": { "rand_point_id": 2891 }, "geometry": { "type": "Point", "coordinates": [ 11.688097, 47.308687 ] } },
{ "type": "Feature", "properties": { "rand_point_id": 2892 }, "geometry": { "type": "Point", "coordinates": [ 13.613636, 48.465219 ] } },
{ "type": "Feature", "properties": { "rand_point_id": 2893 }, "geometry": { "type": "Point", "coordinates": [ 13.702578, 47.787488 ] } },
{ "type": "Feature", "properties": { "rand_point_id": 2894 }, "geometry": { "type": "Point", "coordinates": [ 15.239824, 47.789404 ] } },
{ "type": "Feature", "properties": { "rand_point_id": 2895 }, "geometry": { "type": "Point", "coordinates": [ 10.139713, 47.267922 ] } },
{ "type": "Feature", "properties": { "rand_point_id": 2896 }, "geometry": { "type": "Point", "coordinates": [ 16.286406, 47.054652 ] } },
{ "type": "Feature", "properties": { "rand_point_id": 2897 }, "geometry": { "type": "Point", "coordinates": [ 16.004398, 48.719841 ] } },
{ "type": "Feature", "properties": { "rand_point_id": 2898 }, "geometry": { "type": "Point", "coordinates": [ 13.740918, 46.655904 ] } },
{ "type": "Feature", "properties": { "rand_point_id": 2899 }, "geometry": { "type": "Point", "coordinates": [ 14.40536, 48.257212 ] } },
{ "type": "Feature", "properties": { "rand_point_id": 2900 }, "geometry": { "type": "Point", "coordinates": [ 15.317785, 47.181174 ] } },
{ "type": "Feature", "properties": { "rand_point_id": 2901 }, "geometry": { "type": "Point", "coordinates": [ 15.265991, 46.913249 ] } },
{ "type": "Feature", "properties": { "rand_point_id": 2902 }, "geometry": { "type": "Point", "coordinates": [ 13.450767, 47.030273 ] } },
{ "type": "Feature", "properties": { "rand_point_id": 2903 }, "geometry": { "type": "Point", "coordinates": [ 13.307972, 46.766056 ] } },
{ "type": "Feature", "properties": { "rand_point_id": 2904 }, "geometry": { "type": "Point", "coordinates": [ 15.300148, 47.568639 ] } },
{ "type": "Feature", "properties": { "rand_point_id": 2905 }, "geometry": { "type": "Point", "coordinates": [ 15.415092, 47.171848 ] } },
{ "type": "Feature", "properties": { "rand_point_id": 2906 }, "geometry": { "type": "Point", "coordinates": [ 16.08508, 48.162541 ] } },
{ "type": "Feature", "properties": { "rand_point_id": 2907 }, "geometry": { "type": "Point", "coordinates": [ 16.249543, 48.230069 ] } },
{ "type": "Feature", "properties": { "rand_point_id": 2908 }, "geometry": { "type": "Point", "coordinates": [ 13.496488, 46.699942 ] } },
{ "type": "Feature", "properties": { "rand_point_id": 2909 }, "geometry": { "type": "Point", "coordinates": [ 16.691526, 48.239858 ] } },
{ "type": "Feature", "properties": { "rand_point_id": 2910 }, "geometry": { "type": "Point", "coordinates": [ 13.424296, 47.737229 ] } },
{ "type": "Feature", "properties": { "rand_point_id": 2911 }, "geometry": { "type": "Point", "coordinates": [ 16.34172, 47.565128 ] } },
{ "type": "Feature", "properties": { "rand_point_id": 2912 }, "geometry": { "type": "Point", "coordinates": [ 10.583255, 46.854025 ] } },
{ "type": "Feature", "properties": { "rand_point_id": 2913 }, "geometry": { "type": "Point", "coordinates": [ 13.859678, 47.733351 ] } },
{ "type": "Feature", "properties": { "rand_point_id": 2914 }, "geometry": { "type": "Point", "coordinates": [ 15.977214, 48.349601 ] } },
{ "type": "Feature", "properties": { "rand_point_id": 2915 }, "geometry": { "type": "Point", "coordinates": [ 14.202898, 48.481864 ] } },
{ "type": "Feature", "properties": { "rand_point_id": 2916 }, "geometry": { "type": "Point", "coordinates": [ 13.886527, 48.127414 ] } },
{ "type": "Feature", "properties": { "rand_point_id": 2917 }, "geometry": { "type": "Point", "coordinates": [ 14.000378, 46.971545 ] } },
{ "type": "Feature", "properties": { "rand_point_id": 2918 }, "geometry": { "type": "Point", "coordinates": [ 13.663313, 47.420195 ] } },
{ "type": "Feature", "properties": { "rand_point_id": 2919 }, "geometry": { "type": "Point", "coordinates": [ 13.273898, 47.933547 ] } },
{ "type": "Feature", "properties": { "rand_point_id": 2920 }, "geometry": { "type": "Point", "coordinates": [ 13.018327, 47.3119 ] } },
{ "type": "Feature", "properties": { "rand_point_id": 2921 }, "geometry": { "type": "Point", "coordinates": [ 12.72072, 46.668169 ] } },
{ "type": "Feature", "properties": { "rand_point_id": 2922 }, "geometry": { "type": "Point", "coordinates": [ 11.761662, 47.074339 ] } },
{ "type": "Feature", "properties": { "rand_point_id": 2923 }, "geometry": { "type": "Point", "coordinates": [ 15.719074, 47.828509 ] } },
{ "type": "Feature", "properties": { "rand_point_id": 2924 }, "geometry": { "type": "Point", "coordinates": [ 12.246869, 47.469445 ] } },
{ "type": "Feature", "properties": { "rand_point_id": 2925 }, "geometry": { "type": "Point", "coordinates": [ 11.369807, 47.080343 ] } },
{ "type": "Feature", "properties": { "rand_point_id": 2926 }, "geometry": { "type": "Point", "coordinates": [ 15.612251, 48.390032 ] } },
{ "type": "Feature", "properties": { "rand_point_id": 2927 }, "geometry": { "type": "Point", "coordinates": [ 10.230104, 47.014523 ] } },
{ "type": "Feature", "properties": { "rand_point_id": 2928 }, "geometry": { "type": "Point", "coordinates": [ 13.655229, 48.522904 ] } },
{ "type": "Feature", "properties": { "rand_point_id": 2929 }, "geometry": { "type": "Point", "coordinates": [ 15.771842, 47.740653 ] } },
{ "type": "Feature", "properties": { "rand_point_id": 2930 }, "geometry": { "type": "Point", "coordinates": [ 16.058553, 47.893366 ] } },
{ "type": "Feature", "properties": { "rand_point_id": 2931 }, "geometry": { "type": "Point", "coordinates": [ 14.306343, 47.619113 ] } },
{ "type": "Feature", "properties": { "rand_point_id": 2932 }, "geometry": { "type": "Point", "coordinates": [ 13.431822, 46.716382 ] } },
{ "type": "Feature", "properties": { "rand_point_id": 2933 }, "geometry": { "type": "Point", "coordinates": [ 14.557207, 47.274566 ] } },
{ "type": "Feature", "properties": { "rand_point_id": 2934 }, "geometry": { "type": "Point", "coordinates": [ 13.903567, 47.249985 ] } },
{ "type": "Feature", "properties": { "rand_point_id": 2935 }, "geometry": { "type": "Point", "coordinates": [ 12.350501, 47.290909 ] } },
{ "type": "Feature", "properties": { "rand_point_id": 2936 }, "geometry": { "type": "Point", "coordinates": [ 16.15902, 48.286671 ] } },
{ "type": "Feature", "properties": { "rand_point_id": 2937 }, "geometry": { "type": "Point", "coordinates": [ 14.089278, 48.108155 ] } },
{ "type": "Feature", "properties": { "rand_point_id": 2938 }, "geometry": { "type": "Point", "coordinates": [ 11.866865, 47.323249 ] } },
{ "type": "Feature", "properties": { "rand_point_id": 2939 }, "geometry": { "type": "Point", "coordinates": [ 14.416495, 47.695183 ] } },
{ "type": "Feature", "properties": { "rand_point_id": 2940 }, "geometry": { "type": "Point", "coordinates": [ 15.48664, 47.808944 ] } },
{ "type": "Feature", "properties": { "rand_point_id": 2941 }, "geometry": { "type": "Point", "coordinates": [ 15.976674, 48.097776 ] } },
{ "type": "Feature", "properties": { "rand_point_id": 2942 }, "geometry": { "type": "Point", "coordinates": [ 14.429297, 48.184654 ] } },
{ "type": "Feature", "properties": { "rand_point_id": 2943 }, "geometry": { "type": "Point", "coordinates": [ 16.335545, 47.309042 ] } },
{ "type": "Feature", "properties": { "rand_point_id": 2944 }, "geometry": { "type": "Point", "coordinates": [ 10.912262, 47.253296 ] } },
{ "type": "Feature", "properties": { "rand_point_id": 2945 }, "geometry": { "type": "Point", "coordinates": [ 13.859771, 47.907336 ] } },
{ "type": "Feature", "properties": { "rand_point_id": 2946 }, "geometry": { "type": "Point", "coordinates": [ 15.182558, 47.384765 ] } },
{ "type": "Feature", "properties": { "rand_point_id": 2947 }, "geometry": { "type": "Point", "coordinates": [ 12.698501, 47.111014 ] } },
{ "type": "Feature", "properties": { "rand_point_id": 2948 }, "geometry": { "type": "Point", "coordinates": [ 12.978436, 48.024897 ] } },
{ "type": "Feature", "properties": { "rand_point_id": 2949 }, "geometry": { "type": "Point", "coordinates": [ 14.661149, 47.627986 ] } },
{ "type": "Feature", "properties": { "rand_point_id": 2950 }, "geometry": { "type": "Point", "coordinates": [ 15.587706, 47.294338 ] } },
{ "type": "Feature", "properties": { "rand_point_id": 2951 }, "geometry": { "type": "Point", "coordinates": [ 15.8122, 47.469373 ] } },
{ "type": "Feature", "properties": { "rand_point_id": 2952 }, "geometry": { "type": "Point", "coordinates": [ 12.313804, 47.096411 ] } },
{ "type": "Feature", "properties": { "rand_point_id": 2953 }, "geometry": { "type": "Point", "coordinates": [ 13.874814, 47.706766 ] } },
{ "type": "Feature", "properties": { "rand_point_id": 2954 }, "geometry": { "type": "Point", "coordinates": [ 15.054796, 48.185858 ] } },
{ "type": "Feature", "properties": { "rand_point_id": 2955 }, "geometry": { "type": "Point", "coordinates": [ 11.159097, 46.97624 ] } },
{ "type": "Feature", "properties": { "rand_point_id": 2956 }, "geometry": { "type": "Point", "coordinates": [ 12.278099, 47.265406 ] } },
{ "type": "Feature", "properties": { "rand_point_id": 2957 }, "geometry": { "type": "Point", "coordinates": [ 14.802917, 48.41614 ] } },
{ "type": "Feature", "properties": { "rand_point_id": 2958 }, "geometry": { "type": "Point", "coordinates": [ 14.181149, 47.189216 ] } },
{ "type": "Feature", "properties": { "rand_point_id": 2959 }, "geometry": { "type": "Point", "coordinates": [ 15.094705, 48.473545 ] } },
{ "type": "Feature", "properties": { "rand_point_id": 2960 }, "geometry": { "type": "Point", "coordinates": [ 12.729532, 47.121601 ] } },
{ "type": "Feature", "properties": { "rand_point_id": 2961 }, "geometry": { "type": "Point", "coordinates": [ 12.366712, 46.963132 ] } },
{ "type": "Feature", "properties": { "rand_point_id": 2962 }, "geometry": { "type": "Point", "coordinates": [ 13.894737, 48.552349 ] } },
{ "type": "Feature", "properties": { "rand_point_id": 2963 }, "geometry": { "type": "Point", "coordinates": [ 16.30016, 47.700845 ] } },
{ "type": "Feature", "properties": { "rand_point_id": 2964 }, "geometry": { "type": "Point", "coordinates": [ 13.985868, 48.343201 ] } },
{ "type": "Feature", "properties": { "rand_point_id": 2965 }, "geometry": { "type": "Point", "coordinates": [ 14.346038, 46.807586 ] } },
{ "type": "Feature", "properties": { "rand_point_id": 2966 }, "geometry": { "type": "Point", "coordinates": [ 14.389494, 46.715828 ] } },
{ "type": "Feature", "properties": { "rand_point_id": 2967 }, "geometry": { "type": "Point", "coordinates": [ 15.283371, 48.938116 ] } },
{ "type": "Feature", "properties": { "rand_point_id": 2968 }, "geometry": { "type": "Point", "coordinates": [ 14.833675, 46.966608 ] } },
{ "type": "Feature", "properties": { "rand_point_id": 2969 }, "geometry": { "type": "Point", "coordinates": [ 15.802023, 47.586207 ] } },
{ "type": "Feature", "properties": { "rand_point_id": 2970 }, "geometry": { "type": "Point", "coordinates": [ 12.895275, 47.186228 ] } },
{ "type": "Feature", "properties": { "rand_point_id": 2971 }, "geometry": { "type": "Point", "coordinates": [ 11.056751, 47.218381 ] } },
{ "type": "Feature", "properties": { "rand_point_id": 2972 }, "geometry": { "type": "Point", "coordinates": [ 15.564212, 46.959523 ] } },
{ "type": "Feature", "properties": { "rand_point_id": 2973 }, "geometry": { "type": "Point", "coordinates": [ 13.310132, 46.89056 ] } },
{ "type": "Feature", "properties": { "rand_point_id": 2974 }, "geometry": { "type": "Point", "coordinates": [ 15.888736, 48.611456 ] } },
{ "type": "Feature", "properties": { "rand_point_id": 2975 }, "geometry": { "type": "Point", "coordinates": [ 15.83533, 47.512725 ] } },
{ "type": "Feature", "properties": { "rand_point_id": 2976 }, "geometry": { "type": "Point", "coordinates": [ 12.559146, 47.290324 ] } },
{ "type": "Feature", "properties": { "rand_point_id": 2977 }, "geometry": { "type": "Point", "coordinates": [ 13.386637, 47.963399 ] } },
{ "type": "Feature", "properties": { "rand_point_id": 2978 }, "geometry": { "type": "Point", "coordinates": [ 15.377043, 48.117624 ] } },
{ "type": "Feature", "properties": { "rand_point_id": 2979 }, "geometry": { "type": "Point", "coordinates": [ 14.402009, 47.674467 ] } },
{ "type": "Feature", "properties": { "rand_point_id": 2980 }, "geometry": { "type": "Point", "coordinates": [ 16.536442, 48.32184 ] } },
{ "type": "Feature", "properties": { "rand_point_id": 2981 }, "geometry": { "type": "Point", "coordinates": [ 15.338136, 47.880207 ] } },
{ "type": "Feature", "properties": { "rand_point_id": 2982 }, "geometry": { "type": "Point", "coordinates": [ 16.493589, 48.521884 ] } },
{ "type": "Feature", "properties": { "rand_point_id": 2983 }, "geometry": { "type": "Point", "coordinates": [ 11.403414, 47.428393 ] } },
{ "type": "Feature", "properties": { "rand_point_id": 2984 }, "geometry": { "type": "Point", "coordinates": [ 16.375223, 47.396934 ] } },
{ "type": "Feature", "properties": { "rand_point_id": 2985 }, "geometry": { "type": "Point", "coordinates": [ 15.542183, 46.931063 ] } },
{ "type": "Feature", "properties": { "rand_point_id": 2986 }, "geometry": { "type": "Point", "coordinates": [ 16.250227, 47.20444 ] } },
{ "type": "Feature", "properties": { "rand_point_id": 2987 }, "geometry": { "type": "Point", "coordinates": [ 15.380851, 48.728809 ] } },
{ "type": "Feature", "properties": { "rand_point_id": 2988 }, "geometry": { "type": "Point", "coordinates": [ 15.122, 47.56241 ] } },
{ "type": "Feature", "properties": { "rand_point_id": 2989 }, "geometry": { "type": "Point", "coordinates": [ 9.931188, 47.199796 ] } },
{ "type": "Feature", "properties": { "rand_point_id": 2990 }, "geometry": { "type": "Point", "coordinates": [ 16.304022, 47.540982 ] } },
{ "type": "Feature", "properties": { "rand_point_id": 2991 }, "geometry": { "type": "Point", "coordinates": [ 14.397997, 48.035987 ] } },
{ "type": "Feature", "properties": { "rand_point_id": 2992 }, "geometry": { "type": "Point", "coordinates": [ 13.766592, 48.081102 ] } },
{ "type": "Feature", "properties": { "rand_point_id": 2993 }, "geometry": { "type": "Point", "coordinates": [ 14.155429, 46.451405 ] } },
{ "type": "Feature", "properties": { "rand_point_id": 2994 }, "geometry": { "type": "Point", "coordinates": [ 9.800339, 47.289032 ] } },
{ "type": "Feature", "properties": { "rand_point_id": 2995 }, "geometry": { "type": "Point", "coordinates": [ 15.621081, 47.961853 ] } },
{ "type": "Feature", "properties": { "rand_point_id": 2996 }, "geometry": { "type": "Point", "coordinates": [ 12.36346, 46.788912 ] } },
{ "type": "Feature", "properties": { "rand_point_id": 2997 }, "geometry": { "type": "Point", "coordinates": [ 13.174689, 46.983981 ] } },
{ "type": "Feature", "properties": { "rand_point_id": 2998 }, "geometry": { "type": "Point", "coordinates": [ 15.970083, 48.647317 ] } },
{ "type": "Feature", "properties": { "rand_point_id": 2999 }, "geometry": { "type": "Point", "coordinates": [ 16.374896, 48.231873 ] } },
{ "type": "Feature", "properties": { "rand_point_id": 3000 }, "geometry": { "type": "Point", "coordinates": [ 14.559653, 46.474741 ] } },
{ "type": "Feature", "properties": { "rand_point_id": 3001 }, "geometry": { "type": "Point", "coordinates": [ 15.365018, 48.49422 ] } },
{ "type": "Feature", "properties": { "rand_point_id": 3002 }, "geometry": { "type": "Point", "coordinates": [ 14.039594, 47.068758 ] } },
{ "type": "Feature", "properties": { "rand_point_id": 3003 }, "geometry": { "type": "Point", "coordinates": [ 14.592892, 46.579178 ] } },
{ "type": "Feature", "properties": { "rand_point_id": 3004 }, "geometry": { "type": "Point", "coordinates": [ 15.581949, 48.797668 ] } },
{ "type": "Feature", "properties": { "rand_point_id": 3005 }, "geometry": { "type": "Point", "coordinates": [ 17.014987, 47.810691 ] } },
{ "type": "Feature", "properties": { "rand_point_id": 3006 }, "geometry": { "type": "Point", "coordinates": [ 13.112146, 46.832632 ] } },
{ "type": "Feature", "properties": { "rand_point_id": 3007 }, "geometry": { "type": "Point", "coordinates": [ 13.780284, 47.637285 ] } },
{ "type": "Feature", "properties": { "rand_point_id": 3008 }, "geometry": { "type": "Point", "coordinates": [ 13.707726, 47.229804 ] } },
{ "type": "Feature", "properties": { "rand_point_id": 3009 }, "geometry": { "type": "Point", "coordinates": [ 13.766498, 46.780652 ] } },
{ "type": "Feature", "properties": { "rand_point_id": 3010 }, "geometry": { "type": "Point", "coordinates": [ 13.834562, 48.700276 ] } },
{ "type": "Feature", "properties": { "rand_point_id": 3011 }, "geometry": { "type": "Point", "coordinates": [ 16.15182, 47.874077 ] } },
{ "type": "Feature", "properties": { "rand_point_id": 3012 }, "geometry": { "type": "Point", "coordinates": [ 15.404556, 48.563263 ] } },
{ "type": "Feature", "properties": { "rand_point_id": 3013 }, "geometry": { "type": "Point", "coordinates": [ 11.399703, 47.320498 ] } },
{ "type": "Feature", "properties": { "rand_point_id": 3014 }, "geometry": { "type": "Point", "coordinates": [ 15.862575, 48.653266 ] } },
{ "type": "Feature", "properties": { "rand_point_id": 3015 }, "geometry": { "type": "Point", "coordinates": [ 16.210026, 47.829788 ] } },
{ "type": "Feature", "properties": { "rand_point_id": 3016 }, "geometry": { "type": "Point", "coordinates": [ 13.091513, 46.68935 ] } },
{ "type": "Feature", "properties": { "rand_point_id": 3017 }, "geometry": { "type": "Point", "coordinates": [ 15.933058, 47.997564 ] } },
{ "type": "Feature", "properties": { "rand_point_id": 3018 }, "geometry": { "type": "Point", "coordinates": [ 16.924218, 48.234601 ] } },
{ "type": "Feature", "properties": { "rand_point_id": 3019 }, "geometry": { "type": "Point", "coordinates": [ 10.058262, 47.133289 ] } },
{ "type": "Feature", "properties": { "rand_point_id": 3020 }, "geometry": { "type": "Point", "coordinates": [ 14.028512, 47.434754 ] } },
{ "type": "Feature", "properties": { "rand_point_id": 3021 }, "geometry": { "type": "Point", "coordinates": [ 16.603337, 47.477448 ] } },
{ "type": "Feature", "properties": { "rand_point_id": 3022 }, "geometry": { "type": "Point", "coordinates": [ 11.530598, 47.408188 ] } },
{ "type": "Feature", "properties": { "rand_point_id": 3023 }, "geometry": { "type": "Point", "coordinates": [ 10.195384, 47.193009 ] } },
{ "type": "Feature", "properties": { "rand_point_id": 3024 }, "geometry": { "type": "Point", "coordinates": [ 12.389801, 47.395835 ] } },
{ "type": "Feature", "properties": { "rand_point_id": 3025 }, "geometry": { "type": "Point", "coordinates": [ 15.185519, 46.843508 ] } },
{ "type": "Feature", "properties": { "rand_point_id": 3026 }, "geometry": { "type": "Point", "coordinates": [ 16.298194, 48.0951 ] } },
{ "type": "Feature", "properties": { "rand_point_id": 3027 }, "geometry": { "type": "Point", "coordinates": [ 16.431616, 48.697804 ] } },
{ "type": "Feature", "properties": { "rand_point_id": 3028 }, "geometry": { "type": "Point", "coordinates": [ 15.012002, 47.644267 ] } },
{ "type": "Feature", "properties": { "rand_point_id": 3029 }, "geometry": { "type": "Point", "coordinates": [ 14.106083, 46.606929 ] } },
{ "type": "Feature", "properties": { "rand_point_id": 3030 }, "geometry": { "type": "Point", "coordinates": [ 14.015427, 47.032608 ] } },
{ "type": "Feature", "properties": { "rand_point_id": 3031 }, "geometry": { "type": "Point", "coordinates": [ 15.558574, 47.878337 ] } },
{ "type": "Feature", "properties": { "rand_point_id": 3032 }, "geometry": { "type": "Point", "coordinates": [ 14.089761, 47.204457 ] } },
{ "type": "Feature", "properties": { "rand_point_id": 3033 }, "geometry": { "type": "Point", "coordinates": [ 10.476664, 47.281376 ] } },
{ "type": "Feature", "properties": { "rand_point_id": 3034 }, "geometry": { "type": "Point", "coordinates": [ 13.460038, 46.849626 ] } },
{ "type": "Feature", "properties": { "rand_point_id": 3035 }, "geometry": { "type": "Point", "coordinates": [ 13.19661, 47.135068 ] } },
{ "type": "Feature", "properties": { "rand_point_id": 3036 }, "geometry": { "type": "Point", "coordinates": [ 15.688293, 48.241673 ] } },
{ "type": "Feature", "properties": { "rand_point_id": 3037 }, "geometry": { "type": "Point", "coordinates": [ 14.67815, 47.856125 ] } },
{ "type": "Feature", "properties": { "rand_point_id": 3038 }, "geometry": { "type": "Point", "coordinates": [ 9.731925, 47.425803 ] } },
{ "type": "Feature", "properties": { "rand_point_id": 3039 }, "geometry": { "type": "Point", "coordinates": [ 15.974146, 48.736424 ] } },
{ "type": "Feature", "properties": { "rand_point_id": 3040 }, "geometry": { "type": "Point", "coordinates": [ 16.302097, 48.457278 ] } },
{ "type": "Feature", "properties": { "rand_point_id": 3041 }, "geometry": { "type": "Point", "coordinates": [ 13.471844, 47.666214 ] } },
{ "type": "Feature", "properties": { "rand_point_id": 3042 }, "geometry": { "type": "Point", "coordinates": [ 15.102519, 46.720872 ] } },
{ "type": "Feature", "properties": { "rand_point_id": 3043 }, "geometry": { "type": "Point", "coordinates": [ 14.642487, 46.530247 ] } },
{ "type": "Feature", "properties": { "rand_point_id": 3044 }, "geometry": { "type": "Point", "coordinates": [ 16.441721, 48.705622 ] } },
{ "type": "Feature", "properties": { "rand_point_id": 3045 }, "geometry": { "type": "Point", "coordinates": [ 11.619359, 47.39988 ] } },
{ "type": "Feature", "properties": { "rand_point_id": 3046 }, "geometry": { "type": "Point", "coordinates": [ 14.412904, 46.464383 ] } },
{ "type": "Feature", "properties": { "rand_point_id": 3047 }, "geometry": { "type": "Point", "coordinates": [ 13.887356, 47.15677 ] } },
{ "type": "Feature", "properties": { "rand_point_id": 3048 }, "geometry": { "type": "Point", "coordinates": [ 14.086275, 48.397396 ] } },
{ "type": "Feature", "properties": { "rand_point_id": 3049 }, "geometry": { "type": "Point", "coordinates": [ 16.487743, 47.995902 ] } },
{ "type": "Feature", "properties": { "rand_point_id": 3050 }, "geometry": { "type": "Point", "coordinates": [ 16.327101, 47.695108 ] } },
{ "type": "Feature", "properties": { "rand_point_id": 3051 }, "geometry": { "type": "Point", "coordinates": [ 15.318748, 48.368378 ] } },
{ "type": "Feature", "properties": { "rand_point_id": 3052 }, "geometry": { "type": "Point", "coordinates": [ 16.492548, 47.624335 ] } },
{ "type": "Feature", "properties": { "rand_point_id": 3053 }, "geometry": { "type": "Point", "coordinates": [ 11.203782, 47.40895 ] } },
{ "type": "Feature", "properties": { "rand_point_id": 3054 }, "geometry": { "type": "Point", "coordinates": [ 14.911118, 48.660001 ] } },
{ "type": "Feature", "properties": { "rand_point_id": 3055 }, "geometry": { "type": "Point", "coordinates": [ 15.232455, 47.601927 ] } },
{ "type": "Feature", "properties": { "rand_point_id": 3056 }, "geometry": { "type": "Point", "coordinates": [ 16.618406, 48.014997 ] } },
{ "type": "Feature", "properties": { "rand_point_id": 3057 }, "geometry": { "type": "Point", "coordinates": [ 9.993551, 47.049259 ] } },
{ "type": "Feature", "properties": { "rand_point_id": 3058 }, "geometry": { "type": "Point", "coordinates": [ 13.982515, 47.481924 ] } },
{ "type": "Feature", "properties": { "rand_point_id": 3059 }, "geometry": { "type": "Point", "coordinates": [ 13.361133, 47.236489 ] } },
{ "type": "Feature", "properties": { "rand_point_id": 3060 }, "geometry": { "type": "Point", "coordinates": [ 15.774765, 46.967875 ] } },
{ "type": "Feature", "properties": { "rand_point_id": 3061 }, "geometry": { "type": "Point", "coordinates": [ 12.222403, 47.248702 ] } },
{ "type": "Feature", "properties": { "rand_point_id": 3062 }, "geometry": { "type": "Point", "coordinates": [ 13.378576, 47.804523 ] } },
{ "type": "Feature", "properties": { "rand_point_id": 3063 }, "geometry": { "type": "Point", "coordinates": [ 14.059544, 48.35926 ] } },
{ "type": "Feature", "properties": { "rand_point_id": 3064 }, "geometry": { "type": "Point", "coordinates": [ 14.359945, 47.186115 ] } },
{ "type": "Feature", "properties": { "rand_point_id": 3065 }, "geometry": { "type": "Point", "coordinates": [ 13.853323, 47.047187 ] } },
{ "type": "Feature", "properties": { "rand_point_id": 3066 }, "geometry": { "type": "Point", "coordinates": [ 15.759934, 46.918848 ] } },
{ "type": "Feature", "properties": { "rand_point_id": 3067 }, "geometry": { "type": "Point", "coordinates": [ 16.692867, 48.050229 ] } },
{ "type": "Feature", "properties": { "rand_point_id": 3068 }, "geometry": { "type": "Point", "coordinates": [ 10.593592, 47.150929 ] } },
{ "type": "Feature", "properties": { "rand_point_id": 3069 }, "geometry": { "type": "Point", "coordinates": [ 10.455999, 46.990705 ] } },
{ "type": "Feature", "properties": { "rand_point_id": 3070 }, "geometry": { "type": "Point", "coordinates": [ 14.587967, 47.312548 ] } },
{ "type": "Feature", "properties": { "rand_point_id": 3071 }, "geometry": { "type": "Point", "coordinates": [ 15.415003, 46.973546 ] } },
{ "type": "Feature", "properties": { "rand_point_id": 3072 }, "geometry": { "type": "Point", "coordinates": [ 10.742609, 47.051939 ] } },
{ "type": "Feature", "properties": { "rand_point_id": 3073 }, "geometry": { "type": "Point", "coordinates": [ 12.762988, 46.842269 ] } },
{ "type": "Feature", "properties": { "rand_point_id": 3074 }, "geometry": { "type": "Point", "coordinates": [ 15.594082, 48.233281 ] } },
{ "type": "Feature", "properties": { "rand_point_id": 3075 }, "geometry": { "type": "Point", "coordinates": [ 14.628315, 47.199321 ] } },
{ "type": "Feature", "properties": { "rand_point_id": 3076 }, "geometry": { "type": "Point", "coordinates": [ 13.283886, 47.824844 ] } },
{ "type": "Feature", "properties": { "rand_point_id": 3077 }, "geometry": { "type": "Point", "coordinates": [ 10.159714, 47.207174 ] } },
{ "type": "Feature", "properties": { "rand_point_id": 3078 }, "geometry": { "type": "Point", "coordinates": [ 14.878047, 47.709348 ] } },
{ "type": "Feature", "properties": { "rand_point_id": 3079 }, "geometry": { "type": "Point", "coordinates": [ 13.981178, 48.090976 ] } },
{ "type": "Feature", "properties": { "rand_point_id": 3080 }, "geometry": { "type": "Point", "coordinates": [ 14.807428, 47.374065 ] } },
{ "type": "Feature", "properties": { "rand_point_id": 3081 }, "geometry": { "type": "Point", "coordinates": [ 14.677344, 47.545901 ] } },
{ "type": "Feature", "properties": { "rand_point_id": 3082 }, "geometry": { "type": "Point", "coordinates": [ 12.581675, 47.261504 ] } },
{ "type": "Feature", "properties": { "rand_point_id": 3083 }, "geometry": { "type": "Point", "coordinates": [ 10.639038, 47.39718 ] } },
{ "type": "Feature", "properties": { "rand_point_id": 3084 }, "geometry": { "type": "Point", "coordinates": [ 12.820114, 46.877388 ] } },
{ "type": "Feature", "properties": { "rand_point_id": 3085 }, "geometry": { "type": "Point", "coordinates": [ 14.997265, 47.930777 ] } },
{ "type": "Feature", "properties": { "rand_point_id": 3086 }, "geometry": { "type": "Point", "coordinates": [ 15.218919, 48.947283 ] } },
{ "type": "Feature", "properties": { "rand_point_id": 3087 }, "geometry": { "type": "Point", "coordinates": [ 16.562329, 48.353761 ] } },
{ "type": "Feature", "properties": { "rand_point_id": 3088 }, "geometry": { "type": "Point", "coordinates": [ 14.946129, 46.901056 ] } },
{ "type": "Feature", "properties": { "rand_point_id": 3089 }, "geometry": { "type": "Point", "coordinates": [ 9.771171, 47.417381 ] } },
{ "type": "Feature", "properties": { "rand_point_id": 3090 }, "geometry": { "type": "Point", "coordinates": [ 13.880804, 46.559929 ] } },
{ "type": "Feature", "properties": { "rand_point_id": 3091 }, "geometry": { "type": "Point", "coordinates": [ 13.911827, 46.632454 ] } },
{ "type": "Feature", "properties": { "rand_point_id": 3092 }, "geometry": { "type": "Point", "coordinates": [ 13.553669, 48.051342 ] } },
{ "type": "Feature", "properties": { "rand_point_id": 3093 }, "geometry": { "type": "Point", "coordinates": [ 14.769091, 47.08802 ] } },
{ "type": "Feature", "properties": { "rand_point_id": 3094 }, "geometry": { "type": "Point", "coordinates": [ 14.387738, 47.86208 ] } },
{ "type": "Feature", "properties": { "rand_point_id": 3095 }, "geometry": { "type": "Point", "coordinates": [ 9.720699, 47.362577 ] } },
{ "type": "Feature", "properties": { "rand_point_id": 3096 }, "geometry": { "type": "Point", "coordinates": [ 13.416095, 47.911321 ] } },
{ "type": "Feature", "properties": { "rand_point_id": 3097 }, "geometry": { "type": "Point", "coordinates": [ 14.491591, 47.676749 ] } },
{ "type": "Feature", "properties": { "rand_point_id": 3098 }, "geometry": { "type": "Point", "coordinates": [ 16.572752, 48.045572 ] } },
{ "type": "Feature", "properties": { "rand_point_id": 3099 }, "geometry": { "type": "Point", "coordinates": [ 13.878376, 46.601292 ] } },
{ "type": "Feature", "properties": { "rand_point_id": 3100 }, "geometry": { "type": "Point", "coordinates": [ 15.109873, 47.699493 ] } },
{ "type": "Feature", "properties": { "rand_point_id": 3101 }, "geometry": { "type": "Point", "coordinates": [ 13.139779, 48.025037 ] } },
{ "type": "Feature", "properties": { "rand_point_id": 3102 }, "geometry": { "type": "Point", "coordinates": [ 13.820871, 46.537471 ] } },
{ "type": "Feature", "properties": { "rand_point_id": 3103 }, "geometry": { "type": "Point", "coordinates": [ 13.28687, 47.443085 ] } },
{ "type": "Feature", "properties": { "rand_point_id": 3104 }, "geometry": { "type": "Point", "coordinates": [ 14.240506, 46.676704 ] } },
{ "type": "Feature", "properties": { "rand_point_id": 3105 }, "geometry": { "type": "Point", "coordinates": [ 15.172652, 46.949601 ] } },
{ "type": "Feature", "properties": { "rand_point_id": 3106 }, "geometry": { "type": "Point", "coordinates": [ 14.657836, 47.874053 ] } },
{ "type": "Feature", "properties": { "rand_point_id": 3107 }, "geometry": { "type": "Point", "coordinates": [ 12.121045, 47.4036 ] } },
{ "type": "Feature", "properties": { "rand_point_id": 3108 }, "geometry": { "type": "Point", "coordinates": [ 15.796832, 48.522868 ] } },
{ "type": "Feature", "properties": { "rand_point_id": 3109 }, "geometry": { "type": "Point", "coordinates": [ 16.758056, 48.38122 ] } },
{ "type": "Feature", "properties": { "rand_point_id": 3110 }, "geometry": { "type": "Point", "coordinates": [ 16.37318, 48.507143 ] } },
{ "type": "Feature", "properties": { "rand_point_id": 3111 }, "geometry": { "type": "Point", "coordinates": [ 14.40588, 47.242989 ] } },
{ "type": "Feature", "properties": { "rand_point_id": 3112 }, "geometry": { "type": "Point", "coordinates": [ 16.065178, 48.199536 ] } },
{ "type": "Feature", "properties": { "rand_point_id": 3113 }, "geometry": { "type": "Point", "coordinates": [ 13.90924, 46.832017 ] } },
{ "type": "Feature", "properties": { "rand_point_id": 3114 }, "geometry": { "type": "Point", "coordinates": [ 13.427345, 47.252648 ] } },
{ "type": "Feature", "properties": { "rand_point_id": 3115 }, "geometry": { "type": "Point", "coordinates": [ 16.938238, 47.883904 ] } },
{ "type": "Feature", "properties": { "rand_point_id": 3116 }, "geometry": { "type": "Point", "coordinates": [ 15.576264, 47.965846 ] } },
{ "type": "Feature", "properties": { "rand_point_id": 3117 }, "geometry": { "type": "Point", "coordinates": [ 15.544125, 46.659609 ] } },
{ "type": "Feature", "properties": { "rand_point_id": 3118 }, "geometry": { "type": "Point", "coordinates": [ 16.593891, 47.49619 ] } },
{ "type": "Feature", "properties": { "rand_point_id": 3119 }, "geometry": { "type": "Point", "coordinates": [ 15.998577, 47.359732 ] } },
{ "type": "Feature", "properties": { "rand_point_id": 3120 }, "geometry": { "type": "Point", "coordinates": [ 14.619401, 48.093136 ] } },
{ "type": "Feature", "properties": { "rand_point_id": 3121 }, "geometry": { "type": "Point", "coordinates": [ 14.757445, 47.441115 ] } },
{ "type": "Feature", "properties": { "rand_point_id": 3122 }, "geometry": { "type": "Point", "coordinates": [ 16.750243, 48.049621 ] } },
{ "type": "Feature", "properties": { "rand_point_id": 3123 }, "geometry": { "type": "Point", "coordinates": [ 12.793724, 47.408847 ] } },
{ "type": "Feature", "properties": { "rand_point_id": 3124 }, "geometry": { "type": "Point", "coordinates": [ 14.107227, 46.740505 ] } },
{ "type": "Feature", "properties": { "rand_point_id": 3125 }, "geometry": { "type": "Point", "coordinates": [ 9.741745, 47.100434 ] } },
{ "type": "Feature", "properties": { "rand_point_id": 3126 }, "geometry": { "type": "Point", "coordinates": [ 15.101365, 47.038619 ] } },
{ "type": "Feature", "properties": { "rand_point_id": 3127 }, "geometry": { "type": "Point", "coordinates": [ 15.813221, 46.75156 ] } },
{ "type": "Feature", "properties": { "rand_point_id": 3128 }, "geometry": { "type": "Point", "coordinates": [ 15.477394, 46.879594 ] } },
{ "type": "Feature", "properties": { "rand_point_id": 3129 }, "geometry": { "type": "Point", "coordinates": [ 12.039174, 47.376371 ] } },
{ "type": "Feature", "properties": { "rand_point_id": 3130 }, "geometry": { "type": "Point", "coordinates": [ 12.415173, 47.455527 ] } },
{ "type": "Feature", "properties": { "rand_point_id": 3131 }, "geometry": { "type": "Point", "coordinates": [ 14.589094, 48.507145 ] } },
{ "type": "Feature", "properties": { "rand_point_id": 3132 }, "geometry": { "type": "Point", "coordinates": [ 14.979722, 47.289912 ] } },
{ "type": "Feature", "properties": { "rand_point_id": 3133 }, "geometry": { "type": "Point", "coordinates": [ 14.34258, 48.032618 ] } },
{ "type": "Feature", "properties": { "rand_point_id": 3134 }, "geometry": { "type": "Point", "coordinates": [ 13.419448, 48.052549 ] } },
{ "type": "Feature", "properties": { "rand_point_id": 3135 }, "geometry": { "type": "Point", "coordinates": [ 11.179427, 47.304388 ] } },
{ "type": "Feature", "properties": { "rand_point_id": 3136 }, "geometry": { "type": "Point", "coordinates": [ 14.286353, 47.561333 ] } },
{ "type": "Feature", "properties": { "rand_point_id": 3137 }, "geometry": { "type": "Point", "coordinates": [ 13.129756, 48.161368 ] } },
{ "type": "Feature", "properties": { "rand_point_id": 3138 }, "geometry": { "type": "Point", "coordinates": [ 11.523524, 47.16838 ] } },
{ "type": "Feature", "properties": { "rand_point_id": 3139 }, "geometry": { "type": "Point", "coordinates": [ 14.067943, 46.547869 ] } },
{ "type": "Feature", "properties": { "rand_point_id": 3140 }, "geometry": { "type": "Point", "coordinates": [ 13.395511, 47.44787 ] } },
{ "type": "Feature", "properties": { "rand_point_id": 3141 }, "geometry": { "type": "Point", "coordinates": [ 15.775995, 48.227565 ] } },
{ "type": "Feature", "properties": { "rand_point_id": 3142 }, "geometry": { "type": "Point", "coordinates": [ 15.749795, 47.1857 ] } },
{ "type": "Feature", "properties": { "rand_point_id": 3143 }, "geometry": { "type": "Point", "coordinates": [ 13.945893, 47.903476 ] } },
{ "type": "Feature", "properties": { "rand_point_id": 3144 }, "geometry": { "type": "Point", "coordinates": [ 15.225418, 48.712846 ] } },
{ "type": "Feature", "properties": { "rand_point_id": 3145 }, "geometry": { "type": "Point", "coordinates": [ 11.006921, 46.953322 ] } },
{ "type": "Feature", "properties": { "rand_point_id": 3146 }, "geometry": { "type": "Point", "coordinates": [ 16.477738, 47.061917 ] } },
{ "type": "Feature", "properties": { "rand_point_id": 3147 }, "geometry": { "type": "Point", "coordinates": [ 16.219132, 47.216004 ] } },
{ "type": "Feature", "properties": { "rand_point_id": 3148 }, "geometry": { "type": "Point", "coordinates": [ 13.859305, 47.140131 ] } },
{ "type": "Feature", "properties": { "rand_point_id": 3149 }, "geometry": { "type": "Point", "coordinates": [ 15.54528, 48.193206 ] } },
{ "type": "Feature", "properties": { "rand_point_id": 3150 }, "geometry": { "type": "Point", "coordinates": [ 15.19993, 46.937503 ] } },
{ "type": "Feature", "properties": { "rand_point_id": 3151 }, "geometry": { "type": "Point", "coordinates": [ 9.900929, 47.017109 ] } },
{ "type": "Feature", "properties": { "rand_point_id": 3152 }, "geometry": { "type": "Point", "coordinates": [ 14.187267, 47.603379 ] } },
{ "type": "Feature", "properties": { "rand_point_id": 3153 }, "geometry": { "type": "Point", "coordinates": [ 12.575139, 46.664401 ] } },
{ "type": "Feature", "properties": { "rand_point_id": 3154 }, "geometry": { "type": "Point", "coordinates": [ 14.37203, 47.753228 ] } },
{ "type": "Feature", "properties": { "rand_point_id": 3155 }, "geometry": { "type": "Point", "coordinates": [ 9.603808, 47.250605 ] } },
{ "type": "Feature", "properties": { "rand_point_id": 3156 }, "geometry": { "type": "Point", "coordinates": [ 10.050205, 47.372987 ] } },
{ "type": "Feature", "properties": { "rand_point_id": 3157 }, "geometry": { "type": "Point", "coordinates": [ 15.199304, 48.060429 ] } },
{ "type": "Feature", "properties": { "rand_point_id": 3158 }, "geometry": { "type": "Point", "coordinates": [ 16.070542, 48.15913 ] } },
{ "type": "Feature", "properties": { "rand_point_id": 3159 }, "geometry": { "type": "Point", "coordinates": [ 13.609622, 47.786629 ] } },
{ "type": "Feature", "properties": { "rand_point_id": 3160 }, "geometry": { "type": "Point", "coordinates": [ 11.706678, 47.112405 ] } },
{ "type": "Feature", "properties": { "rand_point_id": 3161 }, "geometry": { "type": "Point", "coordinates": [ 13.439016, 47.757114 ] } },
{ "type": "Feature", "properties": { "rand_point_id": 3162 }, "geometry": { "type": "Point", "coordinates": [ 14.219009, 46.49525 ] } },
{ "type": "Feature", "properties": { "rand_point_id": 3163 }, "geometry": { "type": "Point", "coordinates": [ 12.14064, 47.526783 ] } },
{ "type": "Feature", "properties": { "rand_point_id": 3164 }, "geometry": { "type": "Point", "coordinates": [ 16.202192, 48.695611 ] } },
{ "type": "Feature", "properties": { "rand_point_id": 3165 }, "geometry": { "type": "Point", "coordinates": [ 10.858496, 46.993178 ] } },
{ "type": "Feature", "properties": { "rand_point_id": 3166 }, "geometry": { "type": "Point", "coordinates": [ 13.531652, 46.840105 ] } },
{ "type": "Feature", "properties": { "rand_point_id": 3167 }, "geometry": { "type": "Point", "coordinates": [ 13.799722, 48.542505 ] } },
{ "type": "Feature", "properties": { "rand_point_id": 3168 }, "geometry": { "type": "Point", "coordinates": [ 14.522564, 47.331776 ] } },
{ "type": "Feature", "properties": { "rand_point_id": 3169 }, "geometry": { "type": "Point", "coordinates": [ 12.881066, 47.159628 ] } },
{ "type": "Feature", "properties": { "rand_point_id": 3170 }, "geometry": { "type": "Point", "coordinates": [ 10.495208, 47.334516 ] } },
{ "type": "Feature", "properties": { "rand_point_id": 3171 }, "geometry": { "type": "Point", "coordinates": [ 15.42771, 47.899355 ] } },
{ "type": "Feature", "properties": { "rand_point_id": 3172 }, "geometry": { "type": "Point", "coordinates": [ 10.648982, 47.310528 ] } },
{ "type": "Feature", "properties": { "rand_point_id": 3173 }, "geometry": { "type": "Point", "coordinates": [ 15.240456, 47.837321 ] } },
{ "type": "Feature", "properties": { "rand_point_id": 3174 }, "geometry": { "type": "Point", "coordinates": [ 13.652353, 47.431704 ] } },
{ "type": "Feature", "properties": { "rand_point_id": 3175 }, "geometry": { "type": "Point", "coordinates": [ 9.921408, 47.381788 ] } },
{ "type": "Feature", "properties": { "rand_point_id": 3176 }, "geometry": { "type": "Point", "coordinates": [ 14.725316, 48.333605 ] } },
{ "type": "Feature", "properties": { "rand_point_id": 3177 }, "geometry": { "type": "Point", "coordinates": [ 15.384458, 47.773282 ] } },
{ "type": "Feature", "properties": { "rand_point_id": 3178 }, "geometry": { "type": "Point", "coordinates": [ 13.17628, 47.284093 ] } },
{ "type": "Feature", "properties": { "rand_point_id": 3179 }, "geometry": { "type": "Point", "coordinates": [ 14.708024, 47.647538 ] } },
{ "type": "Feature", "properties": { "rand_point_id": 3180 }, "geometry": { "type": "Point", "coordinates": [ 16.414011, 47.423003 ] } },
{ "type": "Feature", "properties": { "rand_point_id": 3181 }, "geometry": { "type": "Point", "coordinates": [ 12.499737, 47.561275 ] } },
{ "type": "Feature", "properties": { "rand_point_id": 3182 }, "geometry": { "type": "Point", "coordinates": [ 15.705729, 48.511736 ] } },
{ "type": "Feature", "properties": { "rand_point_id": 3183 }, "geometry": { "type": "Point", "coordinates": [ 15.961519, 48.247402 ] } },
{ "type": "Feature", "properties": { "rand_point_id": 3184 }, "geometry": { "type": "Point", "coordinates": [ 14.417674, 47.133942 ] } },
{ "type": "Feature", "properties": { "rand_point_id": 3185 }, "geometry": { "type": "Point", "coordinates": [ 15.848024, 47.115502 ] } },
{ "type": "Feature", "properties": { "rand_point_id": 3186 }, "geometry": { "type": "Point", "coordinates": [ 13.323905, 48.318883 ] } },
{ "type": "Feature", "properties": { "rand_point_id": 3187 }, "geometry": { "type": "Point", "coordinates": [ 13.817701, 47.97722 ] } },
{ "type": "Feature", "properties": { "rand_point_id": 3188 }, "geometry": { "type": "Point", "coordinates": [ 9.994161, 47.139206 ] } },
{ "type": "Feature", "properties": { "rand_point_id": 3189 }, "geometry": { "type": "Point", "coordinates": [ 12.294244, 47.336767 ] } },
{ "type": "Feature", "properties": { "rand_point_id": 3190 }, "geometry": { "type": "Point", "coordinates": [ 12.931964, 48.038625 ] } },
{ "type": "Feature", "properties": { "rand_point_id": 3191 }, "geometry": { "type": "Point", "coordinates": [ 16.223973, 47.201674 ] } },
{ "type": "Feature", "properties": { "rand_point_id": 3192 }, "geometry": { "type": "Point", "coordinates": [ 13.276368, 46.851553 ] } },
{ "type": "Feature", "properties": { "rand_point_id": 3193 }, "geometry": { "type": "Point", "coordinates": [ 11.674033, 47.418009 ] } },
{ "type": "Feature", "properties": { "rand_point_id": 3194 }, "geometry": { "type": "Point", "coordinates": [ 14.52834, 47.534518 ] } },
{ "type": "Feature", "properties": { "rand_point_id": 3195 }, "geometry": { "type": "Point", "coordinates": [ 14.610554, 47.993161 ] } },
{ "type": "Feature", "properties": { "rand_point_id": 3196 }, "geometry": { "type": "Point", "coordinates": [ 15.147074, 47.003407 ] } },
{ "type": "Feature", "properties": { "rand_point_id": 3197 }, "geometry": { "type": "Point", "coordinates": [ 13.965764, 46.871546 ] } },
{ "type": "Feature", "properties": { "rand_point_id": 3198 }, "geometry": { "type": "Point", "coordinates": [ 16.400388, 48.458326 ] } },
{ "type": "Feature", "properties": { "rand_point_id": 3199 }, "geometry": { "type": "Point", "coordinates": [ 14.402055, 48.082014 ] } },
{ "type": "Feature", "properties": { "rand_point_id": 3200 }, "geometry": { "type": "Point", "coordinates": [ 15.897997, 47.963713 ] } },
{ "type": "Feature", "properties": { "rand_point_id": 3201 }, "geometry": { "type": "Point", "coordinates": [ 15.268738, 47.919057 ] } },
{ "type": "Feature", "properties": { "rand_point_id": 3202 }, "geometry": { "type": "Point", "coordinates": [ 14.299364, 48.245299 ] } },
{ "type": "Feature", "properties": { "rand_point_id": 3203 }, "geometry": { "type": "Point", "coordinates": [ 12.104472, 47.30741 ] } },
{ "type": "Feature", "properties": { "rand_point_id": 3204 }, "geometry": { "type": "Point", "coordinates": [ 14.276827, 46.699394 ] } },
{ "type": "Feature", "properties": { "rand_point_id": 3205 }, "geometry": { "type": "Point", "coordinates": [ 12.911014, 48.045682 ] } },
{ "type": "Feature", "properties": { "rand_point_id": 3206 }, "geometry": { "type": "Point", "coordinates": [ 15.28506, 48.230526 ] } },
{ "type": "Feature", "properties": { "rand_point_id": 3207 }, "geometry": { "type": "Point", "coordinates": [ 14.432164, 47.508481 ] } },
{ "type": "Feature", "properties": { "rand_point_id": 3208 }, "geometry": { "type": "Point", "coordinates": [ 10.854567, 47.107635 ] } },
{ "type": "Feature", "properties": { "rand_point_id": 3209 }, "geometry": { "type": "Point", "coordinates": [ 12.225608, 47.499498 ] } },
{ "type": "Feature", "properties": { "rand_point_id": 3210 }, "geometry": { "type": "Point", "coordinates": [ 15.764515, 46.765871 ] } },
{ "type": "Feature", "properties": { "rand_point_id": 3211 }, "geometry": { "type": "Point", "coordinates": [ 14.410102, 46.91885 ] } },
{ "type": "Feature", "properties": { "rand_point_id": 3212 }, "geometry": { "type": "Point", "coordinates": [ 10.421674, 47.198257 ] } },
{ "type": "Feature", "properties": { "rand_point_id": 3213 }, "geometry": { "type": "Point", "coordinates": [ 13.373417, 47.264199 ] } },
{ "type": "Feature", "properties": { "rand_point_id": 3214 }, "geometry": { "type": "Point", "coordinates": [ 14.783251, 46.898888 ] } },
{ "type": "Feature", "properties": { "rand_point_id": 3215 }, "geometry": { "type": "Point", "coordinates": [ 15.274895, 47.487099 ] } },
{ "type": "Feature", "properties": { "rand_point_id": 3216 }, "geometry": { "type": "Point", "coordinates": [ 13.1927, 47.300293 ] } },
{ "type": "Feature", "properties": { "rand_point_id": 3217 }, "geometry": { "type": "Point", "coordinates": [ 14.457852, 46.838055 ] } },
{ "type": "Feature", "properties": { "rand_point_id": 3218 }, "geometry": { "type": "Point", "coordinates": [ 14.632307, 46.883327 ] } },
{ "type": "Feature", "properties": { "rand_point_id": 3219 }, "geometry": { "type": "Point", "coordinates": [ 13.926225, 47.824224 ] } },
{ "type": "Feature", "properties": { "rand_point_id": 3220 }, "geometry": { "type": "Point", "coordinates": [ 13.387393, 47.603012 ] } },
{ "type": "Feature", "properties": { "rand_point_id": 3221 }, "geometry": { "type": "Point", "coordinates": [ 16.726775, 48.247749 ] } },
{ "type": "Feature", "properties": { "rand_point_id": 3222 }, "geometry": { "type": "Point", "coordinates": [ 13.636381, 48.16523 ] } },
{ "type": "Feature", "properties": { "rand_point_id": 3223 }, "geometry": { "type": "Point", "coordinates": [ 13.524397, 46.868164 ] } },
{ "type": "Feature", "properties": { "rand_point_id": 3224 }, "geometry": { "type": "Point", "coordinates": [ 16.728777, 47.810929 ] } },
{ "type": "Feature", "properties": { "rand_point_id": 3225 }, "geometry": { "type": "Point", "coordinates": [ 15.282063, 46.983371 ] } },
{ "type": "Feature", "properties": { "rand_point_id": 3226 }, "geometry": { "type": "Point", "coordinates": [ 13.31054, 47.803655 ] } },
{ "type": "Feature", "properties": { "rand_point_id": 3227 }, "geometry": { "type": "Point", "coordinates": [ 16.246128, 47.53842 ] } },
{ "type": "Feature", "properties": { "rand_point_id": 3228 }, "geometry": { "type": "Point", "coordinates": [ 13.475846, 46.857482 ] } },
{ "type": "Feature", "properties": { "rand_point_id": 3229 }, "geometry": { "type": "Point", "coordinates": [ 16.403183, 48.031524 ] } },
{ "type": "Feature", "properties": { "rand_point_id": 3230 }, "geometry": { "type": "Point", "coordinates": [ 10.682368, 47.435673 ] } },
{ "type": "Feature", "properties": { "rand_point_id": 3231 }, "geometry": { "type": "Point", "coordinates": [ 16.195446, 48.507965 ] } },
{ "type": "Feature", "properties": { "rand_point_id": 3232 }, "geometry": { "type": "Point", "coordinates": [ 9.582865, 47.183571 ] } },
{ "type": "Feature", "properties": { "rand_point_id": 3233 }, "geometry": { "type": "Point", "coordinates": [ 9.623454, 47.05556 ] } },
{ "type": "Feature", "properties": { "rand_point_id": 3234 }, "geometry": { "type": "Point", "coordinates": [ 15.206463, 48.758338 ] } },
{ "type": "Feature", "properties": { "rand_point_id": 3235 }, "geometry": { "type": "Point", "coordinates": [ 10.044897, 47.057004 ] } },
{ "type": "Feature", "properties": { "rand_point_id": 3236 }, "geometry": { "type": "Point", "coordinates": [ 12.558768, 47.047395 ] } },
{ "type": "Feature", "properties": { "rand_point_id": 3237 }, "geometry": { "type": "Point", "coordinates": [ 13.477142, 47.538828 ] } },
{ "type": "Feature", "properties": { "rand_point_id": 3238 }, "geometry": { "type": "Point", "coordinates": [ 12.139177, 47.200874 ] } },
{ "type": "Feature", "properties": { "rand_point_id": 3239 }, "geometry": { "type": "Point", "coordinates": [ 14.755051, 48.190467 ] } },
{ "type": "Feature", "properties": { "rand_point_id": 3240 }, "geometry": { "type": "Point", "coordinates": [ 14.034915, 47.820458 ] } },
{ "type": "Feature", "properties": { "rand_point_id": 3241 }, "geometry": { "type": "Point", "coordinates": [ 16.409764, 48.016348 ] } },
{ "type": "Feature", "properties": { "rand_point_id": 3242 }, "geometry": { "type": "Point", "coordinates": [ 15.662496, 48.025961 ] } },
{ "type": "Feature", "properties": { "rand_point_id": 3243 }, "geometry": { "type": "Point", "coordinates": [ 14.30358, 46.775291 ] } },
{ "type": "Feature", "properties": { "rand_point_id": 3244 }, "geometry": { "type": "Point", "coordinates": [ 14.090245, 46.532431 ] } },
{ "type": "Feature", "properties": { "rand_point_id": 3245 }, "geometry": { "type": "Point", "coordinates": [ 13.62228, 48.251394 ] } },
{ "type": "Feature", "properties": { "rand_point_id": 3246 }, "geometry": { "type": "Point", "coordinates": [ 13.999988, 46.856678 ] } },
{ "type": "Feature", "properties": { "rand_point_id": 3247 }, "geometry": { "type": "Point", "coordinates": [ 15.186145, 48.093724 ] } },
{ "type": "Feature", "properties": { "rand_point_id": 3248 }, "geometry": { "type": "Point", "coordinates": [ 15.402029, 47.263593 ] } },
{ "type": "Feature", "properties": { "rand_point_id": 3249 }, "geometry": { "type": "Point", "coordinates": [ 12.900191, 48.203566 ] } },
{ "type": "Feature", "properties": { "rand_point_id": 3250 }, "geometry": { "type": "Point", "coordinates": [ 16.613633, 48.346124 ] } },
{ "type": "Feature", "properties": { "rand_point_id": 3251 }, "geometry": { "type": "Point", "coordinates": [ 15.298363, 47.225655 ] } },
{ "type": "Feature", "properties": { "rand_point_id": 3252 }, "geometry": { "type": "Point", "coordinates": [ 13.753827, 47.739946 ] } },
{ "type": "Feature", "properties": { "rand_point_id": 3253 }, "geometry": { "type": "Point", "coordinates": [ 13.000874, 47.907639 ] } },
{ "type": "Feature", "properties": { "rand_point_id": 3254 }, "geometry": { "type": "Point", "coordinates": [ 14.956192, 47.03283 ] } },
{ "type": "Feature", "properties": { "rand_point_id": 3255 }, "geometry": { "type": "Point", "coordinates": [ 14.327219, 46.528498 ] } },
{ "type": "Feature", "properties": { "rand_point_id": 3256 }, "geometry": { "type": "Point", "coordinates": [ 15.672486, 47.328703 ] } },
{ "type": "Feature", "properties": { "rand_point_id": 3257 }, "geometry": { "type": "Point", "coordinates": [ 16.053064, 47.659836 ] } },
{ "type": "Feature", "properties": { "rand_point_id": 3258 }, "geometry": { "type": "Point", "coordinates": [ 14.079125, 47.432869 ] } },
{ "type": "Feature", "properties": { "rand_point_id": 3259 }, "geometry": { "type": "Point", "coordinates": [ 14.128815, 47.700046 ] } },
{ "type": "Feature", "properties": { "rand_point_id": 3260 }, "geometry": { "type": "Point", "coordinates": [ 12.871809, 48.086223 ] } },
{ "type": "Feature", "properties": { "rand_point_id": 3261 }, "geometry": { "type": "Point", "coordinates": [ 13.464294, 47.763205 ] } },
{ "type": "Feature", "properties": { "rand_point_id": 3262 }, "geometry": { "type": "Point", "coordinates": [ 14.790803, 48.504544 ] } },
{ "type": "Feature", "properties": { "rand_point_id": 3263 }, "geometry": { "type": "Point", "coordinates": [ 12.697689, 47.566747 ] } },
{ "type": "Feature", "properties": { "rand_point_id": 3264 }, "geometry": { "type": "Point", "coordinates": [ 13.379264, 46.585172 ] } },
{ "type": "Feature", "properties": { "rand_point_id": 3265 }, "geometry": { "type": "Point", "coordinates": [ 15.14274, 48.601301 ] } },
{ "type": "Feature", "properties": { "rand_point_id": 3266 }, "geometry": { "type": "Point", "coordinates": [ 14.87881, 47.706412 ] } },
{ "type": "Feature", "properties": { "rand_point_id": 3267 }, "geometry": { "type": "Point", "coordinates": [ 14.351863, 48.172715 ] } },
{ "type": "Feature", "properties": { "rand_point_id": 3268 }, "geometry": { "type": "Point", "coordinates": [ 12.173701, 46.97321 ] } },
{ "type": "Feature", "properties": { "rand_point_id": 3269 }, "geometry": { "type": "Point", "coordinates": [ 12.905588, 48.126254 ] } },
{ "type": "Feature", "properties": { "rand_point_id": 3270 }, "geometry": { "type": "Point", "coordinates": [ 13.83944, 47.312978 ] } },
{ "type": "Feature", "properties": { "rand_point_id": 3271 }, "geometry": { "type": "Point", "coordinates": [ 13.241238, 47.464304 ] } },
{ "type": "Feature", "properties": { "rand_point_id": 3272 }, "geometry": { "type": "Point", "coordinates": [ 13.492169, 48.30617 ] } },
{ "type": "Feature", "properties": { "rand_point_id": 3273 }, "geometry": { "type": "Point", "coordinates": [ 16.43067, 48.084179 ] } },
{ "type": "Feature", "properties": { "rand_point_id": 3274 }, "geometry": { "type": "Point", "coordinates": [ 12.243176, 47.496517 ] } },
{ "type": "Feature", "properties": { "rand_point_id": 3275 }, "geometry": { "type": "Point", "coordinates": [ 13.331521, 47.229109 ] } },
{ "type": "Feature", "properties": { "rand_point_id": 3276 }, "geometry": { "type": "Point", "coordinates": [ 15.963992, 48.410999 ] } },
{ "type": "Feature", "properties": { "rand_point_id": 3277 }, "geometry": { "type": "Point", "coordinates": [ 13.450719, 48.313896 ] } },
{ "type": "Feature", "properties": { "rand_point_id": 3278 }, "geometry": { "type": "Point", "coordinates": [ 14.766393, 47.049885 ] } },
{ "type": "Feature", "properties": { "rand_point_id": 3279 }, "geometry": { "type": "Point", "coordinates": [ 15.299351, 46.745455 ] } },
{ "type": "Feature", "properties": { "rand_point_id": 3280 }, "geometry": { "type": "Point", "coordinates": [ 10.791241, 46.795013 ] } },
{ "type": "Feature", "properties": { "rand_point_id": 3281 }, "geometry": { "type": "Point", "coordinates": [ 15.305654, 47.297116 ] } },
{ "type": "Feature", "properties": { "rand_point_id": 3282 }, "geometry": { "type": "Point", "coordinates": [ 14.02994, 47.466785 ] } },
{ "type": "Feature", "properties": { "rand_point_id": 3283 }, "geometry": { "type": "Point", "coordinates": [ 13.816901, 47.907353 ] } },
{ "type": "Feature", "properties": { "rand_point_id": 3284 }, "geometry": { "type": "Point", "coordinates": [ 13.159067, 47.545281 ] } },
{ "type": "Feature", "properties": { "rand_point_id": 3285 }, "geometry": { "type": "Point", "coordinates": [ 12.257386, 47.0959 ] } },
{ "type": "Feature", "properties": { "rand_point_id": 3286 }, "geometry": { "type": "Point", "coordinates": [ 16.432501, 47.325637 ] } },
{ "type": "Feature", "properties": { "rand_point_id": 3287 }, "geometry": { "type": "Point", "coordinates": [ 16.968023, 47.744657 ] } },
{ "type": "Feature", "properties": { "rand_point_id": 3288 }, "geometry": { "type": "Point", "coordinates": [ 13.259397, 47.542681 ] } },
{ "type": "Feature", "properties": { "rand_point_id": 3289 }, "geometry": { "type": "Point", "coordinates": [ 13.55009, 48.103722 ] } },
{ "type": "Feature", "properties": { "rand_point_id": 3290 }, "geometry": { "type": "Point", "coordinates": [ 13.856493, 46.98483 ] } },
{ "type": "Feature", "properties": { "rand_point_id": 3291 }, "geometry": { "type": "Point", "coordinates": [ 13.285511, 47.113642 ] } },
{ "type": "Feature", "properties": { "rand_point_id": 3292 }, "geometry": { "type": "Point", "coordinates": [ 14.4143, 48.026306 ] } },
{ "type": "Feature", "properties": { "rand_point_id": 3293 }, "geometry": { "type": "Point", "coordinates": [ 15.226789, 47.079165 ] } },
{ "type": "Feature", "properties": { "rand_point_id": 3294 }, "geometry": { "type": "Point", "coordinates": [ 15.725152, 47.345367 ] } },
{ "type": "Feature", "properties": { "rand_point_id": 3295 }, "geometry": { "type": "Point", "coordinates": [ 12.480411, 46.791218 ] } },
{ "type": "Feature", "properties": { "rand_point_id": 3296 }, "geometry": { "type": "Point", "coordinates": [ 13.25706, 47.203448 ] } },
{ "type": "Feature", "properties": { "rand_point_id": 3297 }, "geometry": { "type": "Point", "coordinates": [ 16.766438, 48.397808 ] } },
{ "type": "Feature", "properties": { "rand_point_id": 3298 }, "geometry": { "type": "Point", "coordinates": [ 15.169101, 48.756068 ] } },
{ "type": "Feature", "properties": { "rand_point_id": 3299 }, "geometry": { "type": "Point", "coordinates": [ 14.384125, 46.474973 ] } },
{ "type": "Feature", "properties": { "rand_point_id": 3300 }, "geometry": { "type": "Point", "coordinates": [ 14.36054, 47.026275 ] } },
{ "type": "Feature", "properties": { "rand_point_id": 3301 }, "geometry": { "type": "Point", "coordinates": [ 15.863931, 47.22976 ] } },
{ "type": "Feature", "properties": { "rand_point_id": 3302 }, "geometry": { "type": "Point", "coordinates": [ 15.353894, 46.955584 ] } },
{ "type": "Feature", "properties": { "rand_point_id": 3303 }, "geometry": { "type": "Point", "coordinates": [ 16.554814, 47.588479 ] } },
{ "type": "Feature", "properties": { "rand_point_id": 3304 }, "geometry": { "type": "Point", "coordinates": [ 13.39224, 47.246523 ] } },
{ "type": "Feature", "properties": { "rand_point_id": 3305 }, "geometry": { "type": "Point", "coordinates": [ 9.629584, 47.241422 ] } },
{ "type": "Feature", "properties": { "rand_point_id": 3306 }, "geometry": { "type": "Point", "coordinates": [ 15.238158, 47.186605 ] } },
{ "type": "Feature", "properties": { "rand_point_id": 3307 }, "geometry": { "type": "Point", "coordinates": [ 11.436313, 47.499578 ] } },
{ "type": "Feature", "properties": { "rand_point_id": 3308 }, "geometry": { "type": "Point", "coordinates": [ 13.510916, 47.326259 ] } },
{ "type": "Feature", "properties": { "rand_point_id": 3309 }, "geometry": { "type": "Point", "coordinates": [ 14.390809, 46.613587 ] } },
{ "type": "Feature", "properties": { "rand_point_id": 3310 }, "geometry": { "type": "Point", "coordinates": [ 15.603342, 48.087164 ] } },
{ "type": "Feature", "properties": { "rand_point_id": 3311 }, "geometry": { "type": "Point", "coordinates": [ 12.621224, 47.407199 ] } },
{ "type": "Feature", "properties": { "rand_point_id": 3312 }, "geometry": { "type": "Point", "coordinates": [ 14.477187, 47.465517 ] } },
{ "type": "Feature", "properties": { "rand_point_id": 3313 }, "geometry": { "type": "Point", "coordinates": [ 10.160735, 46.97067 ] } },
{ "type": "Feature", "properties": { "rand_point_id": 3314 }, "geometry": { "type": "Point", "coordinates": [ 16.031327, 48.160755 ] } },
{ "type": "Feature", "properties": { "rand_point_id": 3315 }, "geometry": { "type": "Point", "coordinates": [ 14.439003, 47.462213 ] } },
{ "type": "Feature", "properties": { "rand_point_id": 3316 }, "geometry": { "type": "Point", "coordinates": [ 15.819244, 47.261604 ] } },
{ "type": "Feature", "properties": { "rand_point_id": 3317 }, "geometry": { "type": "Point", "coordinates": [ 14.73344, 47.028638 ] } },
{ "type": "Feature", "properties": { "rand_point_id": 3318 }, "geometry": { "type": "Point", "coordinates": [ 14.455985, 47.220624 ] } },
{ "type": "Feature", "properties": { "rand_point_id": 3319 }, "geometry": { "type": "Point", "coordinates": [ 10.469703, 47.26964 ] } },
{ "type": "Feature", "properties": { "rand_point_id": 3320 }, "geometry": { "type": "Point", "coordinates": [ 15.669283, 48.136979 ] } },
{ "type": "Feature", "properties": { "rand_point_id": 3321 }, "geometry": { "type": "Point", "coordinates": [ 12.900135, 48.191347 ] } },
{ "type": "Feature", "properties": { "rand_point_id": 3322 }, "geometry": { "type": "Point", "coordinates": [ 13.894035, 47.238999 ] } },
{ "type": "Feature", "properties": { "rand_point_id": 3323 }, "geometry": { "type": "Point", "coordinates": [ 13.226935, 47.925232 ] } },
{ "type": "Feature", "properties": { "rand_point_id": 3324 }, "geometry": { "type": "Point", "coordinates": [ 15.191418, 47.95368 ] } },
{ "type": "Feature", "properties": { "rand_point_id": 3325 }, "geometry": { "type": "Point", "coordinates": [ 14.675064, 46.990452 ] } },
{ "type": "Feature", "properties": { "rand_point_id": 3326 }, "geometry": { "type": "Point", "coordinates": [ 12.353844, 46.985991 ] } },
{ "type": "Feature", "properties": { "rand_point_id": 3327 }, "geometry": { "type": "Point", "coordinates": [ 15.315235, 47.273614 ] } },
{ "type": "Feature", "properties": { "rand_point_id": 3328 }, "geometry": { "type": "Point", "coordinates": [ 13.980261, 47.320389 ] } },
{ "type": "Feature", "properties": { "rand_point_id": 3329 }, "geometry": { "type": "Point", "coordinates": [ 15.987861, 48.782182 ] } },
{ "type": "Feature", "properties": { "rand_point_id": 3330 }, "geometry": { "type": "Point", "coordinates": [ 15.190965, 48.662161 ] } },
{ "type": "Feature", "properties": { "rand_point_id": 3331 }, "geometry": { "type": "Point", "coordinates": [ 13.315937, 46.679435 ] } },
{ "type": "Feature", "properties": { "rand_point_id": 3332 }, "geometry": { "type": "Point", "coordinates": [ 14.029333, 48.157176 ] } },
{ "type": "Feature", "properties": { "rand_point_id": 3333 }, "geometry": { "type": "Point", "coordinates": [ 15.732667, 47.792481 ] } },
{ "type": "Feature", "properties": { "rand_point_id": 3334 }, "geometry": { "type": "Point", "coordinates": [ 12.564738, 47.358817 ] } },
{ "type": "Feature", "properties": { "rand_point_id": 3335 }, "geometry": { "type": "Point", "coordinates": [ 16.057591, 47.582954 ] } },
{ "type": "Feature", "properties": { "rand_point_id": 3336 }, "geometry": { "type": "Point", "coordinates": [ 10.063749, 47.164097 ] } },
{ "type": "Feature", "properties": { "rand_point_id": 3337 }, "geometry": { "type": "Point", "coordinates": [ 16.399346, 47.727876 ] } },
{ "type": "Feature", "properties": { "rand_point_id": 3338 }, "geometry": { "type": "Point", "coordinates": [ 16.47115, 47.802234 ] } },
{ "type": "Feature", "properties": { "rand_point_id": 3339 }, "geometry": { "type": "Point", "coordinates": [ 13.088786, 47.18466 ] } },
{ "type": "Feature", "properties": { "rand_point_id": 3340 }, "geometry": { "type": "Point", "coordinates": [ 12.596057, 47.078625 ] } },
{ "type": "Feature", "properties": { "rand_point_id": 3341 }, "geometry": { "type": "Point", "coordinates": [ 11.107214, 46.984104 ] } },
{ "type": "Feature", "properties": { "rand_point_id": 3342 }, "geometry": { "type": "Point", "coordinates": [ 15.566974, 47.091426 ] } },
{ "type": "Feature", "properties": { "rand_point_id": 3343 }, "geometry": { "type": "Point", "coordinates": [ 14.827339, 46.769133 ] } },
{ "type": "Feature", "properties": { "rand_point_id": 3344 }, "geometry": { "type": "Point", "coordinates": [ 13.925402, 48.384433 ] } },
{ "type": "Feature", "properties": { "rand_point_id": 3345 }, "geometry": { "type": "Point", "coordinates": [ 13.45234, 47.361423 ] } },
{ "type": "Feature", "properties": { "rand_point_id": 3346 }, "geometry": { "type": "Point", "coordinates": [ 9.941906, 47.527068 ] } },
{ "type": "Feature", "properties": { "rand_point_id": 3347 }, "geometry": { "type": "Point", "coordinates": [ 14.29222, 48.259357 ] } },
{ "type": "Feature", "properties": { "rand_point_id": 3348 }, "geometry": { "type": "Point", "coordinates": [ 13.680498, 47.386728 ] } },
{ "type": "Feature", "properties": { "rand_point_id": 3349 }, "geometry": { "type": "Point", "coordinates": [ 14.355354, 47.571299 ] } },
{ "type": "Feature", "properties": { "rand_point_id": 3350 }, "geometry": { "type": "Point", "coordinates": [ 13.170732, 47.316438 ] } },
{ "type": "Feature", "properties": { "rand_point_id": 3351 }, "geometry": { "type": "Point", "coordinates": [ 15.736387, 48.728368 ] } },
{ "type": "Feature", "properties": { "rand_point_id": 3352 }, "geometry": { "type": "Point", "coordinates": [ 10.480236, 47.13044 ] } },
{ "type": "Feature", "properties": { "rand_point_id": 3353 }, "geometry": { "type": "Point", "coordinates": [ 13.735175, 47.591376 ] } },
{ "type": "Feature", "properties": { "rand_point_id": 3354 }, "geometry": { "type": "Point", "coordinates": [ 14.380455, 46.702621 ] } },
{ "type": "Feature", "properties": { "rand_point_id": 3355 }, "geometry": { "type": "Point", "coordinates": [ 16.169982, 47.249715 ] } },
{ "type": "Feature", "properties": { "rand_point_id": 3356 }, "geometry": { "type": "Point", "coordinates": [ 12.988022, 46.923075 ] } },
{ "type": "Feature", "properties": { "rand_point_id": 3357 }, "geometry": { "type": "Point", "coordinates": [ 15.608268, 48.261739 ] } },
{ "type": "Feature", "properties": { "rand_point_id": 3358 }, "geometry": { "type": "Point", "coordinates": [ 15.818345, 48.324555 ] } },
{ "type": "Feature", "properties": { "rand_point_id": 3359 }, "geometry": { "type": "Point", "coordinates": [ 14.252521, 47.362697 ] } },
{ "type": "Feature", "properties": { "rand_point_id": 3360 }, "geometry": { "type": "Point", "coordinates": [ 11.084705, 47.115862 ] } },
{ "type": "Feature", "properties": { "rand_point_id": 3361 }, "geometry": { "type": "Point", "coordinates": [ 14.293393, 47.585634 ] } },
{ "type": "Feature", "properties": { "rand_point_id": 3362 }, "geometry": { "type": "Point", "coordinates": [ 10.165858, 46.988222 ] } },
{ "type": "Feature", "properties": { "rand_point_id": 3363 }, "geometry": { "type": "Point", "coordinates": [ 14.439389, 47.426368 ] } },
{ "type": "Feature", "properties": { "rand_point_id": 3364 }, "geometry": { "type": "Point", "coordinates": [ 12.439074, 47.668669 ] } },
{ "type": "Feature", "properties": { "rand_point_id": 3365 }, "geometry": { "type": "Point", "coordinates": [ 10.584776, 46.894026 ] } },
{ "type": "Feature", "properties": { "rand_point_id": 3366 }, "geometry": { "type": "Point", "coordinates": [ 14.383562, 47.916752 ] } },
{ "type": "Feature", "properties": { "rand_point_id": 3367 }, "geometry": { "type": "Point", "coordinates": [ 13.081321, 47.96733 ] } },
{ "type": "Feature", "properties": { "rand_point_id": 3368 }, "geometry": { "type": "Point", "coordinates": [ 15.638133, 47.052073 ] } },
{ "type": "Feature", "properties": { "rand_point_id": 3369 }, "geometry": { "type": "Point", "coordinates": [ 14.39224, 47.101987 ] } },
{ "type": "Feature", "properties": { "rand_point_id": 3370 }, "geometry": { "type": "Point", "coordinates": [ 14.029259, 48.305505 ] } },
{ "type": "Feature", "properties": { "rand_point_id": 3371 }, "geometry": { "type": "Point", "coordinates": [ 14.514036, 48.57846 ] } },
{ "type": "Feature", "properties": { "rand_point_id": 3372 }, "geometry": { "type": "Point", "coordinates": [ 15.655206, 48.81676 ] } },
{ "type": "Feature", "properties": { "rand_point_id": 3373 }, "geometry": { "type": "Point", "coordinates": [ 10.442892, 47.164921 ] } },
{ "type": "Feature", "properties": { "rand_point_id": 3374 }, "geometry": { "type": "Point", "coordinates": [ 13.988271, 47.104955 ] } },
{ "type": "Feature", "properties": { "rand_point_id": 3375 }, "geometry": { "type": "Point", "coordinates": [ 11.968277, 47.253289 ] } },
{ "type": "Feature", "properties": { "rand_point_id": 3376 }, "geometry": { "type": "Point", "coordinates": [ 14.935737, 46.990528 ] } },
{ "type": "Feature", "properties": { "rand_point_id": 3377 }, "geometry": { "type": "Point", "coordinates": [ 14.552063, 46.863872 ] } },
{ "type": "Feature", "properties": { "rand_point_id": 3378 }, "geometry": { "type": "Point", "coordinates": [ 12.776224, 46.81057 ] } },
{ "type": "Feature", "properties": { "rand_point_id": 3379 }, "geometry": { "type": "Point", "coordinates": [ 14.49684, 48.553875 ] } },
{ "type": "Feature", "properties": { "rand_point_id": 3380 }, "geometry": { "type": "Point", "coordinates": [ 15.431602, 48.633508 ] } },
{ "type": "Feature", "properties": { "rand_point_id": 3381 }, "geometry": { "type": "Point", "coordinates": [ 14.890891, 46.865005 ] } },
{ "type": "Feature", "properties": { "rand_point_id": 3382 }, "geometry": { "type": "Point", "coordinates": [ 14.567572, 46.872994 ] } },
{ "type": "Feature", "properties": { "rand_point_id": 3383 }, "geometry": { "type": "Point", "coordinates": [ 15.535913, 47.093581 ] } },
{ "type": "Feature", "properties": { "rand_point_id": 3384 }, "geometry": { "type": "Point", "coordinates": [ 9.72639, 47.450644 ] } },
{ "type": "Feature", "properties": { "rand_point_id": 3385 }, "geometry": { "type": "Point", "coordinates": [ 13.789071, 47.555837 ] } },
{ "type": "Feature", "properties": { "rand_point_id": 3386 }, "geometry": { "type": "Point", "coordinates": [ 14.788438, 47.832129 ] } },
{ "type": "Feature", "properties": { "rand_point_id": 3387 }, "geometry": { "type": "Point", "coordinates": [ 15.894046, 47.6016 ] } },
{ "type": "Feature", "properties": { "rand_point_id": 3388 }, "geometry": { "type": "Point", "coordinates": [ 16.640248, 48.16172 ] } },
{ "type": "Feature", "properties": { "rand_point_id": 3389 }, "geometry": { "type": "Point", "coordinates": [ 14.498633, 46.923492 ] } },
{ "type": "Feature", "properties": { "rand_point_id": 3390 }, "geometry": { "type": "Point", "coordinates": [ 13.895539, 48.145568 ] } },
{ "type": "Feature", "properties": { "rand_point_id": 3391 }, "geometry": { "type": "Point", "coordinates": [ 15.298547, 46.905776 ] } },
{ "type": "Feature", "properties": { "rand_point_id": 3392 }, "geometry": { "type": "Point", "coordinates": [ 13.449563, 46.597066 ] } },
{ "type": "Feature", "properties": { "rand_point_id": 3393 }, "geometry": { "type": "Point", "coordinates": [ 15.356689, 47.260023 ] } },
{ "type": "Feature", "properties": { "rand_point_id": 3394 }, "geometry": { "type": "Point", "coordinates": [ 15.204262, 47.736134 ] } },
{ "type": "Feature", "properties": { "rand_point_id": 3395 }, "geometry": { "type": "Point", "coordinates": [ 15.139507, 46.736614 ] } },
{ "type": "Feature", "properties": { "rand_point_id": 3396 }, "geometry": { "type": "Point", "coordinates": [ 15.056779, 48.97477 ] } },
{ "type": "Feature", "properties": { "rand_point_id": 3397 }, "geometry": { "type": "Point", "coordinates": [ 13.469407, 46.750337 ] } },
{ "type": "Feature", "properties": { "rand_point_id": 3398 }, "geometry": { "type": "Point", "coordinates": [ 14.967537, 47.455992 ] } },
{ "type": "Feature", "properties": { "rand_point_id": 3399 }, "geometry": { "type": "Point", "coordinates": [ 15.712683, 47.860601 ] } },
{ "type": "Feature", "properties": { "rand_point_id": 3400 }, "geometry": { "type": "Point", "coordinates": [ 13.744583, 47.460596 ] } },
{ "type": "Feature", "properties": { "rand_point_id": 3401 }, "geometry": { "type": "Point", "coordinates": [ 9.873673, 47.048384 ] } },
{ "type": "Feature", "properties": { "rand_point_id": 3402 }, "geometry": { "type": "Point", "coordinates": [ 11.7561, 47.418323 ] } },
{ "type": "Feature", "properties": { "rand_point_id": 3403 }, "geometry": { "type": "Point", "coordinates": [ 14.487101, 48.30875 ] } },
{ "type": "Feature", "properties": { "rand_point_id": 3404 }, "geometry": { "type": "Point", "coordinates": [ 12.840884, 46.982811 ] } },
{ "type": "Feature", "properties": { "rand_point_id": 3405 }, "geometry": { "type": "Point", "coordinates": [ 10.364872, 47.077257 ] } },
{ "type": "Feature", "properties": { "rand_point_id": 3406 }, "geometry": { "type": "Point", "coordinates": [ 14.894613, 47.545812 ] } },
{ "type": "Feature", "properties": { "rand_point_id": 3407 }, "geometry": { "type": "Point", "coordinates": [ 15.154367, 48.509176 ] } },
{ "type": "Feature", "properties": { "rand_point_id": 3408 }, "geometry": { "type": "Point", "coordinates": [ 13.25527, 47.610991 ] } },
{ "type": "Feature", "properties": { "rand_point_id": 3409 }, "geometry": { "type": "Point", "coordinates": [ 16.491014, 47.917025 ] } },
{ "type": "Feature", "properties": { "rand_point_id": 3410 }, "geometry": { "type": "Point", "coordinates": [ 16.997954, 47.962509 ] } },
{ "type": "Feature", "properties": { "rand_point_id": 3411 }, "geometry": { "type": "Point", "coordinates": [ 12.119247, 47.084538 ] } },
{ "type": "Feature", "properties": { "rand_point_id": 3412 }, "geometry": { "type": "Point", "coordinates": [ 12.547957, 47.545706 ] } },
{ "type": "Feature", "properties": { "rand_point_id": 3413 }, "geometry": { "type": "Point", "coordinates": [ 10.305881, 47.284694 ] } },
{ "type": "Feature", "properties": { "rand_point_id": 3414 }, "geometry": { "type": "Point", "coordinates": [ 15.637654, 48.037278 ] } },
{ "type": "Feature", "properties": { "rand_point_id": 3415 }, "geometry": { "type": "Point", "coordinates": [ 14.316034, 47.004448 ] } },
{ "type": "Feature", "properties": { "rand_point_id": 3416 }, "geometry": { "type": "Point", "coordinates": [ 15.501488, 48.389831 ] } },
{ "type": "Feature", "properties": { "rand_point_id": 3417 }, "geometry": { "type": "Point", "coordinates": [ 16.595391, 48.651593 ] } },
{ "type": "Feature", "properties": { "rand_point_id": 3418 }, "geometry": { "type": "Point", "coordinates": [ 14.927714, 47.272356 ] } },
{ "type": "Feature", "properties": { "rand_point_id": 3419 }, "geometry": { "type": "Point", "coordinates": [ 14.756387, 48.219472 ] } },
{ "type": "Feature", "properties": { "rand_point_id": 3420 }, "geometry": { "type": "Point", "coordinates": [ 13.190355, 46.796046 ] } },
{ "type": "Feature", "properties": { "rand_point_id": 3421 }, "geometry": { "type": "Point", "coordinates": [ 16.101729, 48.067284 ] } },
{ "type": "Feature", "properties": { "rand_point_id": 3422 }, "geometry": { "type": "Point", "coordinates": [ 14.185911, 46.640489 ] } },
{ "type": "Feature", "properties": { "rand_point_id": 3423 }, "geometry": { "type": "Point", "coordinates": [ 13.775931, 47.215893 ] } },
{ "type": "Feature", "properties": { "rand_point_id": 3424 }, "geometry": { "type": "Point", "coordinates": [ 14.00799, 48.381942 ] } },
{ "type": "Feature", "properties": { "rand_point_id": 3425 }, "geometry": { "type": "Point", "coordinates": [ 12.218006, 46.985813 ] } },
{ "type": "Feature", "properties": { "rand_point_id": 3426 }, "geometry": { "type": "Point", "coordinates": [ 13.831218, 47.021515 ] } },
{ "type": "Feature", "properties": { "rand_point_id": 3427 }, "geometry": { "type": "Point", "coordinates": [ 13.621145, 48.398671 ] } },
{ "type": "Feature", "properties": { "rand_point_id": 3428 }, "geometry": { "type": "Point", "coordinates": [ 15.650006, 48.199316 ] } },
{ "type": "Feature", "properties": { "rand_point_id": 3429 }, "geometry": { "type": "Point", "coordinates": [ 15.121312, 46.728262 ] } },
{ "type": "Feature", "properties": { "rand_point_id": 3430 }, "geometry": { "type": "Point", "coordinates": [ 13.429527, 47.630791 ] } },
{ "type": "Feature", "properties": { "rand_point_id": 3431 }, "geometry": { "type": "Point", "coordinates": [ 15.12847, 47.176187 ] } },
{ "type": "Feature", "properties": { "rand_point_id": 3432 }, "geometry": { "type": "Point", "coordinates": [ 14.388982, 48.13572 ] } },
{ "type": "Feature", "properties": { "rand_point_id": 3433 }, "geometry": { "type": "Point", "coordinates": [ 13.966577, 46.994307 ] } },
{ "type": "Feature", "properties": { "rand_point_id": 3434 }, "geometry": { "type": "Point", "coordinates": [ 10.739424, 47.434181 ] } },
{ "type": "Feature", "properties": { "rand_point_id": 3435 }, "geometry": { "type": "Point", "coordinates": [ 13.396891, 47.644485 ] } },
{ "type": "Feature", "properties": { "rand_point_id": 3436 }, "geometry": { "type": "Point", "coordinates": [ 14.279395, 47.289199 ] } },
{ "type": "Feature", "properties": { "rand_point_id": 3437 }, "geometry": { "type": "Point", "coordinates": [ 15.386909, 47.094436 ] } },
{ "type": "Feature", "properties": { "rand_point_id": 3438 }, "geometry": { "type": "Point", "coordinates": [ 12.130516, 47.122727 ] } },
{ "type": "Feature", "properties": { "rand_point_id": 3439 }, "geometry": { "type": "Point", "coordinates": [ 10.351019, 47.281736 ] } },
{ "type": "Feature", "properties": { "rand_point_id": 3440 }, "geometry": { "type": "Point", "coordinates": [ 14.229337, 47.952347 ] } },
{ "type": "Feature", "properties": { "rand_point_id": 3441 }, "geometry": { "type": "Point", "coordinates": [ 11.390926, 47.236341 ] } },
{ "type": "Feature", "properties": { "rand_point_id": 3442 }, "geometry": { "type": "Point", "coordinates": [ 11.536659, 47.500791 ] } },
{ "type": "Feature", "properties": { "rand_point_id": 3443 }, "geometry": { "type": "Point", "coordinates": [ 14.897745, 46.701845 ] } },
{ "type": "Feature", "properties": { "rand_point_id": 3444 }, "geometry": { "type": "Point", "coordinates": [ 14.100108, 46.536708 ] } },
{ "type": "Feature", "properties": { "rand_point_id": 3445 }, "geometry": { "type": "Point", "coordinates": [ 16.013999, 47.656655 ] } },
{ "type": "Feature", "properties": { "rand_point_id": 3446 }, "geometry": { "type": "Point", "coordinates": [ 12.381464, 47.578017 ] } },
{ "type": "Feature", "properties": { "rand_point_id": 3447 }, "geometry": { "type": "Point", "coordinates": [ 13.13764, 48.105813 ] } },
{ "type": "Feature", "properties": { "rand_point_id": 3448 }, "geometry": { "type": "Point", "coordinates": [ 13.515131, 47.513494 ] } },
{ "type": "Feature", "properties": { "rand_point_id": 3449 }, "geometry": { "type": "Point", "coordinates": [ 12.369032, 47.076535 ] } },
{ "type": "Feature", "properties": { "rand_point_id": 3450 }, "geometry": { "type": "Point", "coordinates": [ 13.668911, 46.60023 ] } },
{ "type": "Feature", "properties": { "rand_point_id": 3451 }, "geometry": { "type": "Point", "coordinates": [ 13.121144, 47.885121 ] } },
{ "type": "Feature", "properties": { "rand_point_id": 3452 }, "geometry": { "type": "Point", "coordinates": [ 15.87069, 47.343315 ] } },
{ "type": "Feature", "properties": { "rand_point_id": 3453 }, "geometry": { "type": "Point", "coordinates": [ 15.287505, 47.79177 ] } },
{ "type": "Feature", "properties": { "rand_point_id": 3454 }, "geometry": { "type": "Point", "coordinates": [ 13.159008, 48.011716 ] } },
{ "type": "Feature", "properties": { "rand_point_id": 3455 }, "geometry": { "type": "Point", "coordinates": [ 14.35919, 48.395969 ] } },
{ "type": "Feature", "properties": { "rand_point_id": 3456 }, "geometry": { "type": "Point", "coordinates": [ 12.817377, 47.081949 ] } },
{ "type": "Feature", "properties": { "rand_point_id": 3457 }, "geometry": { "type": "Point", "coordinates": [ 16.356847, 47.592994 ] } },
{ "type": "Feature", "properties": { "rand_point_id": 3458 }, "geometry": { "type": "Point", "coordinates": [ 10.671391, 47.309783 ] } },
{ "type": "Feature", "properties": { "rand_point_id": 3459 }, "geometry": { "type": "Point", "coordinates": [ 15.813537, 47.245757 ] } },
{ "type": "Feature", "properties": { "rand_point_id": 3460 }, "geometry": { "type": "Point", "coordinates": [ 11.411907, 47.148574 ] } },
{ "type": "Feature", "properties": { "rand_point_id": 3461 }, "geometry": { "type": "Point", "coordinates": [ 13.411748, 48.011036 ] } },
{ "type": "Feature", "properties": { "rand_point_id": 3462 }, "geometry": { "type": "Point", "coordinates": [ 16.835474, 47.735328 ] } },
{ "type": "Feature", "properties": { "rand_point_id": 3463 }, "geometry": { "type": "Point", "coordinates": [ 14.004845, 47.440141 ] } },
{ "type": "Feature", "properties": { "rand_point_id": 3464 }, "geometry": { "type": "Point", "coordinates": [ 9.858116, 47.383288 ] } },
{ "type": "Feature", "properties": { "rand_point_id": 3465 }, "geometry": { "type": "Point", "coordinates": [ 14.433531, 48.09524 ] } },
{ "type": "Feature", "properties": { "rand_point_id": 3466 }, "geometry": { "type": "Point", "coordinates": [ 14.670514, 46.553332 ] } },
{ "type": "Feature", "properties": { "rand_point_id": 3467 }, "geometry": { "type": "Point", "coordinates": [ 15.254562, 47.812818 ] } },
{ "type": "Feature", "properties": { "rand_point_id": 3468 }, "geometry": { "type": "Point", "coordinates": [ 10.968947, 47.018824 ] } },
{ "type": "Feature", "properties": { "rand_point_id": 3469 }, "geometry": { "type": "Point", "coordinates": [ 16.197947, 47.747814 ] } },
{ "type": "Feature", "properties": { "rand_point_id": 3470 }, "geometry": { "type": "Point", "coordinates": [ 16.588177, 47.572535 ] } },
{ "type": "Feature", "properties": { "rand_point_id": 3471 }, "geometry": { "type": "Point", "coordinates": [ 15.070209, 47.713908 ] } },
{ "type": "Feature", "properties": { "rand_point_id": 3472 }, "geometry": { "type": "Point", "coordinates": [ 14.867016, 47.283372 ] } },
{ "type": "Feature", "properties": { "rand_point_id": 3473 }, "geometry": { "type": "Point", "coordinates": [ 14.572541, 47.188701 ] } },
{ "type": "Feature", "properties": { "rand_point_id": 3474 }, "geometry": { "type": "Point", "coordinates": [ 13.737457, 47.636741 ] } },
{ "type": "Feature", "properties": { "rand_point_id": 3475 }, "geometry": { "type": "Point", "coordinates": [ 15.022117, 47.705593 ] } },
{ "type": "Feature", "properties": { "rand_point_id": 3476 }, "geometry": { "type": "Point", "coordinates": [ 10.088598, 46.918817 ] } },
{ "type": "Feature", "properties": { "rand_point_id": 3477 }, "geometry": { "type": "Point", "coordinates": [ 13.850966, 48.147688 ] } },
{ "type": "Feature", "properties": { "rand_point_id": 3478 }, "geometry": { "type": "Point", "coordinates": [ 16.649865, 48.612974 ] } },
{ "type": "Feature", "properties": { "rand_point_id": 3479 }, "geometry": { "type": "Point", "coordinates": [ 11.738179, 47.103141 ] } },
{ "type": "Feature", "properties": { "rand_point_id": 3480 }, "geometry": { "type": "Point", "coordinates": [ 15.957136, 46.982935 ] } },
{ "type": "Feature", "properties": { "rand_point_id": 3481 }, "geometry": { "type": "Point", "coordinates": [ 13.041483, 47.739666 ] } },
{ "type": "Feature", "properties": { "rand_point_id": 3482 }, "geometry": { "type": "Point", "coordinates": [ 13.123265, 47.31412 ] } },
{ "type": "Feature", "properties": { "rand_point_id": 3483 }, "geometry": { "type": "Point", "coordinates": [ 13.678368, 48.264873 ] } },
{ "type": "Feature", "properties": { "rand_point_id": 3484 }, "geometry": { "type": "Point", "coordinates": [ 14.382604, 47.903038 ] } },
{ "type": "Feature", "properties": { "rand_point_id": 3485 }, "geometry": { "type": "Point", "coordinates": [ 15.100819, 48.753585 ] } },
{ "type": "Feature", "properties": { "rand_point_id": 3486 }, "geometry": { "type": "Point", "coordinates": [ 13.105932, 47.929712 ] } },
{ "type": "Feature", "properties": { "rand_point_id": 3487 }, "geometry": { "type": "Point", "coordinates": [ 15.31622, 48.913921 ] } },
{ "type": "Feature", "properties": { "rand_point_id": 3488 }, "geometry": { "type": "Point", "coordinates": [ 13.581883, 47.466109 ] } },
{ "type": "Feature", "properties": { "rand_point_id": 3489 }, "geometry": { "type": "Point", "coordinates": [ 13.24543, 47.540978 ] } },
{ "type": "Feature", "properties": { "rand_point_id": 3490 }, "geometry": { "type": "Point", "coordinates": [ 15.148878, 47.877616 ] } },
{ "type": "Feature", "properties": { "rand_point_id": 3491 }, "geometry": { "type": "Point", "coordinates": [ 14.172971, 47.310767 ] } },
{ "type": "Feature", "properties": { "rand_point_id": 3492 }, "geometry": { "type": "Point", "coordinates": [ 10.717213, 46.896097 ] } },
{ "type": "Feature", "properties": { "rand_point_id": 3493 }, "geometry": { "type": "Point", "coordinates": [ 14.541046, 46.642397 ] } },
{ "type": "Feature", "properties": { "rand_point_id": 3494 }, "geometry": { "type": "Point", "coordinates": [ 16.394979, 47.243153 ] } },
{ "type": "Feature", "properties": { "rand_point_id": 3495 }, "geometry": { "type": "Point", "coordinates": [ 14.377711, 46.502978 ] } },
{ "type": "Feature", "properties": { "rand_point_id": 3496 }, "geometry": { "type": "Point", "coordinates": [ 14.216304, 47.061561 ] } },
{ "type": "Feature", "properties": { "rand_point_id": 3497 }, "geometry": { "type": "Point", "coordinates": [ 14.349561, 48.266576 ] } },
{ "type": "Feature", "properties": { "rand_point_id": 3498 }, "geometry": { "type": "Point", "coordinates": [ 14.949624, 47.999399 ] } },
{ "type": "Feature", "properties": { "rand_point_id": 3499 }, "geometry": { "type": "Point", "coordinates": [ 13.393099, 48.211386 ] } },
{ "type": "Feature", "properties": { "rand_point_id": 3500 }, "geometry": { "type": "Point", "coordinates": [ 10.658005, 47.187296 ] } },
{ "type": "Feature", "properties": { "rand_point_id": 3501 }, "geometry": { "type": "Point", "coordinates": [ 13.18217, 48.258725 ] } },
{ "type": "Feature", "properties": { "rand_point_id": 3502 }, "geometry": { "type": "Point", "coordinates": [ 12.137635, 47.400925 ] } },
{ "type": "Feature", "properties": { "rand_point_id": 3503 }, "geometry": { "type": "Point", "coordinates": [ 13.815153, 48.492369 ] } },
{ "type": "Feature", "properties": { "rand_point_id": 3504 }, "geometry": { "type": "Point", "coordinates": [ 15.221429, 48.255745 ] } },
{ "type": "Feature", "properties": { "rand_point_id": 3505 }, "geometry": { "type": "Point", "coordinates": [ 13.55189, 47.060335 ] } },
{ "type": "Feature", "properties": { "rand_point_id": 3506 }, "geometry": { "type": "Point", "coordinates": [ 15.220131, 47.287044 ] } },
{ "type": "Feature", "properties": { "rand_point_id": 3507 }, "geometry": { "type": "Point", "coordinates": [ 13.160565, 47.008973 ] } },
{ "type": "Feature", "properties": { "rand_point_id": 3508 }, "geometry": { "type": "Point", "coordinates": [ 14.664352, 47.480092 ] } },
{ "type": "Feature", "properties": { "rand_point_id": 3509 }, "geometry": { "type": "Point", "coordinates": [ 13.979905, 48.384695 ] } },
{ "type": "Feature", "properties": { "rand_point_id": 3510 }, "geometry": { "type": "Point", "coordinates": [ 14.705361, 47.049122 ] } },
{ "type": "Feature", "properties": { "rand_point_id": 3511 }, "geometry": { "type": "Point", "coordinates": [ 14.621952, 47.09134 ] } },
{ "type": "Feature", "properties": { "rand_point_id": 3512 }, "geometry": { "type": "Point", "coordinates": [ 13.403512, 47.140928 ] } },
{ "type": "Feature", "properties": { "rand_point_id": 3513 }, "geometry": { "type": "Point", "coordinates": [ 13.042777, 46.994275 ] } },
{ "type": "Feature", "properties": { "rand_point_id": 3514 }, "geometry": { "type": "Point", "coordinates": [ 13.13225, 46.908305 ] } },
{ "type": "Feature", "properties": { "rand_point_id": 3515 }, "geometry": { "type": "Point", "coordinates": [ 9.993927, 47.146872 ] } },
{ "type": "Feature", "properties": { "rand_point_id": 3516 }, "geometry": { "type": "Point", "coordinates": [ 14.932986, 47.172542 ] } },
{ "type": "Feature", "properties": { "rand_point_id": 3517 }, "geometry": { "type": "Point", "coordinates": [ 12.9303, 48.079014 ] } },
{ "type": "Feature", "properties": { "rand_point_id": 3518 }, "geometry": { "type": "Point", "coordinates": [ 16.441594, 48.556367 ] } },
{ "type": "Feature", "properties": { "rand_point_id": 3519 }, "geometry": { "type": "Point", "coordinates": [ 9.864078, 47.069226 ] } },
{ "type": "Feature", "properties": { "rand_point_id": 3520 }, "geometry": { "type": "Point", "coordinates": [ 10.558981, 47.285369 ] } },
{ "type": "Feature", "properties": { "rand_point_id": 3521 }, "geometry": { "type": "Point", "coordinates": [ 14.614817, 46.767394 ] } },
{ "type": "Feature", "properties": { "rand_point_id": 3522 }, "geometry": { "type": "Point", "coordinates": [ 15.888706, 47.663686 ] } },
{ "type": "Feature", "properties": { "rand_point_id": 3523 }, "geometry": { "type": "Point", "coordinates": [ 13.883043, 46.561121 ] } },
{ "type": "Feature", "properties": { "rand_point_id": 3524 }, "geometry": { "type": "Point", "coordinates": [ 16.639422, 47.87117 ] } },
{ "type": "Feature", "properties": { "rand_point_id": 3525 }, "geometry": { "type": "Point", "coordinates": [ 14.112354, 47.71662 ] } },
{ "type": "Feature", "properties": { "rand_point_id": 3526 }, "geometry": { "type": "Point", "coordinates": [ 15.841639, 47.800524 ] } },
{ "type": "Feature", "properties": { "rand_point_id": 3527 }, "geometry": { "type": "Point", "coordinates": [ 12.661423, 46.913614 ] } },
{ "type": "Feature", "properties": { "rand_point_id": 3528 }, "geometry": { "type": "Point", "coordinates": [ 15.40536, 48.804058 ] } },
{ "type": "Feature", "properties": { "rand_point_id": 3529 }, "geometry": { "type": "Point", "coordinates": [ 13.742224, 48.352985 ] } },
{ "type": "Feature", "properties": { "rand_point_id": 3530 }, "geometry": { "type": "Point", "coordinates": [ 11.08141, 47.015463 ] } },
{ "type": "Feature", "properties": { "rand_point_id": 3531 }, "geometry": { "type": "Point", "coordinates": [ 13.570143, 47.201749 ] } },
{ "type": "Feature", "properties": { "rand_point_id": 3532 }, "geometry": { "type": "Point", "coordinates": [ 9.870766, 47.492458 ] } },
{ "type": "Feature", "properties": { "rand_point_id": 3533 }, "geometry": { "type": "Point", "coordinates": [ 12.263953, 47.313538 ] } },
{ "type": "Feature", "properties": { "rand_point_id": 3534 }, "geometry": { "type": "Point", "coordinates": [ 12.859838, 48.069548 ] } },
{ "type": "Feature", "properties": { "rand_point_id": 3535 }, "geometry": { "type": "Point", "coordinates": [ 14.952771, 47.324735 ] } },
{ "type": "Feature", "properties": { "rand_point_id": 3536 }, "geometry": { "type": "Point", "coordinates": [ 14.041648, 47.598887 ] } },
{ "type": "Feature", "properties": { "rand_point_id": 3537 }, "geometry": { "type": "Point", "coordinates": [ 14.601623, 47.704521 ] } },
{ "type": "Feature", "properties": { "rand_point_id": 3538 }, "geometry": { "type": "Point", "coordinates": [ 13.88707, 47.602422 ] } },
{ "type": "Feature", "properties": { "rand_point_id": 3539 }, "geometry": { "type": "Point", "coordinates": [ 16.831778, 47.90051 ] } },
{ "type": "Feature", "properties": { "rand_point_id": 3540 }, "geometry": { "type": "Point", "coordinates": [ 14.392352, 46.76659 ] } },
{ "type": "Feature", "properties": { "rand_point_id": 3541 }, "geometry": { "type": "Point", "coordinates": [ 14.778923, 46.503739 ] } },
{ "type": "Feature", "properties": { "rand_point_id": 3542 }, "geometry": { "type": "Point", "coordinates": [ 16.174043, 47.989094 ] } },
{ "type": "Feature", "properties": { "rand_point_id": 3543 }, "geometry": { "type": "Point", "coordinates": [ 14.662526, 48.495428 ] } },
{ "type": "Feature", "properties": { "rand_point_id": 3544 }, "geometry": { "type": "Point", "coordinates": [ 11.862326, 47.206596 ] } },
{ "type": "Feature", "properties": { "rand_point_id": 3545 }, "geometry": { "type": "Point", "coordinates": [ 10.6119, 47.446859 ] } },
{ "type": "Feature", "properties": { "rand_point_id": 3546 }, "geometry": { "type": "Point", "coordinates": [ 9.803816, 47.119562 ] } },
{ "type": "Feature", "properties": { "rand_point_id": 3547 }, "geometry": { "type": "Point", "coordinates": [ 16.905719, 48.266945 ] } },
{ "type": "Feature", "properties": { "rand_point_id": 3548 }, "geometry": { "type": "Point", "coordinates": [ 12.39945, 47.455042 ] } },
{ "type": "Feature", "properties": { "rand_point_id": 3549 }, "geometry": { "type": "Point", "coordinates": [ 9.764139, 47.202666 ] } },
{ "type": "Feature", "properties": { "rand_point_id": 3550 }, "geometry": { "type": "Point", "coordinates": [ 13.047844, 47.912435 ] } },
{ "type": "Feature", "properties": { "rand_point_id": 3551 }, "geometry": { "type": "Point", "coordinates": [ 13.890709, 46.75526 ] } },
{ "type": "Feature", "properties": { "rand_point_id": 3552 }, "geometry": { "type": "Point", "coordinates": [ 13.58692, 48.269119 ] } },
{ "type": "Feature", "properties": { "rand_point_id": 3553 }, "geometry": { "type": "Point", "coordinates": [ 14.279272, 46.590802 ] } },
{ "type": "Feature", "properties": { "rand_point_id": 3554 }, "geometry": { "type": "Point", "coordinates": [ 14.802005, 48.679061 ] } },
{ "type": "Feature", "properties": { "rand_point_id": 3555 }, "geometry": { "type": "Point", "coordinates": [ 15.778025, 47.913009 ] } },
{ "type": "Feature", "properties": { "rand_point_id": 3556 }, "geometry": { "type": "Point", "coordinates": [ 15.701335, 48.606152 ] } },
{ "type": "Feature", "properties": { "rand_point_id": 3557 }, "geometry": { "type": "Point", "coordinates": [ 16.031955, 47.217365 ] } },
{ "type": "Feature", "properties": { "rand_point_id": 3558 }, "geometry": { "type": "Point", "coordinates": [ 16.117359, 48.321311 ] } },
{ "type": "Feature", "properties": { "rand_point_id": 3559 }, "geometry": { "type": "Point", "coordinates": [ 13.122314, 46.890417 ] } },
{ "type": "Feature", "properties": { "rand_point_id": 3560 }, "geometry": { "type": "Point", "coordinates": [ 14.723282, 47.367565 ] } },
{ "type": "Feature", "properties": { "rand_point_id": 3561 }, "geometry": { "type": "Point", "coordinates": [ 15.975898, 46.722699 ] } },
{ "type": "Feature", "properties": { "rand_point_id": 3562 }, "geometry": { "type": "Point", "coordinates": [ 14.351861, 47.313234 ] } },
{ "type": "Feature", "properties": { "rand_point_id": 3563 }, "geometry": { "type": "Point", "coordinates": [ 15.243173, 47.383997 ] } },
{ "type": "Feature", "properties": { "rand_point_id": 3564 }, "geometry": { "type": "Point", "coordinates": [ 14.6605, 46.836074 ] } },
{ "type": "Feature", "properties": { "rand_point_id": 3565 }, "geometry": { "type": "Point", "coordinates": [ 11.296374, 47.064668 ] } },
{ "type": "Feature", "properties": { "rand_point_id": 3566 }, "geometry": { "type": "Point", "coordinates": [ 12.411682, 47.060498 ] } },
{ "type": "Feature", "properties": { "rand_point_id": 3567 }, "geometry": { "type": "Point", "coordinates": [ 15.127566, 47.099487 ] } },
{ "type": "Feature", "properties": { "rand_point_id": 3568 }, "geometry": { "type": "Point", "coordinates": [ 16.722803, 48.316242 ] } },
{ "type": "Feature", "properties": { "rand_point_id": 3569 }, "geometry": { "type": "Point", "coordinates": [ 14.090776, 46.859829 ] } },
{ "type": "Feature", "properties": { "rand_point_id": 3570 }, "geometry": { "type": "Point", "coordinates": [ 15.408628, 48.954058 ] } },
{ "type": "Feature", "properties": { "rand_point_id": 3571 }, "geometry": { "type": "Point", "coordinates": [ 15.76471, 47.352108 ] } },
{ "type": "Feature", "properties": { "rand_point_id": 3572 }, "geometry": { "type": "Point", "coordinates": [ 14.144284, 46.51523 ] } },
{ "type": "Feature", "properties": { "rand_point_id": 3573 }, "geometry": { "type": "Point", "coordinates": [ 13.621125, 48.510652 ] } },
{ "type": "Feature", "properties": { "rand_point_id": 3574 }, "geometry": { "type": "Point", "coordinates": [ 13.053913, 47.078878 ] } },
{ "type": "Feature", "properties": { "rand_point_id": 3575 }, "geometry": { "type": "Point", "coordinates": [ 16.829357, 48.256084 ] } },
{ "type": "Feature", "properties": { "rand_point_id": 3576 }, "geometry": { "type": "Point", "coordinates": [ 12.95161, 46.883189 ] } },
{ "type": "Feature", "properties": { "rand_point_id": 3577 }, "geometry": { "type": "Point", "coordinates": [ 16.242259, 47.623732 ] } },
{ "type": "Feature", "properties": { "rand_point_id": 3578 }, "geometry": { "type": "Point", "coordinates": [ 15.262842, 48.339857 ] } },
{ "type": "Feature", "properties": { "rand_point_id": 3579 }, "geometry": { "type": "Point", "coordinates": [ 14.722344, 47.955973 ] } },
{ "type": "Feature", "properties": { "rand_point_id": 3580 }, "geometry": { "type": "Point", "coordinates": [ 15.978943, 48.287598 ] } },
{ "type": "Feature", "properties": { "rand_point_id": 3581 }, "geometry": { "type": "Point", "coordinates": [ 15.138714, 47.271921 ] } },
{ "type": "Feature", "properties": { "rand_point_id": 3582 }, "geometry": { "type": "Point", "coordinates": [ 16.502723, 48.133974 ] } },
{ "type": "Feature", "properties": { "rand_point_id": 3583 }, "geometry": { "type": "Point", "coordinates": [ 12.752338, 47.023141 ] } },
{ "type": "Feature", "properties": { "rand_point_id": 3584 }, "geometry": { "type": "Point", "coordinates": [ 14.972142, 48.234526 ] } },
{ "type": "Feature", "properties": { "rand_point_id": 3585 }, "geometry": { "type": "Point", "coordinates": [ 9.699208, 47.264738 ] } },
{ "type": "Feature", "properties": { "rand_point_id": 3586 }, "geometry": { "type": "Point", "coordinates": [ 14.703394, 46.499572 ] } },
{ "type": "Feature", "properties": { "rand_point_id": 3587 }, "geometry": { "type": "Point", "coordinates": [ 16.873881, 48.054437 ] } },
{ "type": "Feature", "properties": { "rand_point_id": 3588 }, "geometry": { "type": "Point", "coordinates": [ 9.910556, 46.944506 ] } },
{ "type": "Feature", "properties": { "rand_point_id": 3589 }, "geometry": { "type": "Point", "coordinates": [ 15.557608, 48.7633 ] } },
{ "type": "Feature", "properties": { "rand_point_id": 3590 }, "geometry": { "type": "Point", "coordinates": [ 14.196238, 48.377223 ] } },
{ "type": "Feature", "properties": { "rand_point_id": 3591 }, "geometry": { "type": "Point", "coordinates": [ 16.52418, 48.039301 ] } },
{ "type": "Feature", "properties": { "rand_point_id": 3592 }, "geometry": { "type": "Point", "coordinates": [ 15.11727, 47.384797 ] } },
{ "type": "Feature", "properties": { "rand_point_id": 3593 }, "geometry": { "type": "Point", "coordinates": [ 9.94295, 47.327314 ] } },
{ "type": "Feature", "properties": { "rand_point_id": 3594 }, "geometry": { "type": "Point", "coordinates": [ 13.968994, 47.401091 ] } },
{ "type": "Feature", "properties": { "rand_point_id": 3595 }, "geometry": { "type": "Point", "coordinates": [ 15.231873, 47.594885 ] } },
{ "type": "Feature", "properties": { "rand_point_id": 3596 }, "geometry": { "type": "Point", "coordinates": [ 14.825713, 46.848982 ] } },
{ "type": "Feature", "properties": { "rand_point_id": 3597 }, "geometry": { "type": "Point", "coordinates": [ 14.169574, 47.303222 ] } },
{ "type": "Feature", "properties": { "rand_point_id": 3598 }, "geometry": { "type": "Point", "coordinates": [ 15.831098, 48.614804 ] } },
{ "type": "Feature", "properties": { "rand_point_id": 3599 }, "geometry": { "type": "Point", "coordinates": [ 16.375508, 48.352693 ] } },
{ "type": "Feature", "properties": { "rand_point_id": 3600 }, "geometry": { "type": "Point", "coordinates": [ 14.4334, 47.871907 ] } },
{ "type": "Feature", "properties": { "rand_point_id": 3601 }, "geometry": { "type": "Point", "coordinates": [ 16.34625, 47.565972 ] } },
{ "type": "Feature", "properties": { "rand_point_id": 3602 }, "geometry": { "type": "Point", "coordinates": [ 16.567089, 47.901336 ] } },
{ "type": "Feature", "properties": { "rand_point_id": 3603 }, "geometry": { "type": "Point", "coordinates": [ 11.605647, 47.508654 ] } },
{ "type": "Feature", "properties": { "rand_point_id": 3604 }, "geometry": { "type": "Point", "coordinates": [ 13.495663, 46.927283 ] } },
{ "type": "Feature", "properties": { "rand_point_id": 3605 }, "geometry": { "type": "Point", "coordinates": [ 15.479547, 48.345734 ] } },
{ "type": "Feature", "properties": { "rand_point_id": 3606 }, "geometry": { "type": "Point", "coordinates": [ 11.291062, 47.274618 ] } },
{ "type": "Feature", "properties": { "rand_point_id": 3607 }, "geometry": { "type": "Point", "coordinates": [ 10.410236, 47.215586 ] } },
{ "type": "Feature", "properties": { "rand_point_id": 3608 }, "geometry": { "type": "Point", "coordinates": [ 14.355548, 48.078316 ] } },
{ "type": "Feature", "properties": { "rand_point_id": 3609 }, "geometry": { "type": "Point", "coordinates": [ 16.851164, 48.69648 ] } },
{ "type": "Feature", "properties": { "rand_point_id": 3610 }, "geometry": { "type": "Point", "coordinates": [ 16.068308, 47.359865 ] } },
{ "type": "Feature", "properties": { "rand_point_id": 3611 }, "geometry": { "type": "Point", "coordinates": [ 14.609577, 47.582045 ] } },
{ "type": "Feature", "properties": { "rand_point_id": 3612 }, "geometry": { "type": "Point", "coordinates": [ 16.250114, 48.690294 ] } },
{ "type": "Feature", "properties": { "rand_point_id": 3613 }, "geometry": { "type": "Point", "coordinates": [ 13.392172, 46.967395 ] } },
{ "type": "Feature", "properties": { "rand_point_id": 3614 }, "geometry": { "type": "Point", "coordinates": [ 16.059591, 48.019811 ] } },
{ "type": "Feature", "properties": { "rand_point_id": 3615 }, "geometry": { "type": "Point", "coordinates": [ 14.032074, 47.029913 ] } },
{ "type": "Feature", "properties": { "rand_point_id": 3616 }, "geometry": { "type": "Point", "coordinates": [ 14.421035, 47.655692 ] } },
{ "type": "Feature", "properties": { "rand_point_id": 3617 }, "geometry": { "type": "Point", "coordinates": [ 14.314506, 48.51755 ] } },
{ "type": "Feature", "properties": { "rand_point_id": 3618 }, "geometry": { "type": "Point", "coordinates": [ 9.643995, 47.097738 ] } },
{ "type": "Feature", "properties": { "rand_point_id": 3619 }, "geometry": { "type": "Point", "coordinates": [ 10.826098, 46.969397 ] } },
{ "type": "Feature", "properties": { "rand_point_id": 3620 }, "geometry": { "type": "Point", "coordinates": [ 12.721312, 47.173105 ] } },
{ "type": "Feature", "properties": { "rand_point_id": 3621 }, "geometry": { "type": "Point", "coordinates": [ 13.00727, 47.367224 ] } },
{ "type": "Feature", "properties": { "rand_point_id": 3622 }, "geometry": { "type": "Point", "coordinates": [ 10.887571, 47.473983 ] } },
{ "type": "Feature", "properties": { "rand_point_id": 3623 }, "geometry": { "type": "Point", "coordinates": [ 13.023758, 48.129957 ] } },
{ "type": "Feature", "properties": { "rand_point_id": 3624 }, "geometry": { "type": "Point", "coordinates": [ 9.958176, 47.495111 ] } },
{ "type": "Feature", "properties": { "rand_point_id": 3625 }, "geometry": { "type": "Point", "coordinates": [ 13.472386, 48.467402 ] } },
{ "type": "Feature", "properties": { "rand_point_id": 3626 }, "geometry": { "type": "Point", "coordinates": [ 13.794879, 46.697558 ] } },
{ "type": "Feature", "properties": { "rand_point_id": 3627 }, "geometry": { "type": "Point", "coordinates": [ 15.738048, 48.347816 ] } },
{ "type": "Feature", "properties": { "rand_point_id": 3628 }, "geometry": { "type": "Point", "coordinates": [ 14.509989, 46.871733 ] } },
{ "type": "Feature", "properties": { "rand_point_id": 3629 }, "geometry": { "type": "Point", "coordinates": [ 15.170451, 48.213636 ] } },
{ "type": "Feature", "properties": { "rand_point_id": 3630 }, "geometry": { "type": "Point", "coordinates": [ 13.089929, 46.971431 ] } },
{ "type": "Feature", "properties": { "rand_point_id": 3631 }, "geometry": { "type": "Point", "coordinates": [ 10.337978, 47.265221 ] } },
{ "type": "Feature", "properties": { "rand_point_id": 3632 }, "geometry": { "type": "Point", "coordinates": [ 15.66169, 48.515631 ] } },
{ "type": "Feature", "properties": { "rand_point_id": 3633 }, "geometry": { "type": "Point", "coordinates": [ 14.504582, 48.600652 ] } },
{ "type": "Feature", "properties": { "rand_point_id": 3634 }, "geometry": { "type": "Point", "coordinates": [ 15.945695, 46.775761 ] } },
{ "type": "Feature", "properties": { "rand_point_id": 3635 }, "geometry": { "type": "Point", "coordinates": [ 13.747166, 48.03597 ] } },
{ "type": "Feature", "properties": { "rand_point_id": 3636 }, "geometry": { "type": "Point", "coordinates": [ 14.408357, 47.492597 ] } },
{ "type": "Feature", "properties": { "rand_point_id": 3637 }, "geometry": { "type": "Point", "coordinates": [ 13.419682, 48.064119 ] } },
{ "type": "Feature", "properties": { "rand_point_id": 3638 }, "geometry": { "type": "Point", "coordinates": [ 16.327291, 48.056133 ] } },
{ "type": "Feature", "properties": { "rand_point_id": 3639 }, "geometry": { "type": "Point", "coordinates": [ 12.922843, 47.163427 ] } },
{ "type": "Feature", "properties": { "rand_point_id": 3640 }, "geometry": { "type": "Point", "coordinates": [ 14.929268, 48.176391 ] } },
{ "type": "Feature", "properties": { "rand_point_id": 3641 }, "geometry": { "type": "Point", "coordinates": [ 13.246358, 48.098324 ] } },
{ "type": "Feature", "properties": { "rand_point_id": 3642 }, "geometry": { "type": "Point", "coordinates": [ 12.500824, 47.256191 ] } },
{ "type": "Feature", "properties": { "rand_point_id": 3643 }, "geometry": { "type": "Point", "coordinates": [ 12.515848, 46.835466 ] } },
{ "type": "Feature", "properties": { "rand_point_id": 3644 }, "geometry": { "type": "Point", "coordinates": [ 12.251772, 47.065632 ] } },
{ "type": "Feature", "properties": { "rand_point_id": 3645 }, "geometry": { "type": "Point", "coordinates": [ 15.557988, 47.069177 ] } },
{ "type": "Feature", "properties": { "rand_point_id": 3646 }, "geometry": { "type": "Point", "coordinates": [ 13.705027, 47.156932 ] } },
{ "type": "Feature", "properties": { "rand_point_id": 3647 }, "geometry": { "type": "Point", "coordinates": [ 15.833884, 48.243174 ] } },
{ "type": "Feature", "properties": { "rand_point_id": 3648 }, "geometry": { "type": "Point", "coordinates": [ 15.762047, 47.472488 ] } },
{ "type": "Feature", "properties": { "rand_point_id": 3649 }, "geometry": { "type": "Point", "coordinates": [ 16.096873, 48.696827 ] } },
{ "type": "Feature", "properties": { "rand_point_id": 3650 }, "geometry": { "type": "Point", "coordinates": [ 14.340907, 47.717836 ] } },
{ "type": "Feature", "properties": { "rand_point_id": 3651 }, "geometry": { "type": "Point", "coordinates": [ 14.897293, 48.429638 ] } },
{ "type": "Feature", "properties": { "rand_point_id": 3652 }, "geometry": { "type": "Point", "coordinates": [ 14.928845, 47.749934 ] } },
{ "type": "Feature", "properties": { "rand_point_id": 3653 }, "geometry": { "type": "Point", "coordinates": [ 14.328936, 48.019045 ] } },
{ "type": "Feature", "properties": { "rand_point_id": 3654 }, "geometry": { "type": "Point", "coordinates": [ 15.837892, 47.490564 ] } },
{ "type": "Feature", "properties": { "rand_point_id": 3655 }, "geometry": { "type": "Point", "coordinates": [ 15.477884, 47.544858 ] } },
{ "type": "Feature", "properties": { "rand_point_id": 3656 }, "geometry": { "type": "Point", "coordinates": [ 15.017572, 47.897172 ] } },
{ "type": "Feature", "properties": { "rand_point_id": 3657 }, "geometry": { "type": "Point", "coordinates": [ 13.340762, 47.282044 ] } },
{ "type": "Feature", "properties": { "rand_point_id": 3658 }, "geometry": { "type": "Point", "coordinates": [ 15.302224, 47.865894 ] } },
{ "type": "Feature", "properties": { "rand_point_id": 3659 }, "geometry": { "type": "Point", "coordinates": [ 14.782205, 47.332024 ] } },
{ "type": "Feature", "properties": { "rand_point_id": 3660 }, "geometry": { "type": "Point", "coordinates": [ 13.141322, 46.790294 ] } },
{ "type": "Feature", "properties": { "rand_point_id": 3661 }, "geometry": { "type": "Point", "coordinates": [ 13.710124, 47.359329 ] } },
{ "type": "Feature", "properties": { "rand_point_id": 3662 }, "geometry": { "type": "Point", "coordinates": [ 9.816722, 47.442592 ] } },
{ "type": "Feature", "properties": { "rand_point_id": 3663 }, "geometry": { "type": "Point", "coordinates": [ 15.370585, 47.341695 ] } },
{ "type": "Feature", "properties": { "rand_point_id": 3664 }, "geometry": { "type": "Point", "coordinates": [ 13.477795, 47.091679 ] } },
{ "type": "Feature", "properties": { "rand_point_id": 3665 }, "geometry": { "type": "Point", "coordinates": [ 15.832017, 48.206319 ] } },
{ "type": "Feature", "properties": { "rand_point_id": 3666 }, "geometry": { "type": "Point", "coordinates": [ 15.557431, 46.748998 ] } },
{ "type": "Feature", "properties": { "rand_point_id": 3667 }, "geometry": { "type": "Point", "coordinates": [ 16.577003, 48.264999 ] } },
{ "type": "Feature", "properties": { "rand_point_id": 3668 }, "geometry": { "type": "Point", "coordinates": [ 13.553382, 47.941956 ] } },
{ "type": "Feature", "properties": { "rand_point_id": 3669 }, "geometry": { "type": "Point", "coordinates": [ 13.019962, 46.990803 ] } },
{ "type": "Feature", "properties": { "rand_point_id": 3670 }, "geometry": { "type": "Point", "coordinates": [ 16.163147, 48.257839 ] } },
{ "type": "Feature", "properties": { "rand_point_id": 3671 }, "geometry": { "type": "Point", "coordinates": [ 11.4103, 47.187708 ] } },
{ "type": "Feature", "properties": { "rand_point_id": 3672 }, "geometry": { "type": "Point", "coordinates": [ 14.647128, 47.847611 ] } },
{ "type": "Feature", "properties": { "rand_point_id": 3673 }, "geometry": { "type": "Point", "coordinates": [ 13.999407, 47.223518 ] } },
{ "type": "Feature", "properties": { "rand_point_id": 3674 }, "geometry": { "type": "Point", "coordinates": [ 13.659913, 46.751949 ] } },
{ "type": "Feature", "properties": { "rand_point_id": 3675 }, "geometry": { "type": "Point", "coordinates": [ 10.82134, 47.267536 ] } },
{ "type": "Feature", "properties": { "rand_point_id": 3676 }, "geometry": { "type": "Point", "coordinates": [ 12.882877, 46.70986 ] } },
{ "type": "Feature", "properties": { "rand_point_id": 3677 }, "geometry": { "type": "Point", "coordinates": [ 14.374793, 46.766392 ] } },
{ "type": "Feature", "properties": { "rand_point_id": 3678 }, "geometry": { "type": "Point", "coordinates": [ 10.751125, 46.839603 ] } },
{ "type": "Feature", "properties": { "rand_point_id": 3679 }, "geometry": { "type": "Point", "coordinates": [ 14.0996, 47.393819 ] } },
{ "type": "Feature", "properties": { "rand_point_id": 3680 }, "geometry": { "type": "Point", "coordinates": [ 15.574246, 47.737052 ] } },
{ "type": "Feature", "properties": { "rand_point_id": 3681 }, "geometry": { "type": "Point", "coordinates": [ 14.446397, 46.513097 ] } },
{ "type": "Feature", "properties": { "rand_point_id": 3682 }, "geometry": { "type": "Point", "coordinates": [ 16.713305, 48.250365 ] } },
{ "type": "Feature", "properties": { "rand_point_id": 3683 }, "geometry": { "type": "Point", "coordinates": [ 12.613239, 46.797549 ] } },
{ "type": "Feature", "properties": { "rand_point_id": 3684 }, "geometry": { "type": "Point", "coordinates": [ 14.605794, 47.319103 ] } },
{ "type": "Feature", "properties": { "rand_point_id": 3685 }, "geometry": { "type": "Point", "coordinates": [ 15.13336, 48.543986 ] } },
{ "type": "Feature", "properties": { "rand_point_id": 3686 }, "geometry": { "type": "Point", "coordinates": [ 16.020343, 48.639405 ] } },
{ "type": "Feature", "properties": { "rand_point_id": 3687 }, "geometry": { "type": "Point", "coordinates": [ 15.017668, 47.500945 ] } },
{ "type": "Feature", "properties": { "rand_point_id": 3688 }, "geometry": { "type": "Point", "coordinates": [ 13.158943, 48.06389 ] } },
{ "type": "Feature", "properties": { "rand_point_id": 3689 }, "geometry": { "type": "Point", "coordinates": [ 15.936385, 48.04765 ] } },
{ "type": "Feature", "properties": { "rand_point_id": 3690 }, "geometry": { "type": "Point", "coordinates": [ 15.639044, 46.743224 ] } },
{ "type": "Feature", "properties": { "rand_point_id": 3691 }, "geometry": { "type": "Point", "coordinates": [ 16.763887, 47.732546 ] } },
{ "type": "Feature", "properties": { "rand_point_id": 3692 }, "geometry": { "type": "Point", "coordinates": [ 14.277215, 48.538441 ] } },
{ "type": "Feature", "properties": { "rand_point_id": 3693 }, "geometry": { "type": "Point", "coordinates": [ 14.918857, 48.381219 ] } },
{ "type": "Feature", "properties": { "rand_point_id": 3694 }, "geometry": { "type": "Point", "coordinates": [ 15.532284, 47.057297 ] } },
{ "type": "Feature", "properties": { "rand_point_id": 3695 }, "geometry": { "type": "Point", "coordinates": [ 14.290488, 47.805969 ] } },
{ "type": "Feature", "properties": { "rand_point_id": 3696 }, "geometry": { "type": "Point", "coordinates": [ 15.559895, 48.89207 ] } },
{ "type": "Feature", "properties": { "rand_point_id": 3697 }, "geometry": { "type": "Point", "coordinates": [ 11.706132, 47.019344 ] } },
{ "type": "Feature", "properties": { "rand_point_id": 3698 }, "geometry": { "type": "Point", "coordinates": [ 15.609275, 48.460229 ] } },
{ "type": "Feature", "properties": { "rand_point_id": 3699 }, "geometry": { "type": "Point", "coordinates": [ 15.676593, 48.532731 ] } },
{ "type": "Feature", "properties": { "rand_point_id": 3700 }, "geometry": { "type": "Point", "coordinates": [ 13.132186, 47.201509 ] } },
{ "type": "Feature", "properties": { "rand_point_id": 3701 }, "geometry": { "type": "Point", "coordinates": [ 14.374384, 48.421734 ] } },
{ "type": "Feature", "properties": { "rand_point_id": 3702 }, "geometry": { "type": "Point", "coordinates": [ 15.65662, 47.91595 ] } },
{ "type": "Feature", "properties": { "rand_point_id": 3703 }, "geometry": { "type": "Point", "coordinates": [ 16.433475, 48.653129 ] } },
{ "type": "Feature", "properties": { "rand_point_id": 3704 }, "geometry": { "type": "Point", "coordinates": [ 10.719448, 47.047916 ] } },
{ "type": "Feature", "properties": { "rand_point_id": 3705 }, "geometry": { "type": "Point", "coordinates": [ 14.026518, 46.521015 ] } },
{ "type": "Feature", "properties": { "rand_point_id": 3706 }, "geometry": { "type": "Point", "coordinates": [ 14.436683, 47.51232 ] } },
{ "type": "Feature", "properties": { "rand_point_id": 3707 }, "geometry": { "type": "Point", "coordinates": [ 15.424193, 47.283523 ] } },
{ "type": "Feature", "properties": { "rand_point_id": 3708 }, "geometry": { "type": "Point", "coordinates": [ 14.46798, 47.625382 ] } },
{ "type": "Feature", "properties": { "rand_point_id": 3709 }, "geometry": { "type": "Point", "coordinates": [ 11.734, 47.047542 ] } },
{ "type": "Feature", "properties": { "rand_point_id": 3710 }, "geometry": { "type": "Point", "coordinates": [ 15.977433, 47.750259 ] } },
{ "type": "Feature", "properties": { "rand_point_id": 3711 }, "geometry": { "type": "Point", "coordinates": [ 16.237786, 47.40782 ] } },
{ "type": "Feature", "properties": { "rand_point_id": 3712 }, "geometry": { "type": "Point", "coordinates": [ 10.776947, 47.028637 ] } },
{ "type": "Feature", "properties": { "rand_point_id": 3713 }, "geometry": { "type": "Point", "coordinates": [ 15.173962, 47.35698 ] } },
{ "type": "Feature", "properties": { "rand_point_id": 3714 }, "geometry": { "type": "Point", "coordinates": [ 15.454351, 48.579823 ] } },
{ "type": "Feature", "properties": { "rand_point_id": 3715 }, "geometry": { "type": "Point", "coordinates": [ 9.608844, 47.507932 ] } },
{ "type": "Feature", "properties": { "rand_point_id": 3716 }, "geometry": { "type": "Point", "coordinates": [ 10.726171, 47.212993 ] } },
{ "type": "Feature", "properties": { "rand_point_id": 3717 }, "geometry": { "type": "Point", "coordinates": [ 13.971375, 47.454218 ] } },
{ "type": "Feature", "properties": { "rand_point_id": 3718 }, "geometry": { "type": "Point", "coordinates": [ 15.693452, 47.563025 ] } },
{ "type": "Feature", "properties": { "rand_point_id": 3719 }, "geometry": { "type": "Point", "coordinates": [ 12.443404, 46.719985 ] } },
{ "type": "Feature", "properties": { "rand_point_id": 3720 }, "geometry": { "type": "Point", "coordinates": [ 10.900911, 47.29953 ] } },
{ "type": "Feature", "properties": { "rand_point_id": 3721 }, "geometry": { "type": "Point", "coordinates": [ 16.089238, 47.188999 ] } },
{ "type": "Feature", "properties": { "rand_point_id": 3722 }, "geometry": { "type": "Point", "coordinates": [ 13.54718, 48.494007 ] } },
{ "type": "Feature", "properties": { "rand_point_id": 3723 }, "geometry": { "type": "Point", "coordinates": [ 16.927492, 48.253798 ] } },
{ "type": "Feature", "properties": { "rand_point_id": 3724 }, "geometry": { "type": "Point", "coordinates": [ 11.380607, 47.294264 ] } },
{ "type": "Feature", "properties": { "rand_point_id": 3725 }, "geometry": { "type": "Point", "coordinates": [ 13.864578, 47.736998 ] } },
{ "type": "Feature", "properties": { "rand_point_id": 3726 }, "geometry": { "type": "Point", "coordinates": [ 14.994686, 47.955331 ] } },
{ "type": "Feature", "properties": { "rand_point_id": 3727 }, "geometry": { "type": "Point", "coordinates": [ 15.076184, 48.846132 ] } },
{ "type": "Feature", "properties": { "rand_point_id": 3728 }, "geometry": { "type": "Point", "coordinates": [ 15.598616, 48.516273 ] } },
{ "type": "Feature", "properties": { "rand_point_id": 3729 }, "geometry": { "type": "Point", "coordinates": [ 13.575318, 48.141574 ] } },
{ "type": "Feature", "properties": { "rand_point_id": 3730 }, "geometry": { "type": "Point", "coordinates": [ 15.659537, 47.929737 ] } },
{ "type": "Feature", "properties": { "rand_point_id": 3731 }, "geometry": { "type": "Point", "coordinates": [ 16.413857, 47.824629 ] } },
{ "type": "Feature", "properties": { "rand_point_id": 3732 }, "geometry": { "type": "Point", "coordinates": [ 13.253417, 47.359599 ] } },
{ "type": "Feature", "properties": { "rand_point_id": 3733 }, "geometry": { "type": "Point", "coordinates": [ 16.430595, 48.412778 ] } },
{ "type": "Feature", "properties": { "rand_point_id": 3734 }, "geometry": { "type": "Point", "coordinates": [ 10.915939, 47.425487 ] } },
{ "type": "Feature", "properties": { "rand_point_id": 3735 }, "geometry": { "type": "Point", "coordinates": [ 15.725183, 46.746472 ] } },
{ "type": "Feature", "properties": { "rand_point_id": 3736 }, "geometry": { "type": "Point", "coordinates": [ 16.047536, 47.473072 ] } },
{ "type": "Feature", "properties": { "rand_point_id": 3737 }, "geometry": { "type": "Point", "coordinates": [ 16.097039, 48.064645 ] } },
{ "type": "Feature", "properties": { "rand_point_id": 3738 }, "geometry": { "type": "Point", "coordinates": [ 10.41399, 47.180201 ] } },
{ "type": "Feature", "properties": { "rand_point_id": 3739 }, "geometry": { "type": "Point", "coordinates": [ 9.824435, 47.042744 ] } },
{ "type": "Feature", "properties": { "rand_point_id": 3740 }, "geometry": { "type": "Point", "coordinates": [ 15.42126, 47.678611 ] } },
{ "type": "Feature", "properties": { "rand_point_id": 3741 }, "geometry": { "type": "Point", "coordinates": [ 14.496806, 47.921386 ] } },
{ "type": "Feature", "properties": { "rand_point_id": 3742 }, "geometry": { "type": "Point", "coordinates": [ 13.944279, 47.626973 ] } },
{ "type": "Feature", "properties": { "rand_point_id": 3743 }, "geometry": { "type": "Point", "coordinates": [ 15.128578, 47.334009 ] } },
{ "type": "Feature", "properties": { "rand_point_id": 3744 }, "geometry": { "type": "Point", "coordinates": [ 14.222907, 48.216228 ] } },
{ "type": "Feature", "properties": { "rand_point_id": 3745 }, "geometry": { "type": "Point", "coordinates": [ 14.104874, 46.875471 ] } },
{ "type": "Feature", "properties": { "rand_point_id": 3746 }, "geometry": { "type": "Point", "coordinates": [ 14.950093, 47.505367 ] } },
{ "type": "Feature", "properties": { "rand_point_id": 3747 }, "geometry": { "type": "Point", "coordinates": [ 16.165988, 48.129873 ] } },
{ "type": "Feature", "properties": { "rand_point_id": 3748 }, "geometry": { "type": "Point", "coordinates": [ 13.441429, 47.016517 ] } },
{ "type": "Feature", "properties": { "rand_point_id": 3749 }, "geometry": { "type": "Point", "coordinates": [ 15.818077, 47.270739 ] } },
{ "type": "Feature", "properties": { "rand_point_id": 3750 }, "geometry": { "type": "Point", "coordinates": [ 13.366578, 47.716265 ] } },
{ "type": "Feature", "properties": { "rand_point_id": 3751 }, "geometry": { "type": "Point", "coordinates": [ 12.517142, 47.329853 ] } },
{ "type": "Feature", "properties": { "rand_point_id": 3752 }, "geometry": { "type": "Point", "coordinates": [ 13.146528, 46.905922 ] } },
{ "type": "Feature", "properties": { "rand_point_id": 3753 }, "geometry": { "type": "Point", "coordinates": [ 16.441492, 47.679416 ] } },
{ "type": "Feature", "properties": { "rand_point_id": 3754 }, "geometry": { "type": "Point", "coordinates": [ 16.014, 47.521245 ] } },
{ "type": "Feature", "properties": { "rand_point_id": 3755 }, "geometry": { "type": "Point", "coordinates": [ 11.72447, 47.246701 ] } },
{ "type": "Feature", "properties": { "rand_point_id": 3756 }, "geometry": { "type": "Point", "coordinates": [ 15.84684, 48.559067 ] } },
{ "type": "Feature", "properties": { "rand_point_id": 3757 }, "geometry": { "type": "Point", "coordinates": [ 11.722518, 47.170952 ] } },
{ "type": "Feature", "properties": { "rand_point_id": 3758 }, "geometry": { "type": "Point", "coordinates": [ 15.634211, 47.073046 ] } },
{ "type": "Feature", "properties": { "rand_point_id": 3759 }, "geometry": { "type": "Point", "coordinates": [ 13.114459, 47.449243 ] } },
{ "type": "Feature", "properties": { "rand_point_id": 3760 }, "geometry": { "type": "Point", "coordinates": [ 13.477393, 48.328028 ] } },
{ "type": "Feature", "properties": { "rand_point_id": 3761 }, "geometry": { "type": "Point", "coordinates": [ 16.381212, 47.869808 ] } },
{ "type": "Feature", "properties": { "rand_point_id": 3762 }, "geometry": { "type": "Point", "coordinates": [ 13.245192, 47.044686 ] } },
{ "type": "Feature", "properties": { "rand_point_id": 3763 }, "geometry": { "type": "Point", "coordinates": [ 16.48521, 48.216291 ] } },
{ "type": "Feature", "properties": { "rand_point_id": 3764 }, "geometry": { "type": "Point", "coordinates": [ 10.616043, 47.368728 ] } },
{ "type": "Feature", "properties": { "rand_point_id": 3765 }, "geometry": { "type": "Point", "coordinates": [ 13.046933, 48.24991 ] } },
{ "type": "Feature", "properties": { "rand_point_id": 3766 }, "geometry": { "type": "Point", "coordinates": [ 13.975621, 46.810077 ] } },
{ "type": "Feature", "properties": { "rand_point_id": 3767 }, "geometry": { "type": "Point", "coordinates": [ 16.98283, 47.891402 ] } },
{ "type": "Feature", "properties": { "rand_point_id": 3768 }, "geometry": { "type": "Point", "coordinates": [ 15.077711, 48.602871 ] } },
{ "type": "Feature", "properties": { "rand_point_id": 3769 }, "geometry": { "type": "Point", "coordinates": [ 15.046805, 47.323281 ] } },
{ "type": "Feature", "properties": { "rand_point_id": 3770 }, "geometry": { "type": "Point", "coordinates": [ 13.02813, 47.128856 ] } },
{ "type": "Feature", "properties": { "rand_point_id": 3771 }, "geometry": { "type": "Point", "coordinates": [ 15.719795, 47.819262 ] } },
{ "type": "Feature", "properties": { "rand_point_id": 3772 }, "geometry": { "type": "Point", "coordinates": [ 16.559036, 48.609488 ] } },
{ "type": "Feature", "properties": { "rand_point_id": 3773 }, "geometry": { "type": "Point", "coordinates": [ 12.530554, 46.941389 ] } },
{ "type": "Feature", "properties": { "rand_point_id": 3774 }, "geometry": { "type": "Point", "coordinates": [ 14.713332, 47.524766 ] } },
{ "type": "Feature", "properties": { "rand_point_id": 3775 }, "geometry": { "type": "Point", "coordinates": [ 15.551607, 48.88112 ] } },
{ "type": "Feature", "properties": { "rand_point_id": 3776 }, "geometry": { "type": "Point", "coordinates": [ 12.85251, 46.66333 ] } },
{ "type": "Feature", "properties": { "rand_point_id": 3777 }, "geometry": { "type": "Point", "coordinates": [ 13.743171, 47.340546 ] } },
{ "type": "Feature", "properties": { "rand_point_id": 3778 }, "geometry": { "type": "Point", "coordinates": [ 13.200859, 48.132197 ] } },
{ "type": "Feature", "properties": { "rand_point_id": 3779 }, "geometry": { "type": "Point", "coordinates": [ 12.821433, 47.228466 ] } },
{ "type": "Feature", "properties": { "rand_point_id": 3780 }, "geometry": { "type": "Point", "coordinates": [ 10.005817, 47.386239 ] } },
{ "type": "Feature", "properties": { "rand_point_id": 3781 }, "geometry": { "type": "Point", "coordinates": [ 13.345479, 47.63108 ] } },
{ "type": "Feature", "properties": { "rand_point_id": 3782 }, "geometry": { "type": "Point", "coordinates": [ 12.329815, 47.411413 ] } },
{ "type": "Feature", "properties": { "rand_point_id": 3783 }, "geometry": { "type": "Point", "coordinates": [ 9.656977, 47.164963 ] } },
{ "type": "Feature", "properties": { "rand_point_id": 3784 }, "geometry": { "type": "Point", "coordinates": [ 13.896512, 46.955147 ] } },
{ "type": "Feature", "properties": { "rand_point_id": 3785 }, "geometry": { "type": "Point", "coordinates": [ 9.657508, 47.323331 ] } },
{ "type": "Feature", "properties": { "rand_point_id": 3786 }, "geometry": { "type": "Point", "coordinates": [ 11.727899, 47.456229 ] } },
{ "type": "Feature", "properties": { "rand_point_id": 3787 }, "geometry": { "type": "Point", "coordinates": [ 14.066756, 48.363377 ] } },
{ "type": "Feature", "properties": { "rand_point_id": 3788 }, "geometry": { "type": "Point", "coordinates": [ 14.473245, 47.477706 ] } },
{ "type": "Feature", "properties": { "rand_point_id": 3789 }, "geometry": { "type": "Point", "coordinates": [ 13.938637, 47.937424 ] } },
{ "type": "Feature", "properties": { "rand_point_id": 3790 }, "geometry": { "type": "Point", "coordinates": [ 11.992636, 47.090989 ] } },
{ "type": "Feature", "properties": { "rand_point_id": 3791 }, "geometry": { "type": "Point", "coordinates": [ 14.694083, 47.647292 ] } },
{ "type": "Feature", "properties": { "rand_point_id": 3792 }, "geometry": { "type": "Point", "coordinates": [ 13.851621, 48.566619 ] } },
{ "type": "Feature", "properties": { "rand_point_id": 3793 }, "geometry": { "type": "Point", "coordinates": [ 11.207112, 46.970906 ] } },
{ "type": "Feature", "properties": { "rand_point_id": 3794 }, "geometry": { "type": "Point", "coordinates": [ 11.789588, 47.015466 ] } },
{ "type": "Feature", "properties": { "rand_point_id": 3795 }, "geometry": { "type": "Point", "coordinates": [ 15.719994, 47.798412 ] } },
{ "type": "Feature", "properties": { "rand_point_id": 3796 }, "geometry": { "type": "Point", "coordinates": [ 13.447335, 46.67672 ] } },
{ "type": "Feature", "properties": { "rand_point_id": 3797 }, "geometry": { "type": "Point", "coordinates": [ 11.074559, 47.029037 ] } },
{ "type": "Feature", "properties": { "rand_point_id": 3798 }, "geometry": { "type": "Point", "coordinates": [ 16.611622, 48.42542 ] } },
{ "type": "Feature", "properties": { "rand_point_id": 3799 }, "geometry": { "type": "Point", "coordinates": [ 15.157642, 47.292055 ] } },
{ "type": "Feature", "properties": { "rand_point_id": 3800 }, "geometry": { "type": "Point", "coordinates": [ 15.047796, 47.089766 ] } },
{ "type": "Feature", "properties": { "rand_point_id": 3801 }, "geometry": { "type": "Point", "coordinates": [ 12.668361, 47.127964 ] } },
{ "type": "Feature", "properties": { "rand_point_id": 3802 }, "geometry": { "type": "Point", "coordinates": [ 14.45577, 46.908696 ] } },
{ "type": "Feature", "properties": { "rand_point_id": 3803 }, "geometry": { "type": "Point", "coordinates": [ 14.051977, 47.940002 ] } },
{ "type": "Feature", "properties": { "rand_point_id": 3804 }, "geometry": { "type": "Point", "coordinates": [ 13.613056, 47.506594 ] } },
{ "type": "Feature", "properties": { "rand_point_id": 3805 }, "geometry": { "type": "Point", "coordinates": [ 13.221183, 47.54143 ] } },
{ "type": "Feature", "properties": { "rand_point_id": 3806 }, "geometry": { "type": "Point", "coordinates": [ 13.93009, 47.762924 ] } },
{ "type": "Feature", "properties": { "rand_point_id": 3807 }, "geometry": { "type": "Point", "coordinates": [ 13.889622, 46.710797 ] } },
{ "type": "Feature", "properties": { "rand_point_id": 3808 }, "geometry": { "type": "Point", "coordinates": [ 14.889557, 47.67932 ] } },
{ "type": "Feature", "properties": { "rand_point_id": 3809 }, "geometry": { "type": "Point", "coordinates": [ 14.824583, 47.926772 ] } },
{ "type": "Feature", "properties": { "rand_point_id": 3810 }, "geometry": { "type": "Point", "coordinates": [ 13.171335, 47.423357 ] } },
{ "type": "Feature", "properties": { "rand_point_id": 3811 }, "geometry": { "type": "Point", "coordinates": [ 14.747685, 47.726737 ] } },
{ "type": "Feature", "properties": { "rand_point_id": 3812 }, "geometry": { "type": "Point", "coordinates": [ 10.847305, 47.269269 ] } },
{ "type": "Feature", "properties": { "rand_point_id": 3813 }, "geometry": { "type": "Point", "coordinates": [ 15.545277, 47.908096 ] } },
{ "type": "Feature", "properties": { "rand_point_id": 3814 }, "geometry": { "type": "Point", "coordinates": [ 14.524391, 47.902679 ] } },
{ "type": "Feature", "properties": { "rand_point_id": 3815 }, "geometry": { "type": "Point", "coordinates": [ 14.910726, 48.282629 ] } },
{ "type": "Feature", "properties": { "rand_point_id": 3816 }, "geometry": { "type": "Point", "coordinates": [ 15.535929, 47.378952 ] } },
{ "type": "Feature", "properties": { "rand_point_id": 3817 }, "geometry": { "type": "Point", "coordinates": [ 13.382891, 47.261884 ] } },
{ "type": "Feature", "properties": { "rand_point_id": 3818 }, "geometry": { "type": "Point", "coordinates": [ 12.280499, 47.469456 ] } },
{ "type": "Feature", "properties": { "rand_point_id": 3819 }, "geometry": { "type": "Point", "coordinates": [ 11.605413, 47.158148 ] } },
{ "type": "Feature", "properties": { "rand_point_id": 3820 }, "geometry": { "type": "Point", "coordinates": [ 12.704343, 47.476041 ] } },
{ "type": "Feature", "properties": { "rand_point_id": 3821 }, "geometry": { "type": "Point", "coordinates": [ 15.104321, 47.876852 ] } },
{ "type": "Feature", "properties": { "rand_point_id": 3822 }, "geometry": { "type": "Point", "coordinates": [ 16.50849, 47.595117 ] } },
{ "type": "Feature", "properties": { "rand_point_id": 3823 }, "geometry": { "type": "Point", "coordinates": [ 14.732308, 46.888886 ] } },
{ "type": "Feature", "properties": { "rand_point_id": 3824 }, "geometry": { "type": "Point", "coordinates": [ 16.664353, 48.289185 ] } },
{ "type": "Feature", "properties": { "rand_point_id": 3825 }, "geometry": { "type": "Point", "coordinates": [ 13.099534, 47.913051 ] } },
{ "type": "Feature", "properties": { "rand_point_id": 3826 }, "geometry": { "type": "Point", "coordinates": [ 16.398445, 47.862457 ] } },
{ "type": "Feature", "properties": { "rand_point_id": 3827 }, "geometry": { "type": "Point", "coordinates": [ 17.039233, 47.787468 ] } },
{ "type": "Feature", "properties": { "rand_point_id": 3828 }, "geometry": { "type": "Point", "coordinates": [ 13.949588, 47.643467 ] } },
{ "type": "Feature", "properties": { "rand_point_id": 3829 }, "geometry": { "type": "Point", "coordinates": [ 15.371461, 47.190791 ] } },
{ "type": "Feature", "properties": { "rand_point_id": 3830 }, "geometry": { "type": "Point", "coordinates": [ 12.688581, 46.776866 ] } },
{ "type": "Feature", "properties": { "rand_point_id": 3831 }, "geometry": { "type": "Point", "coordinates": [ 13.144304, 46.734527 ] } },
{ "type": "Feature", "properties": { "rand_point_id": 3832 }, "geometry": { "type": "Point", "coordinates": [ 13.356501, 48.340391 ] } },
{ "type": "Feature", "properties": { "rand_point_id": 3833 }, "geometry": { "type": "Point", "coordinates": [ 11.875941, 47.382116 ] } },
{ "type": "Feature", "properties": { "rand_point_id": 3834 }, "geometry": { "type": "Point", "coordinates": [ 13.131019, 47.670782 ] } },
{ "type": "Feature", "properties": { "rand_point_id": 3835 }, "geometry": { "type": "Point", "coordinates": [ 15.064244, 48.594481 ] } },
{ "type": "Feature", "properties": { "rand_point_id": 3836 }, "geometry": { "type": "Point", "coordinates": [ 10.922991, 47.050615 ] } },
{ "type": "Feature", "properties": { "rand_point_id": 3837 }, "geometry": { "type": "Point", "coordinates": [ 13.274415, 47.682193 ] } },
{ "type": "Feature", "properties": { "rand_point_id": 3838 }, "geometry": { "type": "Point", "coordinates": [ 13.945505, 47.982478 ] } },
{ "type": "Feature", "properties": { "rand_point_id": 3839 }, "geometry": { "type": "Point", "coordinates": [ 14.667695, 47.17601 ] } },
{ "type": "Feature", "properties": { "rand_point_id": 3840 }, "geometry": { "type": "Point", "coordinates": [ 16.307336, 47.506868 ] } },
{ "type": "Feature", "properties": { "rand_point_id": 3841 }, "geometry": { "type": "Point", "coordinates": [ 13.576061, 46.938399 ] } },
{ "type": "Feature", "properties": { "rand_point_id": 3842 }, "geometry": { "type": "Point", "coordinates": [ 11.342842, 47.015842 ] } },
{ "type": "Feature", "properties": { "rand_point_id": 3843 }, "geometry": { "type": "Point", "coordinates": [ 14.174544, 47.060572 ] } },
{ "type": "Feature", "properties": { "rand_point_id": 3844 }, "geometry": { "type": "Point", "coordinates": [ 9.752818, 47.214956 ] } },
{ "type": "Feature", "properties": { "rand_point_id": 3845 }, "geometry": { "type": "Point", "coordinates": [ 13.912973, 46.634314 ] } },
{ "type": "Feature", "properties": { "rand_point_id": 3846 }, "geometry": { "type": "Point", "coordinates": [ 15.72058, 48.462809 ] } },
{ "type": "Feature", "properties": { "rand_point_id": 3847 }, "geometry": { "type": "Point", "coordinates": [ 16.275203, 48.547486 ] } },
{ "type": "Feature", "properties": { "rand_point_id": 3848 }, "geometry": { "type": "Point", "coordinates": [ 13.583995, 46.619313 ] } },
{ "type": "Feature", "properties": { "rand_point_id": 3849 }, "geometry": { "type": "Point", "coordinates": [ 11.909663, 47.134232 ] } },
{ "type": "Feature", "properties": { "rand_point_id": 3850 }, "geometry": { "type": "Point", "coordinates": [ 13.951396, 48.084075 ] } },
{ "type": "Feature", "properties": { "rand_point_id": 3851 }, "geometry": { "type": "Point", "coordinates": [ 16.321534, 47.156051 ] } },
{ "type": "Feature", "properties": { "rand_point_id": 3852 }, "geometry": { "type": "Point", "coordinates": [ 16.109426, 47.205478 ] } },
{ "type": "Feature", "properties": { "rand_point_id": 3853 }, "geometry": { "type": "Point", "coordinates": [ 13.495291, 48.128667 ] } },
{ "type": "Feature", "properties": { "rand_point_id": 3854 }, "geometry": { "type": "Point", "coordinates": [ 16.034618, 47.957042 ] } },
{ "type": "Feature", "properties": { "rand_point_id": 3855 }, "geometry": { "type": "Point", "coordinates": [ 14.4303, 48.221381 ] } },
{ "type": "Feature", "properties": { "rand_point_id": 3856 }, "geometry": { "type": "Point", "coordinates": [ 10.71506, 47.140694 ] } },
{ "type": "Feature", "properties": { "rand_point_id": 3857 }, "geometry": { "type": "Point", "coordinates": [ 14.58225, 47.618378 ] } },
{ "type": "Feature", "properties": { "rand_point_id": 3858 }, "geometry": { "type": "Point", "coordinates": [ 10.535046, 47.398998 ] } },
{ "type": "Feature", "properties": { "rand_point_id": 3859 }, "geometry": { "type": "Point", "coordinates": [ 13.401505, 47.774321 ] } },
{ "type": "Feature", "properties": { "rand_point_id": 3860 }, "geometry": { "type": "Point", "coordinates": [ 13.833938, 47.616979 ] } },
{ "type": "Feature", "properties": { "rand_point_id": 3861 }, "geometry": { "type": "Point", "coordinates": [ 12.826111, 46.76669 ] } },
{ "type": "Feature", "properties": { "rand_point_id": 3862 }, "geometry": { "type": "Point", "coordinates": [ 13.296358, 47.346395 ] } },
{ "type": "Feature", "properties": { "rand_point_id": 3863 }, "geometry": { "type": "Point", "coordinates": [ 15.001267, 48.81447 ] } },
{ "type": "Feature", "properties": { "rand_point_id": 3864 }, "geometry": { "type": "Point", "coordinates": [ 11.786588, 47.491625 ] } },
{ "type": "Feature", "properties": { "rand_point_id": 3865 }, "geometry": { "type": "Point", "coordinates": [ 12.613615, 46.883208 ] } },
{ "type": "Feature", "properties": { "rand_point_id": 3866 }, "geometry": { "type": "Point", "coordinates": [ 16.815641, 48.335315 ] } },
{ "type": "Feature", "properties": { "rand_point_id": 3867 }, "geometry": { "type": "Point", "coordinates": [ 10.944414, 47.359604 ] } },
{ "type": "Feature", "properties": { "rand_point_id": 3868 }, "geometry": { "type": "Point", "coordinates": [ 13.716073, 47.986645 ] } },
{ "type": "Feature", "properties": { "rand_point_id": 3869 }, "geometry": { "type": "Point", "coordinates": [ 10.227967, 47.114858 ] } },
{ "type": "Feature", "properties": { "rand_point_id": 3870 }, "geometry": { "type": "Point", "coordinates": [ 10.844534, 47.474619 ] } },
{ "type": "Feature", "properties": { "rand_point_id": 3871 }, "geometry": { "type": "Point", "coordinates": [ 13.96851, 48.126846 ] } },
{ "type": "Feature", "properties": { "rand_point_id": 3872 }, "geometry": { "type": "Point", "coordinates": [ 15.062818, 48.225522 ] } },
{ "type": "Feature", "properties": { "rand_point_id": 3873 }, "geometry": { "type": "Point", "coordinates": [ 12.645495, 47.449713 ] } },
{ "type": "Feature", "properties": { "rand_point_id": 3874 }, "geometry": { "type": "Point", "coordinates": [ 10.162278, 47.298279 ] } },
{ "type": "Feature", "properties": { "rand_point_id": 3875 }, "geometry": { "type": "Point", "coordinates": [ 14.669977, 47.213828 ] } },
{ "type": "Feature", "properties": { "rand_point_id": 3876 }, "geometry": { "type": "Point", "coordinates": [ 15.43933, 48.293762 ] } },
{ "type": "Feature", "properties": { "rand_point_id": 3877 }, "geometry": { "type": "Point", "coordinates": [ 13.137438, 47.6748 ] } },
{ "type": "Feature", "properties": { "rand_point_id": 3878 }, "geometry": { "type": "Point", "coordinates": [ 13.692481, 47.513877 ] } },
{ "type": "Feature", "properties": { "rand_point_id": 3879 }, "geometry": { "type": "Point", "coordinates": [ 16.746408, 48.519194 ] } },
{ "type": "Feature", "properties": { "rand_point_id": 3880 }, "geometry": { "type": "Point", "coordinates": [ 12.522092, 47.03115 ] } },
{ "type": "Feature", "properties": { "rand_point_id": 3881 }, "geometry": { "type": "Point", "coordinates": [ 13.882643, 48.055324 ] } },
{ "type": "Feature", "properties": { "rand_point_id": 3882 }, "geometry": { "type": "Point", "coordinates": [ 14.426534, 46.658284 ] } },
{ "type": "Feature", "properties": { "rand_point_id": 3883 }, "geometry": { "type": "Point", "coordinates": [ 13.102063, 47.003021 ] } },
{ "type": "Feature", "properties": { "rand_point_id": 3884 }, "geometry": { "type": "Point", "coordinates": [ 14.315048, 48.189975 ] } },
{ "type": "Feature", "properties": { "rand_point_id": 3885 }, "geometry": { "type": "Point", "coordinates": [ 10.432464, 46.960868 ] } },
{ "type": "Feature", "properties": { "rand_point_id": 3886 }, "geometry": { "type": "Point", "coordinates": [ 13.438726, 47.445318 ] } },
{ "type": "Feature", "properties": { "rand_point_id": 3887 }, "geometry": { "type": "Point", "coordinates": [ 15.549155, 47.012566 ] } },
{ "type": "Feature", "properties": { "rand_point_id": 3888 }, "geometry": { "type": "Point", "coordinates": [ 15.216318, 48.663006 ] } },
{ "type": "Feature", "properties": { "rand_point_id": 3889 }, "geometry": { "type": "Point", "coordinates": [ 13.137503, 47.339184 ] } },
{ "type": "Feature", "properties": { "rand_point_id": 3890 }, "geometry": { "type": "Point", "coordinates": [ 13.533203, 48.103865 ] } },
{ "type": "Feature", "properties": { "rand_point_id": 3891 }, "geometry": { "type": "Point", "coordinates": [ 16.536154, 47.597406 ] } },
{ "type": "Feature", "properties": { "rand_point_id": 3892 }, "geometry": { "type": "Point", "coordinates": [ 14.240271, 48.006988 ] } },
{ "type": "Feature", "properties": { "rand_point_id": 3893 }, "geometry": { "type": "Point", "coordinates": [ 10.899977, 46.825784 ] } },
{ "type": "Feature", "properties": { "rand_point_id": 3894 }, "geometry": { "type": "Point", "coordinates": [ 15.794195, 48.578482 ] } },
{ "type": "Feature", "properties": { "rand_point_id": 3895 }, "geometry": { "type": "Point", "coordinates": [ 14.975327, 48.444668 ] } },
{ "type": "Feature", "properties": { "rand_point_id": 3896 }, "geometry": { "type": "Point", "coordinates": [ 16.085388, 47.236892 ] } },
{ "type": "Feature", "properties": { "rand_point_id": 3897 }, "geometry": { "type": "Point", "coordinates": [ 13.894336, 48.453408 ] } },
{ "type": "Feature", "properties": { "rand_point_id": 3898 }, "geometry": { "type": "Point", "coordinates": [ 13.350782, 46.92816 ] } },
{ "type": "Feature", "properties": { "rand_point_id": 3899 }, "geometry": { "type": "Point", "coordinates": [ 13.834714, 46.864289 ] } },
{ "type": "Feature", "properties": { "rand_point_id": 3900 }, "geometry": { "type": "Point", "coordinates": [ 14.701526, 47.242596 ] } },
{ "type": "Feature", "properties": { "rand_point_id": 3901 }, "geometry": { "type": "Point", "coordinates": [ 9.831499, 47.419496 ] } },
{ "type": "Feature", "properties": { "rand_point_id": 3902 }, "geometry": { "type": "Point", "coordinates": [ 11.553595, 47.018984 ] } },
{ "type": "Feature", "properties": { "rand_point_id": 3903 }, "geometry": { "type": "Point", "coordinates": [ 14.367392, 48.126605 ] } },
{ "type": "Feature", "properties": { "rand_point_id": 3904 }, "geometry": { "type": "Point", "coordinates": [ 15.901077, 47.993001 ] } },
{ "type": "Feature", "properties": { "rand_point_id": 3905 }, "geometry": { "type": "Point", "coordinates": [ 14.987133, 47.858901 ] } },
{ "type": "Feature", "properties": { "rand_point_id": 3906 }, "geometry": { "type": "Point", "coordinates": [ 12.709573, 46.799387 ] } },
{ "type": "Feature", "properties": { "rand_point_id": 3907 }, "geometry": { "type": "Point", "coordinates": [ 14.874633, 47.013573 ] } },
{ "type": "Feature", "properties": { "rand_point_id": 3908 }, "geometry": { "type": "Point", "coordinates": [ 14.103821, 47.222346 ] } },
{ "type": "Feature", "properties": { "rand_point_id": 3909 }, "geometry": { "type": "Point", "coordinates": [ 15.011708, 48.758906 ] } },
{ "type": "Feature", "properties": { "rand_point_id": 3910 }, "geometry": { "type": "Point", "coordinates": [ 13.580858, 46.970693 ] } },
{ "type": "Feature", "properties": { "rand_point_id": 3911 }, "geometry": { "type": "Point", "coordinates": [ 14.981411, 47.982502 ] } },
{ "type": "Feature", "properties": { "rand_point_id": 3912 }, "geometry": { "type": "Point", "coordinates": [ 14.172368, 47.131493 ] } },
{ "type": "Feature", "properties": { "rand_point_id": 3913 }, "geometry": { "type": "Point", "coordinates": [ 16.043289, 47.870018 ] } },
{ "type": "Feature", "properties": { "rand_point_id": 3914 }, "geometry": { "type": "Point", "coordinates": [ 13.540925, 48.512169 ] } },
{ "type": "Feature", "properties": { "rand_point_id": 3915 }, "geometry": { "type": "Point", "coordinates": [ 16.178256, 48.688076 ] } },
{ "type": "Feature", "properties": { "rand_point_id": 3916 }, "geometry": { "type": "Point", "coordinates": [ 13.799772, 47.001571 ] } },
{ "type": "Feature", "properties": { "rand_point_id": 3917 }, "geometry": { "type": "Point", "coordinates": [ 15.525494, 47.754795 ] } },
{ "type": "Feature", "properties": { "rand_point_id": 3918 }, "geometry": { "type": "Point", "coordinates": [ 10.168052, 46.995677 ] } },
{ "type": "Feature", "properties": { "rand_point_id": 3919 }, "geometry": { "type": "Point", "coordinates": [ 14.799278, 46.834303 ] } },
{ "type": "Feature", "properties": { "rand_point_id": 3920 }, "geometry": { "type": "Point", "coordinates": [ 14.884173, 47.674001 ] } },
{ "type": "Feature", "properties": { "rand_point_id": 3921 }, "geometry": { "type": "Point", "coordinates": [ 13.098471, 47.715013 ] } },
{ "type": "Feature", "properties": { "rand_point_id": 3922 }, "geometry": { "type": "Point", "coordinates": [ 11.802746, 47.466493 ] } },
{ "type": "Feature", "properties": { "rand_point_id": 3923 }, "geometry": { "type": "Point", "coordinates": [ 15.206085, 48.789381 ] } },
{ "type": "Feature", "properties": { "rand_point_id": 3924 }, "geometry": { "type": "Point", "coordinates": [ 13.160032, 47.16593 ] } },
{ "type": "Feature", "properties": { "rand_point_id": 3925 }, "geometry": { "type": "Point", "coordinates": [ 14.410638, 47.123344 ] } },
{ "type": "Feature", "properties": { "rand_point_id": 3926 }, "geometry": { "type": "Point", "coordinates": [ 15.278114, 48.888564 ] } },
{ "type": "Feature", "properties": { "rand_point_id": 3927 }, "geometry": { "type": "Point", "coordinates": [ 13.162886, 47.087231 ] } },
{ "type": "Feature", "properties": { "rand_point_id": 3928 }, "geometry": { "type": "Point", "coordinates": [ 12.726173, 47.343391 ] } },
{ "type": "Feature", "properties": { "rand_point_id": 3929 }, "geometry": { "type": "Point", "coordinates": [ 9.609774, 47.163043 ] } },
{ "type": "Feature", "properties": { "rand_point_id": 3930 }, "geometry": { "type": "Point", "coordinates": [ 12.859272, 47.000382 ] } },
{ "type": "Feature", "properties": { "rand_point_id": 3931 }, "geometry": { "type": "Point", "coordinates": [ 15.971314, 46.770001 ] } },
{ "type": "Feature", "properties": { "rand_point_id": 3932 }, "geometry": { "type": "Point", "coordinates": [ 14.991814, 46.664306 ] } },
{ "type": "Feature", "properties": { "rand_point_id": 3933 }, "geometry": { "type": "Point", "coordinates": [ 16.182812, 47.16235 ] } },
{ "type": "Feature", "properties": { "rand_point_id": 3934 }, "geometry": { "type": "Point", "coordinates": [ 16.559572, 48.664659 ] } },
{ "type": "Feature", "properties": { "rand_point_id": 3935 }, "geometry": { "type": "Point", "coordinates": [ 14.524311, 47.921121 ] } },
{ "type": "Feature", "properties": { "rand_point_id": 3936 }, "geometry": { "type": "Point", "coordinates": [ 11.666203, 47.21362 ] } },
{ "type": "Feature", "properties": { "rand_point_id": 3937 }, "geometry": { "type": "Point", "coordinates": [ 12.930042, 47.387173 ] } },
{ "type": "Feature", "properties": { "rand_point_id": 3938 }, "geometry": { "type": "Point", "coordinates": [ 15.592219, 47.668818 ] } },
{ "type": "Feature", "properties": { "rand_point_id": 3939 }, "geometry": { "type": "Point", "coordinates": [ 13.37728, 47.841555 ] } },
{ "type": "Feature", "properties": { "rand_point_id": 3940 }, "geometry": { "type": "Point", "coordinates": [ 14.649607, 47.295363 ] } },
{ "type": "Feature", "properties": { "rand_point_id": 3941 }, "geometry": { "type": "Point", "coordinates": [ 15.072916, 47.257709 ] } },
{ "type": "Feature", "properties": { "rand_point_id": 3942 }, "geometry": { "type": "Point", "coordinates": [ 13.919276, 48.113603 ] } },
{ "type": "Feature", "properties": { "rand_point_id": 3943 }, "geometry": { "type": "Point", "coordinates": [ 12.485774, 47.62423 ] } },
{ "type": "Feature", "properties": { "rand_point_id": 3944 }, "geometry": { "type": "Point", "coordinates": [ 14.115986, 47.863297 ] } },
{ "type": "Feature", "properties": { "rand_point_id": 3945 }, "geometry": { "type": "Point", "coordinates": [ 16.195523, 48.237529 ] } },
{ "type": "Feature", "properties": { "rand_point_id": 3946 }, "geometry": { "type": "Point", "coordinates": [ 14.665808, 47.8057 ] } },
{ "type": "Feature", "properties": { "rand_point_id": 3947 }, "geometry": { "type": "Point", "coordinates": [ 14.693574, 48.033504 ] } },
{ "type": "Feature", "properties": { "rand_point_id": 3948 }, "geometry": { "type": "Point", "coordinates": [ 12.378439, 46.795274 ] } },
{ "type": "Feature", "properties": { "rand_point_id": 3949 }, "geometry": { "type": "Point", "coordinates": [ 10.346274, 47.291765 ] } },
{ "type": "Feature", "properties": { "rand_point_id": 3950 }, "geometry": { "type": "Point", "coordinates": [ 10.500349, 47.127849 ] } },
{ "type": "Feature", "properties": { "rand_point_id": 3951 }, "geometry": { "type": "Point", "coordinates": [ 15.356052, 48.375981 ] } },
{ "type": "Feature", "properties": { "rand_point_id": 3952 }, "geometry": { "type": "Point", "coordinates": [ 10.600412, 47.21937 ] } },
{ "type": "Feature", "properties": { "rand_point_id": 3953 }, "geometry": { "type": "Point", "coordinates": [ 16.292684, 47.886528 ] } },
{ "type": "Feature", "properties": { "rand_point_id": 3954 }, "geometry": { "type": "Point", "coordinates": [ 12.276706, 46.88469 ] } },
{ "type": "Feature", "properties": { "rand_point_id": 3955 }, "geometry": { "type": "Point", "coordinates": [ 13.258142, 47.969095 ] } },
{ "type": "Feature", "properties": { "rand_point_id": 3956 }, "geometry": { "type": "Point", "coordinates": [ 15.831142, 47.715679 ] } },
{ "type": "Feature", "properties": { "rand_point_id": 3957 }, "geometry": { "type": "Point", "coordinates": [ 13.963621, 47.952516 ] } },
{ "type": "Feature", "properties": { "rand_point_id": 3958 }, "geometry": { "type": "Point", "coordinates": [ 15.508209, 48.309017 ] } },
{ "type": "Feature", "properties": { "rand_point_id": 3959 }, "geometry": { "type": "Point", "coordinates": [ 13.626023, 46.608644 ] } },
{ "type": "Feature", "properties": { "rand_point_id": 3960 }, "geometry": { "type": "Point", "coordinates": [ 13.24339, 47.074382 ] } },
{ "type": "Feature", "properties": { "rand_point_id": 3961 }, "geometry": { "type": "Point", "coordinates": [ 11.803493, 47.29353 ] } },
{ "type": "Feature", "properties": { "rand_point_id": 3962 }, "geometry": { "type": "Point", "coordinates": [ 14.595855, 47.010134 ] } },
{ "type": "Feature", "properties": { "rand_point_id": 3963 }, "geometry": { "type": "Point", "coordinates": [ 11.13485, 47.217335 ] } },
{ "type": "Feature", "properties": { "rand_point_id": 3964 }, "geometry": { "type": "Point", "coordinates": [ 12.771275, 46.65773 ] } },
{ "type": "Feature", "properties": { "rand_point_id": 3965 }, "geometry": { "type": "Point", "coordinates": [ 14.89692, 47.63713 ] } },
{ "type": "Feature", "properties": { "rand_point_id": 3966 }, "geometry": { "type": "Point", "coordinates": [ 13.303838, 47.314013 ] } },
{ "type": "Feature", "properties": { "rand_point_id": 3967 }, "geometry": { "type": "Point", "coordinates": [ 17.072621, 47.982526 ] } },
{ "type": "Feature", "properties": { "rand_point_id": 3968 }, "geometry": { "type": "Point", "coordinates": [ 15.992708, 47.409617 ] } },
{ "type": "Feature", "properties": { "rand_point_id": 3969 }, "geometry": { "type": "Point", "coordinates": [ 13.55398, 46.562346 ] } },
{ "type": "Feature", "properties": { "rand_point_id": 3970 }, "geometry": { "type": "Point", "coordinates": [ 13.984951, 47.167655 ] } },
{ "type": "Feature", "properties": { "rand_point_id": 3971 }, "geometry": { "type": "Point", "coordinates": [ 16.885112, 48.635921 ] } },
{ "type": "Feature", "properties": { "rand_point_id": 3972 }, "geometry": { "type": "Point", "coordinates": [ 17.060031, 48.061866 ] } },
{ "type": "Feature", "properties": { "rand_point_id": 3973 }, "geometry": { "type": "Point", "coordinates": [ 16.14559, 48.639366 ] } },
{ "type": "Feature", "properties": { "rand_point_id": 3974 }, "geometry": { "type": "Point", "coordinates": [ 16.680036, 47.542492 ] } },
{ "type": "Feature", "properties": { "rand_point_id": 3975 }, "geometry": { "type": "Point", "coordinates": [ 9.744418, 47.121623 ] } },
{ "type": "Feature", "properties": { "rand_point_id": 3976 }, "geometry": { "type": "Point", "coordinates": [ 11.992269, 47.497031 ] } },
{ "type": "Feature", "properties": { "rand_point_id": 3977 }, "geometry": { "type": "Point", "coordinates": [ 12.316743, 47.372773 ] } },
{ "type": "Feature", "properties": { "rand_point_id": 3978 }, "geometry": { "type": "Point", "coordinates": [ 10.366503, 47.007936 ] } },
{ "type": "Feature", "properties": { "rand_point_id": 3979 }, "geometry": { "type": "Point", "coordinates": [ 15.355105, 47.438112 ] } },
{ "type": "Feature", "properties": { "rand_point_id": 3980 }, "geometry": { "type": "Point", "coordinates": [ 15.333946, 47.504098 ] } },
{ "type": "Feature", "properties": { "rand_point_id": 3981 }, "geometry": { "type": "Point", "coordinates": [ 15.346468, 48.181653 ] } },
{ "type": "Feature", "properties": { "rand_point_id": 3982 }, "geometry": { "type": "Point", "coordinates": [ 14.652655, 47.180373 ] } },
{ "type": "Feature", "properties": { "rand_point_id": 3983 }, "geometry": { "type": "Point", "coordinates": [ 13.212467, 48.152712 ] } },
{ "type": "Feature", "properties": { "rand_point_id": 3984 }, "geometry": { "type": "Point", "coordinates": [ 12.859933, 47.12494 ] } },
{ "type": "Feature", "properties": { "rand_point_id": 3985 }, "geometry": { "type": "Point", "coordinates": [ 16.702935, 48.003044 ] } },
{ "type": "Feature", "properties": { "rand_point_id": 3986 }, "geometry": { "type": "Point", "coordinates": [ 11.576959, 47.018824 ] } },
{ "type": "Feature", "properties": { "rand_point_id": 3987 }, "geometry": { "type": "Point", "coordinates": [ 12.632779, 46.892346 ] } },
{ "type": "Feature", "properties": { "rand_point_id": 3988 }, "geometry": { "type": "Point", "coordinates": [ 15.67001, 48.123732 ] } },
{ "type": "Feature", "properties": { "rand_point_id": 3989 }, "geometry": { "type": "Point", "coordinates": [ 15.39748, 47.157148 ] } },
{ "type": "Feature", "properties": { "rand_point_id": 3990 }, "geometry": { "type": "Point", "coordinates": [ 13.673698, 47.898329 ] } },
{ "type": "Feature", "properties": { "rand_point_id": 3991 }, "geometry": { "type": "Point", "coordinates": [ 13.156903, 47.55938 ] } },
{ "type": "Feature", "properties": { "rand_point_id": 3992 }, "geometry": { "type": "Point", "coordinates": [ 13.481611, 48.5418 ] } },
{ "type": "Feature", "properties": { "rand_point_id": 3993 }, "geometry": { "type": "Point", "coordinates": [ 13.361367, 46.764517 ] } },
{ "type": "Feature", "properties": { "rand_point_id": 3994 }, "geometry": { "type": "Point", "coordinates": [ 14.548617, 47.769835 ] } },
{ "type": "Feature", "properties": { "rand_point_id": 3995 }, "geometry": { "type": "Point", "coordinates": [ 13.483568, 46.864772 ] } },
{ "type": "Feature", "properties": { "rand_point_id": 3996 }, "geometry": { "type": "Point", "coordinates": [ 13.759945, 47.964274 ] } },
{ "type": "Feature", "properties": { "rand_point_id": 3997 }, "geometry": { "type": "Point", "coordinates": [ 15.929206, 48.167091 ] } },
{ "type": "Feature", "properties": { "rand_point_id": 3998 }, "geometry": { "type": "Point", "coordinates": [ 16.224574, 47.345321 ] } },
{ "type": "Feature", "properties": { "rand_point_id": 3999 }, "geometry": { "type": "Point", "coordinates": [ 10.064067, 47.077811 ] } },
{ "type": "Feature", "properties": { "rand_point_id": 4000 }, "geometry": { "type": "Point", "coordinates": [ 14.131996, 47.296996 ] } },
{ "type": "Feature", "properties": { "rand_point_id": 4001 }, "geometry": { "type": "Point", "coordinates": [ 15.092204, 48.041319 ] } },
{ "type": "Feature", "properties": { "rand_point_id": 4002 }, "geometry": { "type": "Point", "coordinates": [ 15.236247, 48.718904 ] } },
{ "type": "Feature", "properties": { "rand_point_id": 4003 }, "geometry": { "type": "Point", "coordinates": [ 14.663242, 47.731092 ] } },
{ "type": "Feature", "properties": { "rand_point_id": 4004 }, "geometry": { "type": "Point", "coordinates": [ 14.019581, 47.832087 ] } },
{ "type": "Feature", "properties": { "rand_point_id": 4005 }, "geometry": { "type": "Point", "coordinates": [ 16.221661, 48.422162 ] } },
{ "type": "Feature", "properties": { "rand_point_id": 4006 }, "geometry": { "type": "Point", "coordinates": [ 16.510834, 47.506086 ] } },
{ "type": "Feature", "properties": { "rand_point_id": 4007 }, "geometry": { "type": "Point", "coordinates": [ 15.282061, 47.933566 ] } },
{ "type": "Feature", "properties": { "rand_point_id": 4008 }, "geometry": { "type": "Point", "coordinates": [ 15.710311, 46.986169 ] } },
{ "type": "Feature", "properties": { "rand_point_id": 4009 }, "geometry": { "type": "Point", "coordinates": [ 15.650949, 48.664643 ] } },
{ "type": "Feature", "properties": { "rand_point_id": 4010 }, "geometry": { "type": "Point", "coordinates": [ 13.873384, 48.720257 ] } },
{ "type": "Feature", "properties": { "rand_point_id": 4011 }, "geometry": { "type": "Point", "coordinates": [ 13.932401, 48.103092 ] } },
{ "type": "Feature", "properties": { "rand_point_id": 4012 }, "geometry": { "type": "Point", "coordinates": [ 14.477164, 47.201815 ] } },
{ "type": "Feature", "properties": { "rand_point_id": 4013 }, "geometry": { "type": "Point", "coordinates": [ 16.488188, 48.164233 ] } },
{ "type": "Feature", "properties": { "rand_point_id": 4014 }, "geometry": { "type": "Point", "coordinates": [ 15.007386, 48.560827 ] } },
{ "type": "Feature", "properties": { "rand_point_id": 4015 }, "geometry": { "type": "Point", "coordinates": [ 13.340898, 46.782565 ] } },
{ "type": "Feature", "properties": { "rand_point_id": 4016 }, "geometry": { "type": "Point", "coordinates": [ 14.610242, 47.784209 ] } },
{ "type": "Feature", "properties": { "rand_point_id": 4017 }, "geometry": { "type": "Point", "coordinates": [ 13.604449, 48.376282 ] } },
{ "type": "Feature", "properties": { "rand_point_id": 4018 }, "geometry": { "type": "Point", "coordinates": [ 10.261264, 47.280854 ] } },
{ "type": "Feature", "properties": { "rand_point_id": 4019 }, "geometry": { "type": "Point", "coordinates": [ 15.085326, 47.190963 ] } },
{ "type": "Feature", "properties": { "rand_point_id": 4020 }, "geometry": { "type": "Point", "coordinates": [ 12.668471, 46.683339 ] } },
{ "type": "Feature", "properties": { "rand_point_id": 4021 }, "geometry": { "type": "Point", "coordinates": [ 14.941065, 47.526084 ] } },
{ "type": "Feature", "properties": { "rand_point_id": 4022 }, "geometry": { "type": "Point", "coordinates": [ 13.102308, 48.239315 ] } },
{ "type": "Feature", "properties": { "rand_point_id": 4023 }, "geometry": { "type": "Point", "coordinates": [ 13.682065, 47.593926 ] } },
{ "type": "Feature", "properties": { "rand_point_id": 4024 }, "geometry": { "type": "Point", "coordinates": [ 14.764503, 48.226597 ] } },
{ "type": "Feature", "properties": { "rand_point_id": 4025 }, "geometry": { "type": "Point", "coordinates": [ 10.567403, 47.428145 ] } },
{ "type": "Feature", "properties": { "rand_point_id": 4026 }, "geometry": { "type": "Point", "coordinates": [ 14.302578, 48.148591 ] } },
{ "type": "Feature", "properties": { "rand_point_id": 4027 }, "geometry": { "type": "Point", "coordinates": [ 13.546405, 47.281155 ] } },
{ "type": "Feature", "properties": { "rand_point_id": 4028 }, "geometry": { "type": "Point", "coordinates": [ 12.561203, 46.662297 ] } },
{ "type": "Feature", "properties": { "rand_point_id": 4029 }, "geometry": { "type": "Point", "coordinates": [ 14.252144, 46.985126 ] } },
{ "type": "Feature", "properties": { "rand_point_id": 4030 }, "geometry": { "type": "Point", "coordinates": [ 14.161204, 48.348066 ] } },
{ "type": "Feature", "properties": { "rand_point_id": 4031 }, "geometry": { "type": "Point", "coordinates": [ 14.357396, 47.640505 ] } },
{ "type": "Feature", "properties": { "rand_point_id": 4032 }, "geometry": { "type": "Point", "coordinates": [ 14.315423, 47.245284 ] } },
{ "type": "Feature", "properties": { "rand_point_id": 4033 }, "geometry": { "type": "Point", "coordinates": [ 16.430379, 48.257218 ] } },
{ "type": "Feature", "properties": { "rand_point_id": 4034 }, "geometry": { "type": "Point", "coordinates": [ 15.848614, 47.034684 ] } },
{ "type": "Feature", "properties": { "rand_point_id": 4035 }, "geometry": { "type": "Point", "coordinates": [ 16.148062, 47.776373 ] } },
{ "type": "Feature", "properties": { "rand_point_id": 4036 }, "geometry": { "type": "Point", "coordinates": [ 10.924622, 46.917323 ] } },
{ "type": "Feature", "properties": { "rand_point_id": 4037 }, "geometry": { "type": "Point", "coordinates": [ 13.621644, 46.741166 ] } },
{ "type": "Feature", "properties": { "rand_point_id": 4038 }, "geometry": { "type": "Point", "coordinates": [ 17.055026, 47.781342 ] } },
{ "type": "Feature", "properties": { "rand_point_id": 4039 }, "geometry": { "type": "Point", "coordinates": [ 16.87239, 48.582726 ] } },
{ "type": "Feature", "properties": { "rand_point_id": 4040 }, "geometry": { "type": "Point", "coordinates": [ 14.376558, 47.343881 ] } },
{ "type": "Feature", "properties": { "rand_point_id": 4041 }, "geometry": { "type": "Point", "coordinates": [ 15.690423, 46.769943 ] } },
{ "type": "Feature", "properties": { "rand_point_id": 4042 }, "geometry": { "type": "Point", "coordinates": [ 15.84462, 47.949167 ] } },
{ "type": "Feature", "properties": { "rand_point_id": 4043 }, "geometry": { "type": "Point", "coordinates": [ 15.072168, 47.926179 ] } },
{ "type": "Feature", "properties": { "rand_point_id": 4044 }, "geometry": { "type": "Point", "coordinates": [ 16.729986, 47.871424 ] } },
{ "type": "Feature", "properties": { "rand_point_id": 4045 }, "geometry": { "type": "Point", "coordinates": [ 15.387952, 46.909524 ] } },
{ "type": "Feature", "properties": { "rand_point_id": 4046 }, "geometry": { "type": "Point", "coordinates": [ 14.384518, 46.834664 ] } },
{ "type": "Feature", "properties": { "rand_point_id": 4047 }, "geometry": { "type": "Point", "coordinates": [ 15.032628, 47.725403 ] } },
{ "type": "Feature", "properties": { "rand_point_id": 4048 }, "geometry": { "type": "Point", "coordinates": [ 13.395131, 48.171498 ] } },
{ "type": "Feature", "properties": { "rand_point_id": 4049 }, "geometry": { "type": "Point", "coordinates": [ 15.206149, 47.026319 ] } },
{ "type": "Feature", "properties": { "rand_point_id": 4050 }, "geometry": { "type": "Point", "coordinates": [ 15.048451, 48.647535 ] } },
{ "type": "Feature", "properties": { "rand_point_id": 4051 }, "geometry": { "type": "Point", "coordinates": [ 14.817155, 47.991716 ] } },
{ "type": "Feature", "properties": { "rand_point_id": 4052 }, "geometry": { "type": "Point", "coordinates": [ 15.752267, 46.785142 ] } },
{ "type": "Feature", "properties": { "rand_point_id": 4053 }, "geometry": { "type": "Point", "coordinates": [ 14.976813, 47.822634 ] } },
{ "type": "Feature", "properties": { "rand_point_id": 4054 }, "geometry": { "type": "Point", "coordinates": [ 12.476794, 47.021967 ] } },
{ "type": "Feature", "properties": { "rand_point_id": 4055 }, "geometry": { "type": "Point", "coordinates": [ 14.673914, 47.473298 ] } },
{ "type": "Feature", "properties": { "rand_point_id": 4056 }, "geometry": { "type": "Point", "coordinates": [ 10.039823, 47.061713 ] } },
{ "type": "Feature", "properties": { "rand_point_id": 4057 }, "geometry": { "type": "Point", "coordinates": [ 15.175775, 46.823115 ] } },
{ "type": "Feature", "properties": { "rand_point_id": 4058 }, "geometry": { "type": "Point", "coordinates": [ 14.861052, 47.858276 ] } },
{ "type": "Feature", "properties": { "rand_point_id": 4059 }, "geometry": { "type": "Point", "coordinates": [ 15.145122, 48.773251 ] } },
{ "type": "Feature", "properties": { "rand_point_id": 4060 }, "geometry": { "type": "Point", "coordinates": [ 13.251059, 47.174045 ] } },
{ "type": "Feature", "properties": { "rand_point_id": 4061 }, "geometry": { "type": "Point", "coordinates": [ 15.452971, 48.55997 ] } },
{ "type": "Feature", "properties": { "rand_point_id": 4062 }, "geometry": { "type": "Point", "coordinates": [ 13.558659, 47.613179 ] } },
{ "type": "Feature", "properties": { "rand_point_id": 4063 }, "geometry": { "type": "Point", "coordinates": [ 14.321716, 47.964549 ] } },
{ "type": "Feature", "properties": { "rand_point_id": 4064 }, "geometry": { "type": "Point", "coordinates": [ 14.419143, 47.555499 ] } },
{ "type": "Feature", "properties": { "rand_point_id": 4065 }, "geometry": { "type": "Point", "coordinates": [ 14.470821, 47.060408 ] } },
{ "type": "Feature", "properties": { "rand_point_id": 4066 }, "geometry": { "type": "Point", "coordinates": [ 14.190262, 46.635481 ] } },
{ "type": "Feature", "properties": { "rand_point_id": 4067 }, "geometry": { "type": "Point", "coordinates": [ 14.769879, 46.573651 ] } },
{ "type": "Feature", "properties": { "rand_point_id": 4068 }, "geometry": { "type": "Point", "coordinates": [ 10.697289, 47.281997 ] } },
{ "type": "Feature", "properties": { "rand_point_id": 4069 }, "geometry": { "type": "Point", "coordinates": [ 14.150214, 48.362681 ] } },
{ "type": "Feature", "properties": { "rand_point_id": 4070 }, "geometry": { "type": "Point", "coordinates": [ 14.362918, 47.149541 ] } },
{ "type": "Feature", "properties": { "rand_point_id": 4071 }, "geometry": { "type": "Point", "coordinates": [ 13.777002, 47.52783 ] } },
{ "type": "Feature", "properties": { "rand_point_id": 4072 }, "geometry": { "type": "Point", "coordinates": [ 14.558426, 47.453262 ] } },
{ "type": "Feature", "properties": { "rand_point_id": 4073 }, "geometry": { "type": "Point", "coordinates": [ 16.134703, 47.991946 ] } },
{ "type": "Feature", "properties": { "rand_point_id": 4074 }, "geometry": { "type": "Point", "coordinates": [ 13.944142, 46.639593 ] } },
{ "type": "Feature", "properties": { "rand_point_id": 4075 }, "geometry": { "type": "Point", "coordinates": [ 14.596302, 47.614456 ] } },
{ "type": "Feature", "properties": { "rand_point_id": 4076 }, "geometry": { "type": "Point", "coordinates": [ 15.40846, 47.777076 ] } },
{ "type": "Feature", "properties": { "rand_point_id": 4077 }, "geometry": { "type": "Point", "coordinates": [ 14.062227, 48.413954 ] } },
{ "type": "Feature", "properties": { "rand_point_id": 4078 }, "geometry": { "type": "Point", "coordinates": [ 13.670033, 46.764607 ] } },
{ "type": "Feature", "properties": { "rand_point_id": 4079 }, "geometry": { "type": "Point", "coordinates": [ 13.198978, 47.333164 ] } },
{ "type": "Feature", "properties": { "rand_point_id": 4080 }, "geometry": { "type": "Point", "coordinates": [ 12.305327, 47.270802 ] } },
{ "type": "Feature", "properties": { "rand_point_id": 4081 }, "geometry": { "type": "Point", "coordinates": [ 16.612954, 47.43968 ] } },
{ "type": "Feature", "properties": { "rand_point_id": 4082 }, "geometry": { "type": "Point", "coordinates": [ 16.572579, 47.437116 ] } },
{ "type": "Feature", "properties": { "rand_point_id": 4083 }, "geometry": { "type": "Point", "coordinates": [ 14.184349, 48.451162 ] } },
{ "type": "Feature", "properties": { "rand_point_id": 4084 }, "geometry": { "type": "Point", "coordinates": [ 12.918751, 47.967743 ] } },
{ "type": "Feature", "properties": { "rand_point_id": 4085 }, "geometry": { "type": "Point", "coordinates": [ 13.129295, 47.430707 ] } },
{ "type": "Feature", "properties": { "rand_point_id": 4086 }, "geometry": { "type": "Point", "coordinates": [ 13.089379, 48.101538 ] } },
{ "type": "Feature", "properties": { "rand_point_id": 4087 }, "geometry": { "type": "Point", "coordinates": [ 16.491968, 48.747236 ] } },
{ "type": "Feature", "properties": { "rand_point_id": 4088 }, "geometry": { "type": "Point", "coordinates": [ 14.269434, 47.182624 ] } },
{ "type": "Feature", "properties": { "rand_point_id": 4089 }, "geometry": { "type": "Point", "coordinates": [ 10.200829, 47.138148 ] } },
{ "type": "Feature", "properties": { "rand_point_id": 4090 }, "geometry": { "type": "Point", "coordinates": [ 14.098591, 47.015821 ] } },
{ "type": "Feature", "properties": { "rand_point_id": 4091 }, "geometry": { "type": "Point", "coordinates": [ 14.589775, 47.110149 ] } },
{ "type": "Feature", "properties": { "rand_point_id": 4092 }, "geometry": { "type": "Point", "coordinates": [ 11.178712, 47.083804 ] } },
{ "type": "Feature", "properties": { "rand_point_id": 4093 }, "geometry": { "type": "Point", "coordinates": [ 15.109671, 47.665411 ] } },
{ "type": "Feature", "properties": { "rand_point_id": 4094 }, "geometry": { "type": "Point", "coordinates": [ 11.211703, 47.330373 ] } },
{ "type": "Feature", "properties": { "rand_point_id": 4095 }, "geometry": { "type": "Point", "coordinates": [ 15.766705, 48.360225 ] } },
{ "type": "Feature", "properties": { "rand_point_id": 4096 }, "geometry": { "type": "Point", "coordinates": [ 13.439666, 47.826627 ] } },
{ "type": "Feature", "properties": { "rand_point_id": 4097 }, "geometry": { "type": "Point", "coordinates": [ 16.197888, 47.852378 ] } },
{ "type": "Feature", "properties": { "rand_point_id": 4098 }, "geometry": { "type": "Point", "coordinates": [ 13.365581, 47.027966 ] } },
{ "type": "Feature", "properties": { "rand_point_id": 4099 }, "geometry": { "type": "Point", "coordinates": [ 15.515818, 47.138385 ] } },
{ "type": "Feature", "properties": { "rand_point_id": 4100 }, "geometry": { "type": "Point", "coordinates": [ 13.846143, 46.671062 ] } },
{ "type": "Feature", "properties": { "rand_point_id": 4101 }, "geometry": { "type": "Point", "coordinates": [ 13.859342, 47.613804 ] } },
{ "type": "Feature", "properties": { "rand_point_id": 4102 }, "geometry": { "type": "Point", "coordinates": [ 10.983334, 47.094012 ] } },
{ "type": "Feature", "properties": { "rand_point_id": 4103 }, "geometry": { "type": "Point", "coordinates": [ 12.040745, 47.180538 ] } },
{ "type": "Feature", "properties": { "rand_point_id": 4104 }, "geometry": { "type": "Point", "coordinates": [ 13.352069, 47.219477 ] } },
{ "type": "Feature", "properties": { "rand_point_id": 4105 }, "geometry": { "type": "Point", "coordinates": [ 15.657319, 48.437852 ] } },
{ "type": "Feature", "properties": { "rand_point_id": 4106 }, "geometry": { "type": "Point", "coordinates": [ 13.705234, 48.021753 ] } },
{ "type": "Feature", "properties": { "rand_point_id": 4107 }, "geometry": { "type": "Point", "coordinates": [ 9.685378, 47.321559 ] } },
{ "type": "Feature", "properties": { "rand_point_id": 4108 }, "geometry": { "type": "Point", "coordinates": [ 13.785588, 46.588599 ] } },
{ "type": "Feature", "properties": { "rand_point_id": 4109 }, "geometry": { "type": "Point", "coordinates": [ 12.433726, 46.801364 ] } },
{ "type": "Feature", "properties": { "rand_point_id": 4110 }, "geometry": { "type": "Point", "coordinates": [ 15.131931, 47.149652 ] } },
{ "type": "Feature", "properties": { "rand_point_id": 4111 }, "geometry": { "type": "Point", "coordinates": [ 16.810168, 48.241169 ] } },
{ "type": "Feature", "properties": { "rand_point_id": 4112 }, "geometry": { "type": "Point", "coordinates": [ 14.506535, 48.591761 ] } },
{ "type": "Feature", "properties": { "rand_point_id": 4113 }, "geometry": { "type": "Point", "coordinates": [ 16.03953, 48.146007 ] } },
{ "type": "Feature", "properties": { "rand_point_id": 4114 }, "geometry": { "type": "Point", "coordinates": [ 15.320566, 47.184005 ] } },
{ "type": "Feature", "properties": { "rand_point_id": 4115 }, "geometry": { "type": "Point", "coordinates": [ 14.916795, 48.160049 ] } },
{ "type": "Feature", "properties": { "rand_point_id": 4116 }, "geometry": { "type": "Point", "coordinates": [ 12.43249, 46.86897 ] } },
{ "type": "Feature", "properties": { "rand_point_id": 4117 }, "geometry": { "type": "Point", "coordinates": [ 14.895145, 47.635557 ] } },
{ "type": "Feature", "properties": { "rand_point_id": 4118 }, "geometry": { "type": "Point", "coordinates": [ 13.024047, 48.24277 ] } },
{ "type": "Feature", "properties": { "rand_point_id": 4119 }, "geometry": { "type": "Point", "coordinates": [ 11.981673, 47.353685 ] } },
{ "type": "Feature", "properties": { "rand_point_id": 4120 }, "geometry": { "type": "Point", "coordinates": [ 16.312594, 47.097686 ] } },
{ "type": "Feature", "properties": { "rand_point_id": 4121 }, "geometry": { "type": "Point", "coordinates": [ 14.051763, 46.513991 ] } },
{ "type": "Feature", "properties": { "rand_point_id": 4122 }, "geometry": { "type": "Point", "coordinates": [ 15.998104, 48.316278 ] } },
{ "type": "Feature", "properties": { "rand_point_id": 4123 }, "geometry": { "type": "Point", "coordinates": [ 15.458503, 47.35508 ] } },
{ "type": "Feature", "properties": { "rand_point_id": 4124 }, "geometry": { "type": "Point", "coordinates": [ 16.238342, 47.074221 ] } },
{ "type": "Feature", "properties": { "rand_point_id": 4125 }, "geometry": { "type": "Point", "coordinates": [ 15.105799, 47.769779 ] } },
{ "type": "Feature", "properties": { "rand_point_id": 4126 }, "geometry": { "type": "Point", "coordinates": [ 13.684759, 47.870704 ] } },
{ "type": "Feature", "properties": { "rand_point_id": 4127 }, "geometry": { "type": "Point", "coordinates": [ 12.256369, 47.038626 ] } },
{ "type": "Feature", "properties": { "rand_point_id": 4128 }, "geometry": { "type": "Point", "coordinates": [ 14.3464, 46.771771 ] } },
{ "type": "Feature", "properties": { "rand_point_id": 4129 }, "geometry": { "type": "Point", "coordinates": [ 15.675172, 48.520576 ] } },
{ "type": "Feature", "properties": { "rand_point_id": 4130 }, "geometry": { "type": "Point", "coordinates": [ 9.996558, 47.000094 ] } },
{ "type": "Feature", "properties": { "rand_point_id": 4131 }, "geometry": { "type": "Point", "coordinates": [ 13.564236, 47.345861 ] } },
{ "type": "Feature", "properties": { "rand_point_id": 4132 }, "geometry": { "type": "Point", "coordinates": [ 14.04087, 48.663482 ] } },
{ "type": "Feature", "properties": { "rand_point_id": 4133 }, "geometry": { "type": "Point", "coordinates": [ 13.219013, 46.903543 ] } },
{ "type": "Feature", "properties": { "rand_point_id": 4134 }, "geometry": { "type": "Point", "coordinates": [ 14.72706, 46.810474 ] } },
{ "type": "Feature", "properties": { "rand_point_id": 4135 }, "geometry": { "type": "Point", "coordinates": [ 14.275371, 47.688192 ] } },
{ "type": "Feature", "properties": { "rand_point_id": 4136 }, "geometry": { "type": "Point", "coordinates": [ 14.787402, 48.0911 ] } },
{ "type": "Feature", "properties": { "rand_point_id": 4137 }, "geometry": { "type": "Point", "coordinates": [ 12.468362, 47.436065 ] } },
{ "type": "Feature", "properties": { "rand_point_id": 4138 }, "geometry": { "type": "Point", "coordinates": [ 15.985436, 47.202094 ] } },
{ "type": "Feature", "properties": { "rand_point_id": 4139 }, "geometry": { "type": "Point", "coordinates": [ 14.177741, 47.401885 ] } },
{ "type": "Feature", "properties": { "rand_point_id": 4140 }, "geometry": { "type": "Point", "coordinates": [ 15.865391, 48.352953 ] } },
{ "type": "Feature", "properties": { "rand_point_id": 4141 }, "geometry": { "type": "Point", "coordinates": [ 13.454304, 48.132945 ] } },
{ "type": "Feature", "properties": { "rand_point_id": 4142 }, "geometry": { "type": "Point", "coordinates": [ 15.415821, 48.186424 ] } },
{ "type": "Feature", "properties": { "rand_point_id": 4143 }, "geometry": { "type": "Point", "coordinates": [ 13.347734, 47.20169 ] } },
{ "type": "Feature", "properties": { "rand_point_id": 4144 }, "geometry": { "type": "Point", "coordinates": [ 14.406277, 48.214139 ] } },
{ "type": "Feature", "properties": { "rand_point_id": 4145 }, "geometry": { "type": "Point", "coordinates": [ 11.334413, 47.424998 ] } },
{ "type": "Feature", "properties": { "rand_point_id": 4146 }, "geometry": { "type": "Point", "coordinates": [ 10.268545, 46.963345 ] } },
{ "type": "Feature", "properties": { "rand_point_id": 4147 }, "geometry": { "type": "Point", "coordinates": [ 15.446158, 48.06946 ] } },
{ "type": "Feature", "properties": { "rand_point_id": 4148 }, "geometry": { "type": "Point", "coordinates": [ 15.783099, 47.348799 ] } },
{ "type": "Feature", "properties": { "rand_point_id": 4149 }, "geometry": { "type": "Point", "coordinates": [ 14.850085, 47.928663 ] } },
{ "type": "Feature", "properties": { "rand_point_id": 4150 }, "geometry": { "type": "Point", "coordinates": [ 13.930558, 47.771361 ] } },
{ "type": "Feature", "properties": { "rand_point_id": 4151 }, "geometry": { "type": "Point", "coordinates": [ 14.584668, 47.553576 ] } },
{ "type": "Feature", "properties": { "rand_point_id": 4152 }, "geometry": { "type": "Point", "coordinates": [ 12.63006, 47.05263 ] } },
{ "type": "Feature", "properties": { "rand_point_id": 4153 }, "geometry": { "type": "Point", "coordinates": [ 10.139773, 47.101946 ] } },
{ "type": "Feature", "properties": { "rand_point_id": 4154 }, "geometry": { "type": "Point", "coordinates": [ 13.126485, 46.874378 ] } },
{ "type": "Feature", "properties": { "rand_point_id": 4155 }, "geometry": { "type": "Point", "coordinates": [ 14.468879, 46.984286 ] } },
{ "type": "Feature", "properties": { "rand_point_id": 4156 }, "geometry": { "type": "Point", "coordinates": [ 14.963987, 48.159343 ] } },
{ "type": "Feature", "properties": { "rand_point_id": 4157 }, "geometry": { "type": "Point", "coordinates": [ 15.325258, 48.886263 ] } },
{ "type": "Feature", "properties": { "rand_point_id": 4158 }, "geometry": { "type": "Point", "coordinates": [ 14.565004, 46.828709 ] } },
{ "type": "Feature", "properties": { "rand_point_id": 4159 }, "geometry": { "type": "Point", "coordinates": [ 11.177784, 47.184654 ] } },
{ "type": "Feature", "properties": { "rand_point_id": 4160 }, "geometry": { "type": "Point", "coordinates": [ 11.60545, 47.531975 ] } },
{ "type": "Feature", "properties": { "rand_point_id": 4161 }, "geometry": { "type": "Point", "coordinates": [ 12.893889, 47.164614 ] } },
{ "type": "Feature", "properties": { "rand_point_id": 4162 }, "geometry": { "type": "Point", "coordinates": [ 15.013539, 47.676556 ] } },
{ "type": "Feature", "properties": { "rand_point_id": 4163 }, "geometry": { "type": "Point", "coordinates": [ 13.175701, 46.949123 ] } },
{ "type": "Feature", "properties": { "rand_point_id": 4164 }, "geometry": { "type": "Point", "coordinates": [ 14.74386, 47.153538 ] } },
{ "type": "Feature", "properties": { "rand_point_id": 4165 }, "geometry": { "type": "Point", "coordinates": [ 14.265843, 47.439055 ] } },
{ "type": "Feature", "properties": { "rand_point_id": 4166 }, "geometry": { "type": "Point", "coordinates": [ 10.793947, 47.119763 ] } },
{ "type": "Feature", "properties": { "rand_point_id": 4167 }, "geometry": { "type": "Point", "coordinates": [ 15.318519, 48.971947 ] } },
{ "type": "Feature", "properties": { "rand_point_id": 4168 }, "geometry": { "type": "Point", "coordinates": [ 15.987026, 48.310922 ] } },
{ "type": "Feature", "properties": { "rand_point_id": 4169 }, "geometry": { "type": "Point", "coordinates": [ 15.058018, 48.811092 ] } },
{ "type": "Feature", "properties": { "rand_point_id": 4170 }, "geometry": { "type": "Point", "coordinates": [ 14.044027, 48.342714 ] } },
{ "type": "Feature", "properties": { "rand_point_id": 4171 }, "geometry": { "type": "Point", "coordinates": [ 13.917088, 48.112734 ] } },
{ "type": "Feature", "properties": { "rand_point_id": 4172 }, "geometry": { "type": "Point", "coordinates": [ 15.639092, 47.110753 ] } },
{ "type": "Feature", "properties": { "rand_point_id": 4173 }, "geometry": { "type": "Point", "coordinates": [ 15.355967, 47.019652 ] } },
{ "type": "Feature", "properties": { "rand_point_id": 4174 }, "geometry": { "type": "Point", "coordinates": [ 15.187227, 48.327757 ] } },
{ "type": "Feature", "properties": { "rand_point_id": 4175 }, "geometry": { "type": "Point", "coordinates": [ 16.25595, 47.930691 ] } },
{ "type": "Feature", "properties": { "rand_point_id": 4176 }, "geometry": { "type": "Point", "coordinates": [ 13.425851, 48.06666 ] } },
{ "type": "Feature", "properties": { "rand_point_id": 4177 }, "geometry": { "type": "Point", "coordinates": [ 14.899003, 47.854952 ] } },
{ "type": "Feature", "properties": { "rand_point_id": 4178 }, "geometry": { "type": "Point", "coordinates": [ 16.216627, 47.039975 ] } },
{ "type": "Feature", "properties": { "rand_point_id": 4179 }, "geometry": { "type": "Point", "coordinates": [ 14.580541, 46.700758 ] } },
{ "type": "Feature", "properties": { "rand_point_id": 4180 }, "geometry": { "type": "Point", "coordinates": [ 12.845301, 48.041696 ] } },
{ "type": "Feature", "properties": { "rand_point_id": 4181 }, "geometry": { "type": "Point", "coordinates": [ 14.639472, 47.000704 ] } },
{ "type": "Feature", "properties": { "rand_point_id": 4182 }, "geometry": { "type": "Point", "coordinates": [ 12.058156, 47.238193 ] } },
{ "type": "Feature", "properties": { "rand_point_id": 4183 }, "geometry": { "type": "Point", "coordinates": [ 15.225547, 47.542122 ] } },
{ "type": "Feature", "properties": { "rand_point_id": 4184 }, "geometry": { "type": "Point", "coordinates": [ 15.333087, 47.299846 ] } },
{ "type": "Feature", "properties": { "rand_point_id": 4185 }, "geometry": { "type": "Point", "coordinates": [ 13.972393, 46.881147 ] } },
{ "type": "Feature", "properties": { "rand_point_id": 4186 }, "geometry": { "type": "Point", "coordinates": [ 14.034235, 47.270786 ] } },
{ "type": "Feature", "properties": { "rand_point_id": 4187 }, "geometry": { "type": "Point", "coordinates": [ 13.632955, 48.35811 ] } },
{ "type": "Feature", "properties": { "rand_point_id": 4188 }, "geometry": { "type": "Point", "coordinates": [ 10.935137, 47.312029 ] } },
{ "type": "Feature", "properties": { "rand_point_id": 4189 }, "geometry": { "type": "Point", "coordinates": [ 10.635059, 47.430225 ] } },
{ "type": "Feature", "properties": { "rand_point_id": 4190 }, "geometry": { "type": "Point", "coordinates": [ 16.309798, 48.497061 ] } },
{ "type": "Feature", "properties": { "rand_point_id": 4191 }, "geometry": { "type": "Point", "coordinates": [ 15.095934, 48.287984 ] } },
{ "type": "Feature", "properties": { "rand_point_id": 4192 }, "geometry": { "type": "Point", "coordinates": [ 14.326502, 46.820282 ] } },
{ "type": "Feature", "properties": { "rand_point_id": 4193 }, "geometry": { "type": "Point", "coordinates": [ 13.978407, 47.154286 ] } },
{ "type": "Feature", "properties": { "rand_point_id": 4194 }, "geometry": { "type": "Point", "coordinates": [ 13.643809, 47.229428 ] } },
{ "type": "Feature", "properties": { "rand_point_id": 4195 }, "geometry": { "type": "Point", "coordinates": [ 12.836247, 47.445626 ] } },
{ "type": "Feature", "properties": { "rand_point_id": 4196 }, "geometry": { "type": "Point", "coordinates": [ 12.976612, 46.760321 ] } },
{ "type": "Feature", "properties": { "rand_point_id": 4197 }, "geometry": { "type": "Point", "coordinates": [ 14.747274, 46.898856 ] } },
{ "type": "Feature", "properties": { "rand_point_id": 4198 }, "geometry": { "type": "Point", "coordinates": [ 16.140028, 46.892806 ] } },
{ "type": "Feature", "properties": { "rand_point_id": 4199 }, "geometry": { "type": "Point", "coordinates": [ 15.92572, 47.509493 ] } },
{ "type": "Feature", "properties": { "rand_point_id": 4200 }, "geometry": { "type": "Point", "coordinates": [ 12.011583, 47.10881 ] } },
{ "type": "Feature", "properties": { "rand_point_id": 4201 }, "geometry": { "type": "Point", "coordinates": [ 12.704479, 47.664784 ] } },
{ "type": "Feature", "properties": { "rand_point_id": 4202 }, "geometry": { "type": "Point", "coordinates": [ 15.340783, 48.482864 ] } },
{ "type": "Feature", "properties": { "rand_point_id": 4203 }, "geometry": { "type": "Point", "coordinates": [ 15.754187, 47.639432 ] } },
{ "type": "Feature", "properties": { "rand_point_id": 4204 }, "geometry": { "type": "Point", "coordinates": [ 13.463192, 47.442723 ] } },
{ "type": "Feature", "properties": { "rand_point_id": 4205 }, "geometry": { "type": "Point", "coordinates": [ 16.140989, 47.14353 ] } },
{ "type": "Feature", "properties": { "rand_point_id": 4206 }, "geometry": { "type": "Point", "coordinates": [ 14.628842, 46.899672 ] } },
{ "type": "Feature", "properties": { "rand_point_id": 4207 }, "geometry": { "type": "Point", "coordinates": [ 15.843543, 47.621808 ] } },
{ "type": "Feature", "properties": { "rand_point_id": 4208 }, "geometry": { "type": "Point", "coordinates": [ 13.402861, 48.235913 ] } },
{ "type": "Feature", "properties": { "rand_point_id": 4209 }, "geometry": { "type": "Point", "coordinates": [ 15.846889, 46.783184 ] } },
{ "type": "Feature", "properties": { "rand_point_id": 4210 }, "geometry": { "type": "Point", "coordinates": [ 14.57978, 46.669498 ] } },
{ "type": "Feature", "properties": { "rand_point_id": 4211 }, "geometry": { "type": "Point", "coordinates": [ 15.558765, 48.159865 ] } },
{ "type": "Feature", "properties": { "rand_point_id": 4212 }, "geometry": { "type": "Point", "coordinates": [ 16.844142, 48.108361 ] } },
{ "type": "Feature", "properties": { "rand_point_id": 4213 }, "geometry": { "type": "Point", "coordinates": [ 10.60019, 47.501583 ] } },
{ "type": "Feature", "properties": { "rand_point_id": 4214 }, "geometry": { "type": "Point", "coordinates": [ 15.507818, 47.897476 ] } },
{ "type": "Feature", "properties": { "rand_point_id": 4215 }, "geometry": { "type": "Point", "coordinates": [ 15.036709, 48.673686 ] } },
{ "type": "Feature", "properties": { "rand_point_id": 4216 }, "geometry": { "type": "Point", "coordinates": [ 17.005884, 47.834195 ] } },
{ "type": "Feature", "properties": { "rand_point_id": 4217 }, "geometry": { "type": "Point", "coordinates": [ 12.554106, 47.077053 ] } },
{ "type": "Feature", "properties": { "rand_point_id": 4218 }, "geometry": { "type": "Point", "coordinates": [ 13.593158, 47.57306 ] } },
{ "type": "Feature", "properties": { "rand_point_id": 4219 }, "geometry": { "type": "Point", "coordinates": [ 14.172812, 48.447564 ] } },
{ "type": "Feature", "properties": { "rand_point_id": 4220 }, "geometry": { "type": "Point", "coordinates": [ 16.757818, 48.233304 ] } },
{ "type": "Feature", "properties": { "rand_point_id": 4221 }, "geometry": { "type": "Point", "coordinates": [ 10.805438, 47.460083 ] } },
{ "type": "Feature", "properties": { "rand_point_id": 4222 }, "geometry": { "type": "Point", "coordinates": [ 16.334404, 47.206986 ] } },
{ "type": "Feature", "properties": { "rand_point_id": 4223 }, "geometry": { "type": "Point", "coordinates": [ 14.25213, 48.182154 ] } },
{ "type": "Feature", "properties": { "rand_point_id": 4224 }, "geometry": { "type": "Point", "coordinates": [ 14.018891, 48.591891 ] } },
{ "type": "Feature", "properties": { "rand_point_id": 4225 }, "geometry": { "type": "Point", "coordinates": [ 15.724978, 47.196211 ] } },
{ "type": "Feature", "properties": { "rand_point_id": 4226 }, "geometry": { "type": "Point", "coordinates": [ 16.285612, 48.210609 ] } },
{ "type": "Feature", "properties": { "rand_point_id": 4227 }, "geometry": { "type": "Point", "coordinates": [ 13.496521, 47.365821 ] } },
{ "type": "Feature", "properties": { "rand_point_id": 4228 }, "geometry": { "type": "Point", "coordinates": [ 14.779949, 47.356194 ] } },
{ "type": "Feature", "properties": { "rand_point_id": 4229 }, "geometry": { "type": "Point", "coordinates": [ 12.628542, 46.978794 ] } },
{ "type": "Feature", "properties": { "rand_point_id": 4230 }, "geometry": { "type": "Point", "coordinates": [ 10.671504, 47.257064 ] } },
{ "type": "Feature", "properties": { "rand_point_id": 4231 }, "geometry": { "type": "Point", "coordinates": [ 14.996707, 48.620041 ] } },
{ "type": "Feature", "properties": { "rand_point_id": 4232 }, "geometry": { "type": "Point", "coordinates": [ 15.828916, 47.207533 ] } },
{ "type": "Feature", "properties": { "rand_point_id": 4233 }, "geometry": { "type": "Point", "coordinates": [ 13.404255, 47.513393 ] } },
{ "type": "Feature", "properties": { "rand_point_id": 4234 }, "geometry": { "type": "Point", "coordinates": [ 15.736673, 47.258202 ] } },
{ "type": "Feature", "properties": { "rand_point_id": 4235 }, "geometry": { "type": "Point", "coordinates": [ 14.496896, 48.452178 ] } },
{ "type": "Feature", "properties": { "rand_point_id": 4236 }, "geometry": { "type": "Point", "coordinates": [ 13.855005, 47.786606 ] } },
{ "type": "Feature", "properties": { "rand_point_id": 4237 }, "geometry": { "type": "Point", "coordinates": [ 15.048204, 48.484848 ] } },
{ "type": "Feature", "properties": { "rand_point_id": 4238 }, "geometry": { "type": "Point", "coordinates": [ 14.157784, 46.643578 ] } },
{ "type": "Feature", "properties": { "rand_point_id": 4239 }, "geometry": { "type": "Point", "coordinates": [ 10.378885, 47.15905 ] } },
{ "type": "Feature", "properties": { "rand_point_id": 4240 }, "geometry": { "type": "Point", "coordinates": [ 16.860976, 48.582384 ] } },
{ "type": "Feature", "properties": { "rand_point_id": 4241 }, "geometry": { "type": "Point", "coordinates": [ 16.016967, 46.882901 ] } },
{ "type": "Feature", "properties": { "rand_point_id": 4242 }, "geometry": { "type": "Point", "coordinates": [ 13.715917, 47.153997 ] } },
{ "type": "Feature", "properties": { "rand_point_id": 4243 }, "geometry": { "type": "Point", "coordinates": [ 14.445927, 48.359532 ] } },
{ "type": "Feature", "properties": { "rand_point_id": 4244 }, "geometry": { "type": "Point", "coordinates": [ 11.947354, 47.285417 ] } },
{ "type": "Feature", "properties": { "rand_point_id": 4245 }, "geometry": { "type": "Point", "coordinates": [ 11.754217, 47.266816 ] } },
{ "type": "Feature", "properties": { "rand_point_id": 4246 }, "geometry": { "type": "Point", "coordinates": [ 15.598554, 47.813685 ] } },
{ "type": "Feature", "properties": { "rand_point_id": 4247 }, "geometry": { "type": "Point", "coordinates": [ 10.460961, 47.253185 ] } },
{ "type": "Feature", "properties": { "rand_point_id": 4248 }, "geometry": { "type": "Point", "coordinates": [ 16.13789, 48.352271 ] } },
{ "type": "Feature", "properties": { "rand_point_id": 4249 }, "geometry": { "type": "Point", "coordinates": [ 15.295331, 47.6969 ] } },
{ "type": "Feature", "properties": { "rand_point_id": 4250 }, "geometry": { "type": "Point", "coordinates": [ 12.227936, 47.040126 ] } },
{ "type": "Feature", "properties": { "rand_point_id": 4251 }, "geometry": { "type": "Point", "coordinates": [ 16.325793, 47.815998 ] } },
{ "type": "Feature", "properties": { "rand_point_id": 4252 }, "geometry": { "type": "Point", "coordinates": [ 15.313148, 48.299245 ] } },
{ "type": "Feature", "properties": { "rand_point_id": 4253 }, "geometry": { "type": "Point", "coordinates": [ 13.633374, 47.259316 ] } },
{ "type": "Feature", "properties": { "rand_point_id": 4254 }, "geometry": { "type": "Point", "coordinates": [ 16.368121, 47.626234 ] } },
{ "type": "Feature", "properties": { "rand_point_id": 4255 }, "geometry": { "type": "Point", "coordinates": [ 13.296501, 47.766721 ] } },
{ "type": "Feature", "properties": { "rand_point_id": 4256 }, "geometry": { "type": "Point", "coordinates": [ 14.415792, 48.116565 ] } },
{ "type": "Feature", "properties": { "rand_point_id": 4257 }, "geometry": { "type": "Point", "coordinates": [ 13.727367, 48.011005 ] } },
{ "type": "Feature", "properties": { "rand_point_id": 4258 }, "geometry": { "type": "Point", "coordinates": [ 12.252306, 47.661553 ] } },
{ "type": "Feature", "properties": { "rand_point_id": 4259 }, "geometry": { "type": "Point", "coordinates": [ 12.762012, 47.663846 ] } },
{ "type": "Feature", "properties": { "rand_point_id": 4260 }, "geometry": { "type": "Point", "coordinates": [ 15.685837, 48.299651 ] } },
{ "type": "Feature", "properties": { "rand_point_id": 4261 }, "geometry": { "type": "Point", "coordinates": [ 13.226429, 48.160582 ] } },
{ "type": "Feature", "properties": { "rand_point_id": 4262 }, "geometry": { "type": "Point", "coordinates": [ 14.479179, 46.889753 ] } },
{ "type": "Feature", "properties": { "rand_point_id": 4263 }, "geometry": { "type": "Point", "coordinates": [ 9.690065, 47.116868 ] } },
{ "type": "Feature", "properties": { "rand_point_id": 4264 }, "geometry": { "type": "Point", "coordinates": [ 11.731645, 47.242023 ] } },
{ "type": "Feature", "properties": { "rand_point_id": 4265 }, "geometry": { "type": "Point", "coordinates": [ 15.694389, 47.332633 ] } },
{ "type": "Feature", "properties": { "rand_point_id": 4266 }, "geometry": { "type": "Point", "coordinates": [ 16.897821, 48.233143 ] } },
{ "type": "Feature", "properties": { "rand_point_id": 4267 }, "geometry": { "type": "Point", "coordinates": [ 13.189728, 47.487737 ] } },
{ "type": "Feature", "properties": { "rand_point_id": 4268 }, "geometry": { "type": "Point", "coordinates": [ 13.884478, 47.699132 ] } },
{ "type": "Feature", "properties": { "rand_point_id": 4269 }, "geometry": { "type": "Point", "coordinates": [ 11.858853, 47.214529 ] } },
{ "type": "Feature", "properties": { "rand_point_id": 4270 }, "geometry": { "type": "Point", "coordinates": [ 15.647379, 48.322641 ] } },
{ "type": "Feature", "properties": { "rand_point_id": 4271 }, "geometry": { "type": "Point", "coordinates": [ 13.645251, 47.574354 ] } },
{ "type": "Feature", "properties": { "rand_point_id": 4272 }, "geometry": { "type": "Point", "coordinates": [ 14.517132, 46.47943 ] } },
{ "type": "Feature", "properties": { "rand_point_id": 4273 }, "geometry": { "type": "Point", "coordinates": [ 14.229718, 47.874434 ] } },
{ "type": "Feature", "properties": { "rand_point_id": 4274 }, "geometry": { "type": "Point", "coordinates": [ 15.080899, 48.064174 ] } },
{ "type": "Feature", "properties": { "rand_point_id": 4275 }, "geometry": { "type": "Point", "coordinates": [ 14.868886, 48.003467 ] } },
{ "type": "Feature", "properties": { "rand_point_id": 4276 }, "geometry": { "type": "Point", "coordinates": [ 15.983831, 47.79295 ] } },
{ "type": "Feature", "properties": { "rand_point_id": 4277 }, "geometry": { "type": "Point", "coordinates": [ 15.932568, 47.076071 ] } },
{ "type": "Feature", "properties": { "rand_point_id": 4278 }, "geometry": { "type": "Point", "coordinates": [ 10.805542, 47.192122 ] } },
{ "type": "Feature", "properties": { "rand_point_id": 4279 }, "geometry": { "type": "Point", "coordinates": [ 14.305382, 48.555894 ] } },
{ "type": "Feature", "properties": { "rand_point_id": 4280 }, "geometry": { "type": "Point", "coordinates": [ 15.755187, 47.701124 ] } },
{ "type": "Feature", "properties": { "rand_point_id": 4281 }, "geometry": { "type": "Point", "coordinates": [ 10.474337, 47.494371 ] } },
{ "type": "Feature", "properties": { "rand_point_id": 4282 }, "geometry": { "type": "Point", "coordinates": [ 14.97975, 48.754033 ] } },
{ "type": "Feature", "properties": { "rand_point_id": 4283 }, "geometry": { "type": "Point", "coordinates": [ 14.255553, 48.008422 ] } },
{ "type": "Feature", "properties": { "rand_point_id": 4284 }, "geometry": { "type": "Point", "coordinates": [ 15.058197, 46.653845 ] } },
{ "type": "Feature", "properties": { "rand_point_id": 4285 }, "geometry": { "type": "Point", "coordinates": [ 13.956761, 46.60426 ] } },
{ "type": "Feature", "properties": { "rand_point_id": 4286 }, "geometry": { "type": "Point", "coordinates": [ 13.854728, 47.44224 ] } },
{ "type": "Feature", "properties": { "rand_point_id": 4287 }, "geometry": { "type": "Point", "coordinates": [ 10.663009, 46.936768 ] } },
{ "type": "Feature", "properties": { "rand_point_id": 4288 }, "geometry": { "type": "Point", "coordinates": [ 15.85064, 47.519371 ] } },
{ "type": "Feature", "properties": { "rand_point_id": 4289 }, "geometry": { "type": "Point", "coordinates": [ 16.161481, 47.181072 ] } },
{ "type": "Feature", "properties": { "rand_point_id": 4290 }, "geometry": { "type": "Point", "coordinates": [ 14.265534, 48.194174 ] } },
{ "type": "Feature", "properties": { "rand_point_id": 4291 }, "geometry": { "type": "Point", "coordinates": [ 14.045085, 47.103784 ] } },
{ "type": "Feature", "properties": { "rand_point_id": 4292 }, "geometry": { "type": "Point", "coordinates": [ 14.512435, 47.347752 ] } },
{ "type": "Feature", "properties": { "rand_point_id": 4293 }, "geometry": { "type": "Point", "coordinates": [ 14.550404, 46.739169 ] } },
{ "type": "Feature", "properties": { "rand_point_id": 4294 }, "geometry": { "type": "Point", "coordinates": [ 15.555272, 47.625251 ] } },
{ "type": "Feature", "properties": { "rand_point_id": 4295 }, "geometry": { "type": "Point", "coordinates": [ 10.598677, 47.010893 ] } },
{ "type": "Feature", "properties": { "rand_point_id": 4296 }, "geometry": { "type": "Point", "coordinates": [ 9.612913, 47.05796 ] } },
{ "type": "Feature", "properties": { "rand_point_id": 4297 }, "geometry": { "type": "Point", "coordinates": [ 17.037749, 48.092349 ] } },
{ "type": "Feature", "properties": { "rand_point_id": 4298 }, "geometry": { "type": "Point", "coordinates": [ 14.406431, 47.780566 ] } },
{ "type": "Feature", "properties": { "rand_point_id": 4299 }, "geometry": { "type": "Point", "coordinates": [ 16.264134, 47.742097 ] } },
{ "type": "Feature", "properties": { "rand_point_id": 4300 }, "geometry": { "type": "Point", "coordinates": [ 16.87358, 48.001526 ] } },
{ "type": "Feature", "properties": { "rand_point_id": 4301 }, "geometry": { "type": "Point", "coordinates": [ 14.810364, 47.090893 ] } },
{ "type": "Feature", "properties": { "rand_point_id": 4302 }, "geometry": { "type": "Point", "coordinates": [ 14.358605, 47.272994 ] } },
{ "type": "Feature", "properties": { "rand_point_id": 4303 }, "geometry": { "type": "Point", "coordinates": [ 15.397366, 48.304309 ] } },
{ "type": "Feature", "properties": { "rand_point_id": 4304 }, "geometry": { "type": "Point", "coordinates": [ 15.61107, 48.874402 ] } },
{ "type": "Feature", "properties": { "rand_point_id": 4305 }, "geometry": { "type": "Point", "coordinates": [ 14.431675, 48.073555 ] } },
{ "type": "Feature", "properties": { "rand_point_id": 4306 }, "geometry": { "type": "Point", "coordinates": [ 9.661124, 47.297644 ] } },
{ "type": "Feature", "properties": { "rand_point_id": 4307 }, "geometry": { "type": "Point", "coordinates": [ 16.656552, 48.739703 ] } },
{ "type": "Feature", "properties": { "rand_point_id": 4308 }, "geometry": { "type": "Point", "coordinates": [ 15.716246, 48.824648 ] } },
{ "type": "Feature", "properties": { "rand_point_id": 4309 }, "geometry": { "type": "Point", "coordinates": [ 14.941947, 47.413203 ] } },
{ "type": "Feature", "properties": { "rand_point_id": 4310 }, "geometry": { "type": "Point", "coordinates": [ 11.47138, 47.115038 ] } },
{ "type": "Feature", "properties": { "rand_point_id": 4311 }, "geometry": { "type": "Point", "coordinates": [ 15.101895, 48.201761 ] } },
{ "type": "Feature", "properties": { "rand_point_id": 4312 }, "geometry": { "type": "Point", "coordinates": [ 13.153047, 47.491355 ] } },
{ "type": "Feature", "properties": { "rand_point_id": 4313 }, "geometry": { "type": "Point", "coordinates": [ 13.385032, 47.536941 ] } },
{ "type": "Feature", "properties": { "rand_point_id": 4314 }, "geometry": { "type": "Point", "coordinates": [ 16.324732, 48.259233 ] } },
{ "type": "Feature", "properties": { "rand_point_id": 4315 }, "geometry": { "type": "Point", "coordinates": [ 15.50576, 47.424305 ] } },
{ "type": "Feature", "properties": { "rand_point_id": 4316 }, "geometry": { "type": "Point", "coordinates": [ 16.402011, 48.147053 ] } },
{ "type": "Feature", "properties": { "rand_point_id": 4317 }, "geometry": { "type": "Point", "coordinates": [ 15.970628, 47.723418 ] } },
{ "type": "Feature", "properties": { "rand_point_id": 4318 }, "geometry": { "type": "Point", "coordinates": [ 14.589589, 46.487458 ] } },
{ "type": "Feature", "properties": { "rand_point_id": 4319 }, "geometry": { "type": "Point", "coordinates": [ 12.05857, 47.472461 ] } },
{ "type": "Feature", "properties": { "rand_point_id": 4320 }, "geometry": { "type": "Point", "coordinates": [ 12.942947, 47.113626 ] } },
{ "type": "Feature", "properties": { "rand_point_id": 4321 }, "geometry": { "type": "Point", "coordinates": [ 13.193806, 47.610342 ] } },
{ "type": "Feature", "properties": { "rand_point_id": 4322 }, "geometry": { "type": "Point", "coordinates": [ 12.445707, 47.312952 ] } },
{ "type": "Feature", "properties": { "rand_point_id": 4323 }, "geometry": { "type": "Point", "coordinates": [ 13.174238, 46.587678 ] } },
{ "type": "Feature", "properties": { "rand_point_id": 4324 }, "geometry": { "type": "Point", "coordinates": [ 15.139017, 48.186104 ] } },
{ "type": "Feature", "properties": { "rand_point_id": 4325 }, "geometry": { "type": "Point", "coordinates": [ 15.236976, 48.632914 ] } },
{ "type": "Feature", "properties": { "rand_point_id": 4326 }, "geometry": { "type": "Point", "coordinates": [ 15.28438, 47.977754 ] } },
{ "type": "Feature", "properties": { "rand_point_id": 4327 }, "geometry": { "type": "Point", "coordinates": [ 10.961697, 47.042688 ] } },
{ "type": "Feature", "properties": { "rand_point_id": 4328 }, "geometry": { "type": "Point", "coordinates": [ 15.742118, 47.56595 ] } },
{ "type": "Feature", "properties": { "rand_point_id": 4329 }, "geometry": { "type": "Point", "coordinates": [ 16.698334, 47.813618 ] } },
{ "type": "Feature", "properties": { "rand_point_id": 4330 }, "geometry": { "type": "Point", "coordinates": [ 13.620779, 47.307243 ] } },
{ "type": "Feature", "properties": { "rand_point_id": 4331 }, "geometry": { "type": "Point", "coordinates": [ 14.818264, 48.760999 ] } },
{ "type": "Feature", "properties": { "rand_point_id": 4332 }, "geometry": { "type": "Point", "coordinates": [ 15.328921, 47.036038 ] } },
{ "type": "Feature", "properties": { "rand_point_id": 4333 }, "geometry": { "type": "Point", "coordinates": [ 15.796495, 46.744142 ] } },
{ "type": "Feature", "properties": { "rand_point_id": 4334 }, "geometry": { "type": "Point", "coordinates": [ 15.298916, 48.858243 ] } },
{ "type": "Feature", "properties": { "rand_point_id": 4335 }, "geometry": { "type": "Point", "coordinates": [ 12.982024, 47.016128 ] } },
{ "type": "Feature", "properties": { "rand_point_id": 4336 }, "geometry": { "type": "Point", "coordinates": [ 15.162869, 47.338964 ] } },
{ "type": "Feature", "properties": { "rand_point_id": 4337 }, "geometry": { "type": "Point", "coordinates": [ 15.256452, 47.34948 ] } },
{ "type": "Feature", "properties": { "rand_point_id": 4338 }, "geometry": { "type": "Point", "coordinates": [ 16.218662, 47.080288 ] } },
{ "type": "Feature", "properties": { "rand_point_id": 4339 }, "geometry": { "type": "Point", "coordinates": [ 12.944341, 48.080913 ] } },
{ "type": "Feature", "properties": { "rand_point_id": 4340 }, "geometry": { "type": "Point", "coordinates": [ 13.457669, 46.852025 ] } },
{ "type": "Feature", "properties": { "rand_point_id": 4341 }, "geometry": { "type": "Point", "coordinates": [ 13.9069, 46.990413 ] } },
{ "type": "Feature", "properties": { "rand_point_id": 4342 }, "geometry": { "type": "Point", "coordinates": [ 14.253424, 46.751189 ] } },
{ "type": "Feature", "properties": { "rand_point_id": 4343 }, "geometry": { "type": "Point", "coordinates": [ 13.707435, 47.427317 ] } },
{ "type": "Feature", "properties": { "rand_point_id": 4344 }, "geometry": { "type": "Point", "coordinates": [ 16.686132, 47.55957 ] } },
{ "type": "Feature", "properties": { "rand_point_id": 4345 }, "geometry": { "type": "Point", "coordinates": [ 14.5996, 48.050488 ] } },
{ "type": "Feature", "properties": { "rand_point_id": 4346 }, "geometry": { "type": "Point", "coordinates": [ 13.24351, 47.802576 ] } },
{ "type": "Feature", "properties": { "rand_point_id": 4347 }, "geometry": { "type": "Point", "coordinates": [ 13.770466, 48.470224 ] } },
{ "type": "Feature", "properties": { "rand_point_id": 4348 }, "geometry": { "type": "Point", "coordinates": [ 15.599748, 47.461196 ] } },
{ "type": "Feature", "properties": { "rand_point_id": 4349 }, "geometry": { "type": "Point", "coordinates": [ 13.153406, 47.67136 ] } },
{ "type": "Feature", "properties": { "rand_point_id": 4350 }, "geometry": { "type": "Point", "coordinates": [ 16.164486, 47.403932 ] } },
{ "type": "Feature", "properties": { "rand_point_id": 4351 }, "geometry": { "type": "Point", "coordinates": [ 15.103648, 47.996469 ] } },
{ "type": "Feature", "properties": { "rand_point_id": 4352 }, "geometry": { "type": "Point", "coordinates": [ 13.74407, 46.970969 ] } },
{ "type": "Feature", "properties": { "rand_point_id": 4353 }, "geometry": { "type": "Point", "coordinates": [ 12.866318, 46.861899 ] } },
{ "type": "Feature", "properties": { "rand_point_id": 4354 }, "geometry": { "type": "Point", "coordinates": [ 14.469485, 48.342534 ] } },
{ "type": "Feature", "properties": { "rand_point_id": 4355 }, "geometry": { "type": "Point", "coordinates": [ 13.17592, 47.614034 ] } },
{ "type": "Feature", "properties": { "rand_point_id": 4356 }, "geometry": { "type": "Point", "coordinates": [ 16.104867, 48.406795 ] } },
{ "type": "Feature", "properties": { "rand_point_id": 4357 }, "geometry": { "type": "Point", "coordinates": [ 14.120228, 47.645757 ] } },
{ "type": "Feature", "properties": { "rand_point_id": 4358 }, "geometry": { "type": "Point", "coordinates": [ 13.504929, 48.013321 ] } },
{ "type": "Feature", "properties": { "rand_point_id": 4359 }, "geometry": { "type": "Point", "coordinates": [ 15.227854, 48.718093 ] } },
{ "type": "Feature", "properties": { "rand_point_id": 4360 }, "geometry": { "type": "Point", "coordinates": [ 12.949027, 46.957464 ] } },
{ "type": "Feature", "properties": { "rand_point_id": 4361 }, "geometry": { "type": "Point", "coordinates": [ 15.895932, 46.81208 ] } },
{ "type": "Feature", "properties": { "rand_point_id": 4362 }, "geometry": { "type": "Point", "coordinates": [ 11.931127, 47.089632 ] } },
{ "type": "Feature", "properties": { "rand_point_id": 4363 }, "geometry": { "type": "Point", "coordinates": [ 14.389915, 48.069884 ] } },
{ "type": "Feature", "properties": { "rand_point_id": 4364 }, "geometry": { "type": "Point", "coordinates": [ 13.921013, 47.536941 ] } },
{ "type": "Feature", "properties": { "rand_point_id": 4365 }, "geometry": { "type": "Point", "coordinates": [ 16.564863, 48.325642 ] } },
{ "type": "Feature", "properties": { "rand_point_id": 4366 }, "geometry": { "type": "Point", "coordinates": [ 14.522846, 46.745548 ] } },
{ "type": "Feature", "properties": { "rand_point_id": 4367 }, "geometry": { "type": "Point", "coordinates": [ 14.526579, 47.272665 ] } },
{ "type": "Feature", "properties": { "rand_point_id": 4368 }, "geometry": { "type": "Point", "coordinates": [ 12.531604, 46.9826 ] } },
{ "type": "Feature", "properties": { "rand_point_id": 4369 }, "geometry": { "type": "Point", "coordinates": [ 10.498803, 47.147115 ] } },
{ "type": "Feature", "properties": { "rand_point_id": 4370 }, "geometry": { "type": "Point", "coordinates": [ 16.11485, 47.567567 ] } },
{ "type": "Feature", "properties": { "rand_point_id": 4371 }, "geometry": { "type": "Point", "coordinates": [ 15.68078, 48.721793 ] } },
{ "type": "Feature", "properties": { "rand_point_id": 4372 }, "geometry": { "type": "Point", "coordinates": [ 16.008485, 47.473863 ] } },
{ "type": "Feature", "properties": { "rand_point_id": 4373 }, "geometry": { "type": "Point", "coordinates": [ 13.511471, 46.593948 ] } },
{ "type": "Feature", "properties": { "rand_point_id": 4374 }, "geometry": { "type": "Point", "coordinates": [ 16.257686, 48.107749 ] } },
{ "type": "Feature", "properties": { "rand_point_id": 4375 }, "geometry": { "type": "Point", "coordinates": [ 14.481835, 47.713698 ] } },
{ "type": "Feature", "properties": { "rand_point_id": 4376 }, "geometry": { "type": "Point", "coordinates": [ 16.84712, 47.922693 ] } },
{ "type": "Feature", "properties": { "rand_point_id": 4377 }, "geometry": { "type": "Point", "coordinates": [ 12.416931, 47.637877 ] } },
{ "type": "Feature", "properties": { "rand_point_id": 4378 }, "geometry": { "type": "Point", "coordinates": [ 13.758042, 46.580222 ] } },
{ "type": "Feature", "properties": { "rand_point_id": 4379 }, "geometry": { "type": "Point", "coordinates": [ 10.531318, 46.934706 ] } },
{ "type": "Feature", "properties": { "rand_point_id": 4380 }, "geometry": { "type": "Point", "coordinates": [ 14.357265, 47.690041 ] } },
{ "type": "Feature", "properties": { "rand_point_id": 4381 }, "geometry": { "type": "Point", "coordinates": [ 14.246695, 47.701607 ] } },
{ "type": "Feature", "properties": { "rand_point_id": 4382 }, "geometry": { "type": "Point", "coordinates": [ 14.308654, 46.981613 ] } },
{ "type": "Feature", "properties": { "rand_point_id": 4383 }, "geometry": { "type": "Point", "coordinates": [ 15.455363, 47.882786 ] } },
{ "type": "Feature", "properties": { "rand_point_id": 4384 }, "geometry": { "type": "Point", "coordinates": [ 13.046612, 46.691966 ] } },
{ "type": "Feature", "properties": { "rand_point_id": 4385 }, "geometry": { "type": "Point", "coordinates": [ 16.577872, 48.491275 ] } },
{ "type": "Feature", "properties": { "rand_point_id": 4386 }, "geometry": { "type": "Point", "coordinates": [ 14.504746, 47.494184 ] } },
{ "type": "Feature", "properties": { "rand_point_id": 4387 }, "geometry": { "type": "Point", "coordinates": [ 13.473984, 46.587946 ] } },
{ "type": "Feature", "properties": { "rand_point_id": 4388 }, "geometry": { "type": "Point", "coordinates": [ 16.823112, 47.912017 ] } },
{ "type": "Feature", "properties": { "rand_point_id": 4389 }, "geometry": { "type": "Point", "coordinates": [ 14.247329, 47.346706 ] } },
{ "type": "Feature", "properties": { "rand_point_id": 4390 }, "geometry": { "type": "Point", "coordinates": [ 14.75957, 46.631957 ] } },
{ "type": "Feature", "properties": { "rand_point_id": 4391 }, "geometry": { "type": "Point", "coordinates": [ 14.101915, 46.525302 ] } },
{ "type": "Feature", "properties": { "rand_point_id": 4392 }, "geometry": { "type": "Point", "coordinates": [ 12.42217, 47.160452 ] } },
{ "type": "Feature", "properties": { "rand_point_id": 4393 }, "geometry": { "type": "Point", "coordinates": [ 12.758294, 46.714097 ] } },
{ "type": "Feature", "properties": { "rand_point_id": 4394 }, "geometry": { "type": "Point", "coordinates": [ 11.94478, 47.570435 ] } },
{ "type": "Feature", "properties": { "rand_point_id": 4395 }, "geometry": { "type": "Point", "coordinates": [ 14.926377, 47.207834 ] } },
{ "type": "Feature", "properties": { "rand_point_id": 4396 }, "geometry": { "type": "Point", "coordinates": [ 14.557952, 47.649397 ] } },
{ "type": "Feature", "properties": { "rand_point_id": 4397 }, "geometry": { "type": "Point", "coordinates": [ 10.730383, 47.251613 ] } },
{ "type": "Feature", "properties": { "rand_point_id": 4398 }, "geometry": { "type": "Point", "coordinates": [ 16.001256, 48.163023 ] } },
{ "type": "Feature", "properties": { "rand_point_id": 4399 }, "geometry": { "type": "Point", "coordinates": [ 15.008451, 48.994539 ] } },
{ "type": "Feature", "properties": { "rand_point_id": 4400 }, "geometry": { "type": "Point", "coordinates": [ 13.556597, 46.730774 ] } },
{ "type": "Feature", "properties": { "rand_point_id": 4401 }, "geometry": { "type": "Point", "coordinates": [ 9.987923, 47.367323 ] } },
{ "type": "Feature", "properties": { "rand_point_id": 4402 }, "geometry": { "type": "Point", "coordinates": [ 15.723471, 46.983569 ] } },
{ "type": "Feature", "properties": { "rand_point_id": 4403 }, "geometry": { "type": "Point", "coordinates": [ 16.224494, 46.960917 ] } },
{ "type": "Feature", "properties": { "rand_point_id": 4404 }, "geometry": { "type": "Point", "coordinates": [ 15.201769, 46.926132 ] } },
{ "type": "Feature", "properties": { "rand_point_id": 4405 }, "geometry": { "type": "Point", "coordinates": [ 15.241205, 48.896512 ] } },
{ "type": "Feature", "properties": { "rand_point_id": 4406 }, "geometry": { "type": "Point", "coordinates": [ 16.582318, 48.726805 ] } },
{ "type": "Feature", "properties": { "rand_point_id": 4407 }, "geometry": { "type": "Point", "coordinates": [ 12.293169, 47.335236 ] } },
{ "type": "Feature", "properties": { "rand_point_id": 4408 }, "geometry": { "type": "Point", "coordinates": [ 13.376767, 47.029055 ] } },
{ "type": "Feature", "properties": { "rand_point_id": 4409 }, "geometry": { "type": "Point", "coordinates": [ 14.920248, 46.807967 ] } },
{ "type": "Feature", "properties": { "rand_point_id": 4410 }, "geometry": { "type": "Point", "coordinates": [ 13.335883, 48.013707 ] } },
{ "type": "Feature", "properties": { "rand_point_id": 4411 }, "geometry": { "type": "Point", "coordinates": [ 16.329608, 47.543162 ] } },
{ "type": "Feature", "properties": { "rand_point_id": 4412 }, "geometry": { "type": "Point", "coordinates": [ 16.176811, 47.097474 ] } },
{ "type": "Feature", "properties": { "rand_point_id": 4413 }, "geometry": { "type": "Point", "coordinates": [ 14.139263, 48.555646 ] } },
{ "type": "Feature", "properties": { "rand_point_id": 4414 }, "geometry": { "type": "Point", "coordinates": [ 15.985997, 48.161843 ] } },
{ "type": "Feature", "properties": { "rand_point_id": 4415 }, "geometry": { "type": "Point", "coordinates": [ 15.487573, 46.814323 ] } },
{ "type": "Feature", "properties": { "rand_point_id": 4416 }, "geometry": { "type": "Point", "coordinates": [ 13.806362, 48.406799 ] } },
{ "type": "Feature", "properties": { "rand_point_id": 4417 }, "geometry": { "type": "Point", "coordinates": [ 13.056965, 46.782165 ] } },
{ "type": "Feature", "properties": { "rand_point_id": 4418 }, "geometry": { "type": "Point", "coordinates": [ 14.943327, 48.629262 ] } },
{ "type": "Feature", "properties": { "rand_point_id": 4419 }, "geometry": { "type": "Point", "coordinates": [ 11.118304, 47.216044 ] } },
{ "type": "Feature", "properties": { "rand_point_id": 4420 }, "geometry": { "type": "Point", "coordinates": [ 14.369187, 46.70578 ] } },
{ "type": "Feature", "properties": { "rand_point_id": 4421 }, "geometry": { "type": "Point", "coordinates": [ 14.152445, 48.173731 ] } },
{ "type": "Feature", "properties": { "rand_point_id": 4422 }, "geometry": { "type": "Point", "coordinates": [ 15.385003, 48.394262 ] } },
{ "type": "Feature", "properties": { "rand_point_id": 4423 }, "geometry": { "type": "Point", "coordinates": [ 13.740611, 48.33844 ] } },
{ "type": "Feature", "properties": { "rand_point_id": 4424 }, "geometry": { "type": "Point", "coordinates": [ 14.40166, 48.097899 ] } },
{ "type": "Feature", "properties": { "rand_point_id": 4425 }, "geometry": { "type": "Point", "coordinates": [ 12.639182, 46.781306 ] } },
{ "type": "Feature", "properties": { "rand_point_id": 4426 }, "geometry": { "type": "Point", "coordinates": [ 9.766413, 47.534586 ] } },
{ "type": "Feature", "properties": { "rand_point_id": 4427 }, "geometry": { "type": "Point", "coordinates": [ 15.658003, 46.949482 ] } },
{ "type": "Feature", "properties": { "rand_point_id": 4428 }, "geometry": { "type": "Point", "coordinates": [ 13.998121, 47.596454 ] } },
{ "type": "Feature", "properties": { "rand_point_id": 4429 }, "geometry": { "type": "Point", "coordinates": [ 15.084831, 47.999014 ] } },
{ "type": "Feature", "properties": { "rand_point_id": 4430 }, "geometry": { "type": "Point", "coordinates": [ 15.831777, 47.181437 ] } },
{ "type": "Feature", "properties": { "rand_point_id": 4431 }, "geometry": { "type": "Point", "coordinates": [ 14.45313, 48.35335 ] } },
{ "type": "Feature", "properties": { "rand_point_id": 4432 }, "geometry": { "type": "Point", "coordinates": [ 15.873694, 48.067975 ] } },
{ "type": "Feature", "properties": { "rand_point_id": 4433 }, "geometry": { "type": "Point", "coordinates": [ 15.283136, 48.253135 ] } },
{ "type": "Feature", "properties": { "rand_point_id": 4434 }, "geometry": { "type": "Point", "coordinates": [ 13.25571, 47.072237 ] } },
{ "type": "Feature", "properties": { "rand_point_id": 4435 }, "geometry": { "type": "Point", "coordinates": [ 16.591006, 48.532405 ] } },
{ "type": "Feature", "properties": { "rand_point_id": 4436 }, "geometry": { "type": "Point", "coordinates": [ 13.338336, 47.43171 ] } },
{ "type": "Feature", "properties": { "rand_point_id": 4437 }, "geometry": { "type": "Point", "coordinates": [ 13.7058, 47.091447 ] } },
{ "type": "Feature", "properties": { "rand_point_id": 4438 }, "geometry": { "type": "Point", "coordinates": [ 14.406462, 47.01028 ] } },
{ "type": "Feature", "properties": { "rand_point_id": 4439 }, "geometry": { "type": "Point", "coordinates": [ 12.519015, 47.070014 ] } },
{ "type": "Feature", "properties": { "rand_point_id": 4440 }, "geometry": { "type": "Point", "coordinates": [ 11.298994, 47.321477 ] } },
{ "type": "Feature", "properties": { "rand_point_id": 4441 }, "geometry": { "type": "Point", "coordinates": [ 16.076433, 47.153009 ] } },
{ "type": "Feature", "properties": { "rand_point_id": 4442 }, "geometry": { "type": "Point", "coordinates": [ 10.307442, 47.224437 ] } },
{ "type": "Feature", "properties": { "rand_point_id": 4443 }, "geometry": { "type": "Point", "coordinates": [ 14.25729, 48.481569 ] } },
{ "type": "Feature", "properties": { "rand_point_id": 4444 }, "geometry": { "type": "Point", "coordinates": [ 13.821242, 48.291597 ] } },
{ "type": "Feature", "properties": { "rand_point_id": 4445 }, "geometry": { "type": "Point", "coordinates": [ 12.944429, 46.617599 ] } },
{ "type": "Feature", "properties": { "rand_point_id": 4446 }, "geometry": { "type": "Point", "coordinates": [ 13.638691, 46.763085 ] } },
{ "type": "Feature", "properties": { "rand_point_id": 4447 }, "geometry": { "type": "Point", "coordinates": [ 12.247444, 47.497058 ] } },
{ "type": "Feature", "properties": { "rand_point_id": 4448 }, "geometry": { "type": "Point", "coordinates": [ 14.375706, 48.410871 ] } },
{ "type": "Feature", "properties": { "rand_point_id": 4449 }, "geometry": { "type": "Point", "coordinates": [ 14.274391, 47.168937 ] } },
{ "type": "Feature", "properties": { "rand_point_id": 4450 }, "geometry": { "type": "Point", "coordinates": [ 16.265698, 47.887501 ] } },
{ "type": "Feature", "properties": { "rand_point_id": 4451 }, "geometry": { "type": "Point", "coordinates": [ 15.532915, 48.3457 ] } },
{ "type": "Feature", "properties": { "rand_point_id": 4452 }, "geometry": { "type": "Point", "coordinates": [ 14.296615, 47.59982 ] } },
{ "type": "Feature", "properties": { "rand_point_id": 4453 }, "geometry": { "type": "Point", "coordinates": [ 16.361559, 48.40562 ] } },
{ "type": "Feature", "properties": { "rand_point_id": 4454 }, "geometry": { "type": "Point", "coordinates": [ 14.369382, 46.534531 ] } },
{ "type": "Feature", "properties": { "rand_point_id": 4455 }, "geometry": { "type": "Point", "coordinates": [ 16.717164, 47.765083 ] } },
{ "type": "Feature", "properties": { "rand_point_id": 4456 }, "geometry": { "type": "Point", "coordinates": [ 15.832793, 46.926627 ] } },
{ "type": "Feature", "properties": { "rand_point_id": 4457 }, "geometry": { "type": "Point", "coordinates": [ 14.658938, 47.043004 ] } },
{ "type": "Feature", "properties": { "rand_point_id": 4458 }, "geometry": { "type": "Point", "coordinates": [ 14.450858, 47.30687 ] } },
{ "type": "Feature", "properties": { "rand_point_id": 4459 }, "geometry": { "type": "Point", "coordinates": [ 16.482391, 47.831203 ] } },
{ "type": "Feature", "properties": { "rand_point_id": 4460 }, "geometry": { "type": "Point", "coordinates": [ 12.589874, 47.390768 ] } },
{ "type": "Feature", "properties": { "rand_point_id": 4461 }, "geometry": { "type": "Point", "coordinates": [ 13.598172, 48.197243 ] } },
{ "type": "Feature", "properties": { "rand_point_id": 4462 }, "geometry": { "type": "Point", "coordinates": [ 12.33672, 47.490133 ] } },
{ "type": "Feature", "properties": { "rand_point_id": 4463 }, "geometry": { "type": "Point", "coordinates": [ 9.773041, 47.264057 ] } },
{ "type": "Feature", "properties": { "rand_point_id": 4464 }, "geometry": { "type": "Point", "coordinates": [ 10.479727, 47.488783 ] } },
{ "type": "Feature", "properties": { "rand_point_id": 4465 }, "geometry": { "type": "Point", "coordinates": [ 13.768136, 47.360506 ] } },
{ "type": "Feature", "properties": { "rand_point_id": 4466 }, "geometry": { "type": "Point", "coordinates": [ 15.631101, 47.228122 ] } },
{ "type": "Feature", "properties": { "rand_point_id": 4467 }, "geometry": { "type": "Point", "coordinates": [ 15.185467, 48.375603 ] } },
{ "type": "Feature", "properties": { "rand_point_id": 4468 }, "geometry": { "type": "Point", "coordinates": [ 14.747782, 47.096105 ] } },
{ "type": "Feature", "properties": { "rand_point_id": 4469 }, "geometry": { "type": "Point", "coordinates": [ 11.38466, 47.208528 ] } },
{ "type": "Feature", "properties": { "rand_point_id": 4470 }, "geometry": { "type": "Point", "coordinates": [ 11.66635, 47.256995 ] } },
{ "type": "Feature", "properties": { "rand_point_id": 4471 }, "geometry": { "type": "Point", "coordinates": [ 9.960668, 47.104366 ] } },
{ "type": "Feature", "properties": { "rand_point_id": 4472 }, "geometry": { "type": "Point", "coordinates": [ 16.568685, 48.534589 ] } },
{ "type": "Feature", "properties": { "rand_point_id": 4473 }, "geometry": { "type": "Point", "coordinates": [ 15.660162, 48.154854 ] } },
{ "type": "Feature", "properties": { "rand_point_id": 4474 }, "geometry": { "type": "Point", "coordinates": [ 12.488857, 47.148274 ] } },
{ "type": "Feature", "properties": { "rand_point_id": 4475 }, "geometry": { "type": "Point", "coordinates": [ 16.927318, 48.594494 ] } },
{ "type": "Feature", "properties": { "rand_point_id": 4476 }, "geometry": { "type": "Point", "coordinates": [ 14.313886, 48.509149 ] } },
{ "type": "Feature", "properties": { "rand_point_id": 4477 }, "geometry": { "type": "Point", "coordinates": [ 13.80703, 48.083206 ] } },
{ "type": "Feature", "properties": { "rand_point_id": 4478 }, "geometry": { "type": "Point", "coordinates": [ 13.926449, 48.336537 ] } },
{ "type": "Feature", "properties": { "rand_point_id": 4479 }, "geometry": { "type": "Point", "coordinates": [ 16.179672, 47.973434 ] } },
{ "type": "Feature", "properties": { "rand_point_id": 4480 }, "geometry": { "type": "Point", "coordinates": [ 15.233874, 48.44511 ] } },
{ "type": "Feature", "properties": { "rand_point_id": 4481 }, "geometry": { "type": "Point", "coordinates": [ 13.237272, 47.069918 ] } },
{ "type": "Feature", "properties": { "rand_point_id": 4482 }, "geometry": { "type": "Point", "coordinates": [ 16.425634, 47.089078 ] } },
{ "type": "Feature", "properties": { "rand_point_id": 4483 }, "geometry": { "type": "Point", "coordinates": [ 11.257055, 46.974646 ] } },
{ "type": "Feature", "properties": { "rand_point_id": 4484 }, "geometry": { "type": "Point", "coordinates": [ 14.783652, 48.126512 ] } },
{ "type": "Feature", "properties": { "rand_point_id": 4485 }, "geometry": { "type": "Point", "coordinates": [ 14.594668, 48.019084 ] } },
{ "type": "Feature", "properties": { "rand_point_id": 4486 }, "geometry": { "type": "Point", "coordinates": [ 15.208734, 47.625153 ] } },
{ "type": "Feature", "properties": { "rand_point_id": 4487 }, "geometry": { "type": "Point", "coordinates": [ 14.047105, 47.440204 ] } },
{ "type": "Feature", "properties": { "rand_point_id": 4488 }, "geometry": { "type": "Point", "coordinates": [ 15.769943, 48.133503 ] } },
{ "type": "Feature", "properties": { "rand_point_id": 4489 }, "geometry": { "type": "Point", "coordinates": [ 10.551775, 47.27014 ] } },
{ "type": "Feature", "properties": { "rand_point_id": 4490 }, "geometry": { "type": "Point", "coordinates": [ 14.301465, 48.490929 ] } },
{ "type": "Feature", "properties": { "rand_point_id": 4491 }, "geometry": { "type": "Point", "coordinates": [ 15.885363, 48.014434 ] } },
{ "type": "Feature", "properties": { "rand_point_id": 4492 }, "geometry": { "type": "Point", "coordinates": [ 16.311191, 47.439913 ] } },
{ "type": "Feature", "properties": { "rand_point_id": 4493 }, "geometry": { "type": "Point", "coordinates": [ 16.550175, 48.713808 ] } },
{ "type": "Feature", "properties": { "rand_point_id": 4494 }, "geometry": { "type": "Point", "coordinates": [ 10.526909, 47.467811 ] } },
{ "type": "Feature", "properties": { "rand_point_id": 4495 }, "geometry": { "type": "Point", "coordinates": [ 14.75426, 47.982328 ] } },
{ "type": "Feature", "properties": { "rand_point_id": 4496 }, "geometry": { "type": "Point", "coordinates": [ 13.903666, 47.2905 ] } },
{ "type": "Feature", "properties": { "rand_point_id": 4497 }, "geometry": { "type": "Point", "coordinates": [ 11.4209, 47.163833 ] } },
{ "type": "Feature", "properties": { "rand_point_id": 4498 }, "geometry": { "type": "Point", "coordinates": [ 15.0322, 48.922279 ] } },
{ "type": "Feature", "properties": { "rand_point_id": 4499 }, "geometry": { "type": "Point", "coordinates": [ 16.643833, 47.551567 ] } },
{ "type": "Feature", "properties": { "rand_point_id": 4500 }, "geometry": { "type": "Point", "coordinates": [ 13.581516, 47.30658 ] } },
{ "type": "Feature", "properties": { "rand_point_id": 4501 }, "geometry": { "type": "Point", "coordinates": [ 13.508453, 46.871203 ] } },
{ "type": "Feature", "properties": { "rand_point_id": 4502 }, "geometry": { "type": "Point", "coordinates": [ 12.28663, 47.101648 ] } },
{ "type": "Feature", "properties": { "rand_point_id": 4503 }, "geometry": { "type": "Point", "coordinates": [ 14.097241, 47.427115 ] } },
{ "type": "Feature", "properties": { "rand_point_id": 4504 }, "geometry": { "type": "Point", "coordinates": [ 14.818822, 46.719702 ] } },
{ "type": "Feature", "properties": { "rand_point_id": 4505 }, "geometry": { "type": "Point", "coordinates": [ 15.329303, 48.372363 ] } },
{ "type": "Feature", "properties": { "rand_point_id": 4506 }, "geometry": { "type": "Point", "coordinates": [ 15.827619, 48.266231 ] } },
{ "type": "Feature", "properties": { "rand_point_id": 4507 }, "geometry": { "type": "Point", "coordinates": [ 16.866642, 47.932278 ] } },
{ "type": "Feature", "properties": { "rand_point_id": 4508 }, "geometry": { "type": "Point", "coordinates": [ 10.992911, 47.06926 ] } },
{ "type": "Feature", "properties": { "rand_point_id": 4509 }, "geometry": { "type": "Point", "coordinates": [ 12.314438, 46.839001 ] } },
{ "type": "Feature", "properties": { "rand_point_id": 4510 }, "geometry": { "type": "Point", "coordinates": [ 13.19425, 46.649208 ] } },
{ "type": "Feature", "properties": { "rand_point_id": 4511 }, "geometry": { "type": "Point", "coordinates": [ 12.847672, 47.14259 ] } },
{ "type": "Feature", "properties": { "rand_point_id": 4512 }, "geometry": { "type": "Point", "coordinates": [ 16.256602, 48.642099 ] } },
{ "type": "Feature", "properties": { "rand_point_id": 4513 }, "geometry": { "type": "Point", "coordinates": [ 13.252498, 47.011962 ] } },
{ "type": "Feature", "properties": { "rand_point_id": 4514 }, "geometry": { "type": "Point", "coordinates": [ 14.150505, 46.991528 ] } },
{ "type": "Feature", "properties": { "rand_point_id": 4515 }, "geometry": { "type": "Point", "coordinates": [ 15.120196, 46.753677 ] } },
{ "type": "Feature", "properties": { "rand_point_id": 4516 }, "geometry": { "type": "Point", "coordinates": [ 15.311913, 47.186638 ] } },
{ "type": "Feature", "properties": { "rand_point_id": 4517 }, "geometry": { "type": "Point", "coordinates": [ 15.073817, 48.497849 ] } },
{ "type": "Feature", "properties": { "rand_point_id": 4518 }, "geometry": { "type": "Point", "coordinates": [ 15.585743, 47.787863 ] } },
{ "type": "Feature", "properties": { "rand_point_id": 4519 }, "geometry": { "type": "Point", "coordinates": [ 15.505141, 48.033909 ] } },
{ "type": "Feature", "properties": { "rand_point_id": 4520 }, "geometry": { "type": "Point", "coordinates": [ 11.666718, 47.331994 ] } },
{ "type": "Feature", "properties": { "rand_point_id": 4521 }, "geometry": { "type": "Point", "coordinates": [ 13.703827, 47.751653 ] } },
{ "type": "Feature", "properties": { "rand_point_id": 4522 }, "geometry": { "type": "Point", "coordinates": [ 12.81002, 46.660109 ] } },
{ "type": "Feature", "properties": { "rand_point_id": 4523 }, "geometry": { "type": "Point", "coordinates": [ 14.184054, 48.147916 ] } },
{ "type": "Feature", "properties": { "rand_point_id": 4524 }, "geometry": { "type": "Point", "coordinates": [ 14.975638, 46.955136 ] } },
{ "type": "Feature", "properties": { "rand_point_id": 4525 }, "geometry": { "type": "Point", "coordinates": [ 14.328903, 47.57463 ] } },
{ "type": "Feature", "properties": { "rand_point_id": 4526 }, "geometry": { "type": "Point", "coordinates": [ 12.489976, 47.205807 ] } },
{ "type": "Feature", "properties": { "rand_point_id": 4527 }, "geometry": { "type": "Point", "coordinates": [ 16.16685, 48.012003 ] } },
{ "type": "Feature", "properties": { "rand_point_id": 4528 }, "geometry": { "type": "Point", "coordinates": [ 14.399213, 46.657163 ] } },
{ "type": "Feature", "properties": { "rand_point_id": 4529 }, "geometry": { "type": "Point", "coordinates": [ 13.681676, 47.038734 ] } },
{ "type": "Feature", "properties": { "rand_point_id": 4530 }, "geometry": { "type": "Point", "coordinates": [ 15.919918, 48.339967 ] } },
{ "type": "Feature", "properties": { "rand_point_id": 4531 }, "geometry": { "type": "Point", "coordinates": [ 15.606779, 47.044594 ] } },
{ "type": "Feature", "properties": { "rand_point_id": 4532 }, "geometry": { "type": "Point", "coordinates": [ 16.31478, 47.27449 ] } },
{ "type": "Feature", "properties": { "rand_point_id": 4533 }, "geometry": { "type": "Point", "coordinates": [ 13.850734, 46.645477 ] } },
{ "type": "Feature", "properties": { "rand_point_id": 4534 }, "geometry": { "type": "Point", "coordinates": [ 15.614917, 47.545402 ] } },
{ "type": "Feature", "properties": { "rand_point_id": 4535 }, "geometry": { "type": "Point", "coordinates": [ 10.252605, 46.931811 ] } },
{ "type": "Feature", "properties": { "rand_point_id": 4536 }, "geometry": { "type": "Point", "coordinates": [ 16.921691, 48.269881 ] } },
{ "type": "Feature", "properties": { "rand_point_id": 4537 }, "geometry": { "type": "Point", "coordinates": [ 15.257387, 47.343991 ] } },
{ "type": "Feature", "properties": { "rand_point_id": 4538 }, "geometry": { "type": "Point", "coordinates": [ 13.633513, 48.51851 ] } },
{ "type": "Feature", "properties": { "rand_point_id": 4539 }, "geometry": { "type": "Point", "coordinates": [ 10.366267, 47.236986 ] } },
{ "type": "Feature", "properties": { "rand_point_id": 4540 }, "geometry": { "type": "Point", "coordinates": [ 16.219639, 48.358714 ] } },
{ "type": "Feature", "properties": { "rand_point_id": 4541 }, "geometry": { "type": "Point", "coordinates": [ 15.966036, 48.088243 ] } },
{ "type": "Feature", "properties": { "rand_point_id": 4542 }, "geometry": { "type": "Point", "coordinates": [ 13.672528, 46.958894 ] } },
{ "type": "Feature", "properties": { "rand_point_id": 4543 }, "geometry": { "type": "Point", "coordinates": [ 16.554541, 48.007146 ] } },
{ "type": "Feature", "properties": { "rand_point_id": 4544 }, "geometry": { "type": "Point", "coordinates": [ 14.161244, 47.505576 ] } },
{ "type": "Feature", "properties": { "rand_point_id": 4545 }, "geometry": { "type": "Point", "coordinates": [ 15.832632, 47.878441 ] } },
{ "type": "Feature", "properties": { "rand_point_id": 4546 }, "geometry": { "type": "Point", "coordinates": [ 9.565766, 47.284596 ] } },
{ "type": "Feature", "properties": { "rand_point_id": 4547 }, "geometry": { "type": "Point", "coordinates": [ 16.198095, 48.739033 ] } },
{ "type": "Feature", "properties": { "rand_point_id": 4548 }, "geometry": { "type": "Point", "coordinates": [ 14.919172, 47.709816 ] } },
{ "type": "Feature", "properties": { "rand_point_id": 4549 }, "geometry": { "type": "Point", "coordinates": [ 13.563284, 46.95098 ] } },
{ "type": "Feature", "properties": { "rand_point_id": 4550 }, "geometry": { "type": "Point", "coordinates": [ 14.947424, 48.472205 ] } },
{ "type": "Feature", "properties": { "rand_point_id": 4551 }, "geometry": { "type": "Point", "coordinates": [ 15.953907, 48.141744 ] } },
{ "type": "Feature", "properties": { "rand_point_id": 4552 }, "geometry": { "type": "Point", "coordinates": [ 15.27709, 47.94602 ] } },
{ "type": "Feature", "properties": { "rand_point_id": 4553 }, "geometry": { "type": "Point", "coordinates": [ 12.74596, 47.358041 ] } },
{ "type": "Feature", "properties": { "rand_point_id": 4554 }, "geometry": { "type": "Point", "coordinates": [ 13.983853, 48.34148 ] } },
{ "type": "Feature", "properties": { "rand_point_id": 4555 }, "geometry": { "type": "Point", "coordinates": [ 16.380141, 47.0787 ] } },
{ "type": "Feature", "properties": { "rand_point_id": 4556 }, "geometry": { "type": "Point", "coordinates": [ 15.17078, 46.700731 ] } },
{ "type": "Feature", "properties": { "rand_point_id": 4557 }, "geometry": { "type": "Point", "coordinates": [ 11.118173, 47.00068 ] } },
{ "type": "Feature", "properties": { "rand_point_id": 4558 }, "geometry": { "type": "Point", "coordinates": [ 14.773127, 48.449609 ] } },
{ "type": "Feature", "properties": { "rand_point_id": 4559 }, "geometry": { "type": "Point", "coordinates": [ 15.980161, 47.418982 ] } },
{ "type": "Feature", "properties": { "rand_point_id": 4560 }, "geometry": { "type": "Point", "coordinates": [ 9.583566, 47.485902 ] } },
{ "type": "Feature", "properties": { "rand_point_id": 4561 }, "geometry": { "type": "Point", "coordinates": [ 13.267967, 47.219899 ] } },
{ "type": "Feature", "properties": { "rand_point_id": 4562 }, "geometry": { "type": "Point", "coordinates": [ 13.216418, 48.089741 ] } },
{ "type": "Feature", "properties": { "rand_point_id": 4563 }, "geometry": { "type": "Point", "coordinates": [ 16.322781, 48.291184 ] } },
{ "type": "Feature", "properties": { "rand_point_id": 4564 }, "geometry": { "type": "Point", "coordinates": [ 13.471164, 47.716085 ] } },
{ "type": "Feature", "properties": { "rand_point_id": 4565 }, "geometry": { "type": "Point", "coordinates": [ 16.907556, 48.519291 ] } },
{ "type": "Feature", "properties": { "rand_point_id": 4566 }, "geometry": { "type": "Point", "coordinates": [ 14.751743, 48.250599 ] } },
{ "type": "Feature", "properties": { "rand_point_id": 4567 }, "geometry": { "type": "Point", "coordinates": [ 13.920358, 47.725094 ] } },
{ "type": "Feature", "properties": { "rand_point_id": 4568 }, "geometry": { "type": "Point", "coordinates": [ 12.42753, 46.785323 ] } },
{ "type": "Feature", "properties": { "rand_point_id": 4569 }, "geometry": { "type": "Point", "coordinates": [ 13.746659, 47.745358 ] } },
{ "type": "Feature", "properties": { "rand_point_id": 4570 }, "geometry": { "type": "Point", "coordinates": [ 16.494845, 47.555134 ] } },
{ "type": "Feature", "properties": { "rand_point_id": 4571 }, "geometry": { "type": "Point", "coordinates": [ 11.903266, 47.201624 ] } },
{ "type": "Feature", "properties": { "rand_point_id": 4572 }, "geometry": { "type": "Point", "coordinates": [ 16.049447, 47.837405 ] } },
{ "type": "Feature", "properties": { "rand_point_id": 4573 }, "geometry": { "type": "Point", "coordinates": [ 17.046545, 47.770942 ] } },
{ "type": "Feature", "properties": { "rand_point_id": 4574 }, "geometry": { "type": "Point", "coordinates": [ 14.453567, 47.863918 ] } },
{ "type": "Feature", "properties": { "rand_point_id": 4575 }, "geometry": { "type": "Point", "coordinates": [ 11.188368, 47.09985 ] } },
{ "type": "Feature", "properties": { "rand_point_id": 4576 }, "geometry": { "type": "Point", "coordinates": [ 14.537922, 46.894592 ] } },
{ "type": "Feature", "properties": { "rand_point_id": 4577 }, "geometry": { "type": "Point", "coordinates": [ 12.264187, 47.244075 ] } },
{ "type": "Feature", "properties": { "rand_point_id": 4578 }, "geometry": { "type": "Point", "coordinates": [ 15.375064, 47.99497 ] } },
{ "type": "Feature", "properties": { "rand_point_id": 4579 }, "geometry": { "type": "Point", "coordinates": [ 13.433662, 48.099458 ] } },
{ "type": "Feature", "properties": { "rand_point_id": 4580 }, "geometry": { "type": "Point", "coordinates": [ 14.62378, 47.778247 ] } },
{ "type": "Feature", "properties": { "rand_point_id": 4581 }, "geometry": { "type": "Point", "coordinates": [ 16.822835, 48.007577 ] } },
{ "type": "Feature", "properties": { "rand_point_id": 4582 }, "geometry": { "type": "Point", "coordinates": [ 16.100409, 46.916444 ] } },
{ "type": "Feature", "properties": { "rand_point_id": 4583 }, "geometry": { "type": "Point", "coordinates": [ 15.218667, 48.24274 ] } },
{ "type": "Feature", "properties": { "rand_point_id": 4584 }, "geometry": { "type": "Point", "coordinates": [ 11.593732, 47.314864 ] } },
{ "type": "Feature", "properties": { "rand_point_id": 4585 }, "geometry": { "type": "Point", "coordinates": [ 13.262739, 46.915395 ] } },
{ "type": "Feature", "properties": { "rand_point_id": 4586 }, "geometry": { "type": "Point", "coordinates": [ 14.392951, 47.857796 ] } },
{ "type": "Feature", "properties": { "rand_point_id": 4587 }, "geometry": { "type": "Point", "coordinates": [ 15.542426, 46.870699 ] } },
{ "type": "Feature", "properties": { "rand_point_id": 4588 }, "geometry": { "type": "Point", "coordinates": [ 14.223396, 47.798309 ] } },
{ "type": "Feature", "properties": { "rand_point_id": 4589 }, "geometry": { "type": "Point", "coordinates": [ 13.58005, 47.53377 ] } },
{ "type": "Feature", "properties": { "rand_point_id": 4590 }, "geometry": { "type": "Point", "coordinates": [ 11.819687, 46.9951 ] } },
{ "type": "Feature", "properties": { "rand_point_id": 4591 }, "geometry": { "type": "Point", "coordinates": [ 12.847004, 46.872038 ] } },
{ "type": "Feature", "properties": { "rand_point_id": 4592 }, "geometry": { "type": "Point", "coordinates": [ 13.317182, 46.921935 ] } },
{ "type": "Feature", "properties": { "rand_point_id": 4593 }, "geometry": { "type": "Point", "coordinates": [ 15.605667, 48.005426 ] } },
{ "type": "Feature", "properties": { "rand_point_id": 4594 }, "geometry": { "type": "Point", "coordinates": [ 11.125314, 47.108032 ] } },
{ "type": "Feature", "properties": { "rand_point_id": 4595 }, "geometry": { "type": "Point", "coordinates": [ 13.705005, 47.301636 ] } },
{ "type": "Feature", "properties": { "rand_point_id": 4596 }, "geometry": { "type": "Point", "coordinates": [ 15.22588, 48.692259 ] } },
{ "type": "Feature", "properties": { "rand_point_id": 4597 }, "geometry": { "type": "Point", "coordinates": [ 15.16595, 48.104573 ] } },
{ "type": "Feature", "properties": { "rand_point_id": 4598 }, "geometry": { "type": "Point", "coordinates": [ 14.310312, 47.215303 ] } },
{ "type": "Feature", "properties": { "rand_point_id": 4599 }, "geometry": { "type": "Point", "coordinates": [ 13.901084, 46.553488 ] } },
{ "type": "Feature", "properties": { "rand_point_id": 4600 }, "geometry": { "type": "Point", "coordinates": [ 16.748505, 47.971139 ] } },
{ "type": "Feature", "properties": { "rand_point_id": 4601 }, "geometry": { "type": "Point", "coordinates": [ 12.867929, 46.945927 ] } },
{ "type": "Feature", "properties": { "rand_point_id": 4602 }, "geometry": { "type": "Point", "coordinates": [ 12.278654, 46.889971 ] } },
{ "type": "Feature", "properties": { "rand_point_id": 4603 }, "geometry": { "type": "Point", "coordinates": [ 11.881437, 47.056126 ] } },
{ "type": "Feature", "properties": { "rand_point_id": 4604 }, "geometry": { "type": "Point", "coordinates": [ 10.091651, 47.364118 ] } },
{ "type": "Feature", "properties": { "rand_point_id": 4605 }, "geometry": { "type": "Point", "coordinates": [ 15.801372, 47.632206 ] } },
{ "type": "Feature", "properties": { "rand_point_id": 4606 }, "geometry": { "type": "Point", "coordinates": [ 13.099124, 46.827541 ] } },
{ "type": "Feature", "properties": { "rand_point_id": 4607 }, "geometry": { "type": "Point", "coordinates": [ 15.174242, 48.739792 ] } },
{ "type": "Feature", "properties": { "rand_point_id": 4608 }, "geometry": { "type": "Point", "coordinates": [ 10.940545, 46.915265 ] } },
{ "type": "Feature", "properties": { "rand_point_id": 4609 }, "geometry": { "type": "Point", "coordinates": [ 15.788207, 48.061856 ] } },
{ "type": "Feature", "properties": { "rand_point_id": 4610 }, "geometry": { "type": "Point", "coordinates": [ 16.687675, 48.149092 ] } },
{ "type": "Feature", "properties": { "rand_point_id": 4611 }, "geometry": { "type": "Point", "coordinates": [ 13.354038, 47.210972 ] } },
{ "type": "Feature", "properties": { "rand_point_id": 4612 }, "geometry": { "type": "Point", "coordinates": [ 11.505765, 47.09594 ] } },
{ "type": "Feature", "properties": { "rand_point_id": 4613 }, "geometry": { "type": "Point", "coordinates": [ 15.781601, 47.944221 ] } },
{ "type": "Feature", "properties": { "rand_point_id": 4614 }, "geometry": { "type": "Point", "coordinates": [ 15.904466, 48.611893 ] } },
{ "type": "Feature", "properties": { "rand_point_id": 4615 }, "geometry": { "type": "Point", "coordinates": [ 13.691375, 47.374643 ] } },
{ "type": "Feature", "properties": { "rand_point_id": 4616 }, "geometry": { "type": "Point", "coordinates": [ 15.251138, 48.23389 ] } },
{ "type": "Feature", "properties": { "rand_point_id": 4617 }, "geometry": { "type": "Point", "coordinates": [ 14.267154, 47.59883 ] } },
{ "type": "Feature", "properties": { "rand_point_id": 4618 }, "geometry": { "type": "Point", "coordinates": [ 15.035333, 48.543322 ] } },
{ "type": "Feature", "properties": { "rand_point_id": 4619 }, "geometry": { "type": "Point", "coordinates": [ 16.607995, 48.554272 ] } },
{ "type": "Feature", "properties": { "rand_point_id": 4620 }, "geometry": { "type": "Point", "coordinates": [ 9.73316, 47.499456 ] } },
{ "type": "Feature", "properties": { "rand_point_id": 4621 }, "geometry": { "type": "Point", "coordinates": [ 10.968318, 47.232319 ] } },
{ "type": "Feature", "properties": { "rand_point_id": 4622 }, "geometry": { "type": "Point", "coordinates": [ 15.152969, 47.688374 ] } },
{ "type": "Feature", "properties": { "rand_point_id": 4623 }, "geometry": { "type": "Point", "coordinates": [ 12.266795, 47.639289 ] } },
{ "type": "Feature", "properties": { "rand_point_id": 4624 }, "geometry": { "type": "Point", "coordinates": [ 15.450239, 47.694365 ] } },
{ "type": "Feature", "properties": { "rand_point_id": 4625 }, "geometry": { "type": "Point", "coordinates": [ 13.742236, 46.945891 ] } },
{ "type": "Feature", "properties": { "rand_point_id": 4626 }, "geometry": { "type": "Point", "coordinates": [ 13.03301, 46.953391 ] } },
{ "type": "Feature", "properties": { "rand_point_id": 4627 }, "geometry": { "type": "Point", "coordinates": [ 10.878491, 47.20242 ] } },
{ "type": "Feature", "properties": { "rand_point_id": 4628 }, "geometry": { "type": "Point", "coordinates": [ 10.136774, 47.27213 ] } },
{ "type": "Feature", "properties": { "rand_point_id": 4629 }, "geometry": { "type": "Point", "coordinates": [ 10.55767, 47.495624 ] } },
{ "type": "Feature", "properties": { "rand_point_id": 4630 }, "geometry": { "type": "Point", "coordinates": [ 12.080008, 47.53843 ] } },
{ "type": "Feature", "properties": { "rand_point_id": 4631 }, "geometry": { "type": "Point", "coordinates": [ 11.533859, 47.228256 ] } },
{ "type": "Feature", "properties": { "rand_point_id": 4632 }, "geometry": { "type": "Point", "coordinates": [ 15.443644, 46.98988 ] } },
{ "type": "Feature", "properties": { "rand_point_id": 4633 }, "geometry": { "type": "Point", "coordinates": [ 16.152739, 47.898637 ] } },
{ "type": "Feature", "properties": { "rand_point_id": 4634 }, "geometry": { "type": "Point", "coordinates": [ 15.931441, 47.829579 ] } },
{ "type": "Feature", "properties": { "rand_point_id": 4635 }, "geometry": { "type": "Point", "coordinates": [ 11.52255, 47.483739 ] } },
{ "type": "Feature", "properties": { "rand_point_id": 4636 }, "geometry": { "type": "Point", "coordinates": [ 15.220958, 47.742145 ] } },
{ "type": "Feature", "properties": { "rand_point_id": 4637 }, "geometry": { "type": "Point", "coordinates": [ 15.603569, 48.293357 ] } },
{ "type": "Feature", "properties": { "rand_point_id": 4638 }, "geometry": { "type": "Point", "coordinates": [ 16.394327, 47.848403 ] } },
{ "type": "Feature", "properties": { "rand_point_id": 4639 }, "geometry": { "type": "Point", "coordinates": [ 15.216077, 46.742013 ] } },
{ "type": "Feature", "properties": { "rand_point_id": 4640 }, "geometry": { "type": "Point", "coordinates": [ 9.958924, 47.504365 ] } },
{ "type": "Feature", "properties": { "rand_point_id": 4641 }, "geometry": { "type": "Point", "coordinates": [ 13.602499, 47.255652 ] } },
{ "type": "Feature", "properties": { "rand_point_id": 4642 }, "geometry": { "type": "Point", "coordinates": [ 13.267507, 46.655317 ] } },
{ "type": "Feature", "properties": { "rand_point_id": 4643 }, "geometry": { "type": "Point", "coordinates": [ 15.380325, 47.504597 ] } },
{ "type": "Feature", "properties": { "rand_point_id": 4644 }, "geometry": { "type": "Point", "coordinates": [ 14.187964, 48.462601 ] } },
{ "type": "Feature", "properties": { "rand_point_id": 4645 }, "geometry": { "type": "Point", "coordinates": [ 12.563246, 46.903412 ] } },
{ "type": "Feature", "properties": { "rand_point_id": 4646 }, "geometry": { "type": "Point", "coordinates": [ 14.673175, 47.004807 ] } },
{ "type": "Feature", "properties": { "rand_point_id": 4647 }, "geometry": { "type": "Point", "coordinates": [ 15.77614, 48.580903 ] } },
{ "type": "Feature", "properties": { "rand_point_id": 4648 }, "geometry": { "type": "Point", "coordinates": [ 13.62544, 48.381915 ] } },
{ "type": "Feature", "properties": { "rand_point_id": 4649 }, "geometry": { "type": "Point", "coordinates": [ 15.053248, 48.01164 ] } },
{ "type": "Feature", "properties": { "rand_point_id": 4650 }, "geometry": { "type": "Point", "coordinates": [ 9.799911, 47.39956 ] } },
{ "type": "Feature", "properties": { "rand_point_id": 4651 }, "geometry": { "type": "Point", "coordinates": [ 15.203085, 48.057821 ] } },
{ "type": "Feature", "properties": { "rand_point_id": 4652 }, "geometry": { "type": "Point", "coordinates": [ 14.201131, 48.571014 ] } },
{ "type": "Feature", "properties": { "rand_point_id": 4653 }, "geometry": { "type": "Point", "coordinates": [ 13.89914, 48.171076 ] } },
{ "type": "Feature", "properties": { "rand_point_id": 4654 }, "geometry": { "type": "Point", "coordinates": [ 16.257953, 48.063261 ] } },
{ "type": "Feature", "properties": { "rand_point_id": 4655 }, "geometry": { "type": "Point", "coordinates": [ 15.176741, 48.429674 ] } },
{ "type": "Feature", "properties": { "rand_point_id": 4656 }, "geometry": { "type": "Point", "coordinates": [ 14.372219, 47.934589 ] } },
{ "type": "Feature", "properties": { "rand_point_id": 4657 }, "geometry": { "type": "Point", "coordinates": [ 12.905671, 47.035412 ] } },
{ "type": "Feature", "properties": { "rand_point_id": 4658 }, "geometry": { "type": "Point", "coordinates": [ 14.724763, 46.815885 ] } },
{ "type": "Feature", "properties": { "rand_point_id": 4659 }, "geometry": { "type": "Point", "coordinates": [ 12.098682, 47.293048 ] } },
{ "type": "Feature", "properties": { "rand_point_id": 4660 }, "geometry": { "type": "Point", "coordinates": [ 15.299683, 48.134378 ] } },
{ "type": "Feature", "properties": { "rand_point_id": 4661 }, "geometry": { "type": "Point", "coordinates": [ 16.916567, 48.585487 ] } },
{ "type": "Feature", "properties": { "rand_point_id": 4662 }, "geometry": { "type": "Point", "coordinates": [ 15.129995, 47.498867 ] } },
{ "type": "Feature", "properties": { "rand_point_id": 4663 }, "geometry": { "type": "Point", "coordinates": [ 15.209214, 47.871091 ] } },
{ "type": "Feature", "properties": { "rand_point_id": 4664 }, "geometry": { "type": "Point", "coordinates": [ 12.637266, 47.048381 ] } },
{ "type": "Feature", "properties": { "rand_point_id": 4665 }, "geometry": { "type": "Point", "coordinates": [ 16.425615, 47.346279 ] } },
{ "type": "Feature", "properties": { "rand_point_id": 4666 }, "geometry": { "type": "Point", "coordinates": [ 14.083672, 48.023909 ] } },
{ "type": "Feature", "properties": { "rand_point_id": 4667 }, "geometry": { "type": "Point", "coordinates": [ 16.349239, 47.795391 ] } },
{ "type": "Feature", "properties": { "rand_point_id": 4668 }, "geometry": { "type": "Point", "coordinates": [ 14.487455, 47.589312 ] } },
{ "type": "Feature", "properties": { "rand_point_id": 4669 }, "geometry": { "type": "Point", "coordinates": [ 14.926307, 48.020087 ] } },
{ "type": "Feature", "properties": { "rand_point_id": 4670 }, "geometry": { "type": "Point", "coordinates": [ 15.286232, 47.972938 ] } },
{ "type": "Feature", "properties": { "rand_point_id": 4671 }, "geometry": { "type": "Point", "coordinates": [ 16.563192, 48.578825 ] } },
{ "type": "Feature", "properties": { "rand_point_id": 4672 }, "geometry": { "type": "Point", "coordinates": [ 15.724919, 48.775929 ] } },
{ "type": "Feature", "properties": { "rand_point_id": 4673 }, "geometry": { "type": "Point", "coordinates": [ 14.681916, 48.357811 ] } },
{ "type": "Feature", "properties": { "rand_point_id": 4674 }, "geometry": { "type": "Point", "coordinates": [ 12.74236, 46.830512 ] } },
{ "type": "Feature", "properties": { "rand_point_id": 4675 }, "geometry": { "type": "Point", "coordinates": [ 16.449922, 48.629131 ] } },
{ "type": "Feature", "properties": { "rand_point_id": 4676 }, "geometry": { "type": "Point", "coordinates": [ 13.045397, 46.81564 ] } },
{ "type": "Feature", "properties": { "rand_point_id": 4677 }, "geometry": { "type": "Point", "coordinates": [ 16.919198, 48.560639 ] } },
{ "type": "Feature", "properties": { "rand_point_id": 4678 }, "geometry": { "type": "Point", "coordinates": [ 12.038737, 47.167958 ] } },
{ "type": "Feature", "properties": { "rand_point_id": 4679 }, "geometry": { "type": "Point", "coordinates": [ 15.996838, 46.970926 ] } },
{ "type": "Feature", "properties": { "rand_point_id": 4680 }, "geometry": { "type": "Point", "coordinates": [ 12.797378, 46.893348 ] } },
{ "type": "Feature", "properties": { "rand_point_id": 4681 }, "geometry": { "type": "Point", "coordinates": [ 15.816906, 47.109064 ] } },
{ "type": "Feature", "properties": { "rand_point_id": 4682 }, "geometry": { "type": "Point", "coordinates": [ 13.580707, 46.946571 ] } },
{ "type": "Feature", "properties": { "rand_point_id": 4683 }, "geometry": { "type": "Point", "coordinates": [ 14.202847, 46.99991 ] } },
{ "type": "Feature", "properties": { "rand_point_id": 4684 }, "geometry": { "type": "Point", "coordinates": [ 15.577099, 48.786183 ] } },
{ "type": "Feature", "properties": { "rand_point_id": 4685 }, "geometry": { "type": "Point", "coordinates": [ 15.781858, 48.784556 ] } },
{ "type": "Feature", "properties": { "rand_point_id": 4686 }, "geometry": { "type": "Point", "coordinates": [ 14.180584, 46.708312 ] } },
{ "type": "Feature", "properties": { "rand_point_id": 4687 }, "geometry": { "type": "Point", "coordinates": [ 16.035044, 47.99259 ] } },
{ "type": "Feature", "properties": { "rand_point_id": 4688 }, "geometry": { "type": "Point", "coordinates": [ 13.980711, 47.232661 ] } },
{ "type": "Feature", "properties": { "rand_point_id": 4689 }, "geometry": { "type": "Point", "coordinates": [ 14.742218, 46.675017 ] } },
{ "type": "Feature", "properties": { "rand_point_id": 4690 }, "geometry": { "type": "Point", "coordinates": [ 15.920322, 47.054 ] } },
{ "type": "Feature", "properties": { "rand_point_id": 4691 }, "geometry": { "type": "Point", "coordinates": [ 15.451424, 48.316785 ] } },
{ "type": "Feature", "properties": { "rand_point_id": 4692 }, "geometry": { "type": "Point", "coordinates": [ 15.451689, 48.126359 ] } },
{ "type": "Feature", "properties": { "rand_point_id": 4693 }, "geometry": { "type": "Point", "coordinates": [ 13.959543, 47.617081 ] } },
{ "type": "Feature", "properties": { "rand_point_id": 4694 }, "geometry": { "type": "Point", "coordinates": [ 14.31103, 47.431873 ] } },
{ "type": "Feature", "properties": { "rand_point_id": 4695 }, "geometry": { "type": "Point", "coordinates": [ 11.587514, 47.476655 ] } },
{ "type": "Feature", "properties": { "rand_point_id": 4696 }, "geometry": { "type": "Point", "coordinates": [ 15.143226, 48.389905 ] } },
{ "type": "Feature", "properties": { "rand_point_id": 4697 }, "geometry": { "type": "Point", "coordinates": [ 12.039815, 47.229582 ] } },
{ "type": "Feature", "properties": { "rand_point_id": 4698 }, "geometry": { "type": "Point", "coordinates": [ 15.969319, 47.404715 ] } },
{ "type": "Feature", "properties": { "rand_point_id": 4699 }, "geometry": { "type": "Point", "coordinates": [ 15.340436, 48.109733 ] } },
{ "type": "Feature", "properties": { "rand_point_id": 4700 }, "geometry": { "type": "Point", "coordinates": [ 12.293967, 46.799442 ] } },
{ "type": "Feature", "properties": { "rand_point_id": 4701 }, "geometry": { "type": "Point", "coordinates": [ 11.937466, 47.315434 ] } },
{ "type": "Feature", "properties": { "rand_point_id": 4702 }, "geometry": { "type": "Point", "coordinates": [ 14.86996, 47.819522 ] } },
{ "type": "Feature", "properties": { "rand_point_id": 4703 }, "geometry": { "type": "Point", "coordinates": [ 11.021586, 47.363202 ] } },
{ "type": "Feature", "properties": { "rand_point_id": 4704 }, "geometry": { "type": "Point", "coordinates": [ 13.579883, 47.548622 ] } },
{ "type": "Feature", "properties": { "rand_point_id": 4705 }, "geometry": { "type": "Point", "coordinates": [ 13.520614, 46.74985 ] } },
{ "type": "Feature", "properties": { "rand_point_id": 4706 }, "geometry": { "type": "Point", "coordinates": [ 15.665833, 47.533935 ] } },
{ "type": "Feature", "properties": { "rand_point_id": 4707 }, "geometry": { "type": "Point", "coordinates": [ 15.391265, 48.476015 ] } },
{ "type": "Feature", "properties": { "rand_point_id": 4708 }, "geometry": { "type": "Point", "coordinates": [ 13.278268, 47.587204 ] } },
{ "type": "Feature", "properties": { "rand_point_id": 4709 }, "geometry": { "type": "Point", "coordinates": [ 13.01178, 47.168521 ] } },
{ "type": "Feature", "properties": { "rand_point_id": 4710 }, "geometry": { "type": "Point", "coordinates": [ 15.915349, 47.891099 ] } },
{ "type": "Feature", "properties": { "rand_point_id": 4711 }, "geometry": { "type": "Point", "coordinates": [ 13.372588, 47.090349 ] } },
{ "type": "Feature", "properties": { "rand_point_id": 4712 }, "geometry": { "type": "Point", "coordinates": [ 10.5458, 47.46787 ] } },
{ "type": "Feature", "properties": { "rand_point_id": 4713 }, "geometry": { "type": "Point", "coordinates": [ 10.778363, 46.985271 ] } },
{ "type": "Feature", "properties": { "rand_point_id": 4714 }, "geometry": { "type": "Point", "coordinates": [ 16.188179, 48.175628 ] } },
{ "type": "Feature", "properties": { "rand_point_id": 4715 }, "geometry": { "type": "Point", "coordinates": [ 13.770183, 46.879936 ] } },
{ "type": "Feature", "properties": { "rand_point_id": 4716 }, "geometry": { "type": "Point", "coordinates": [ 15.534607, 47.668043 ] } },
{ "type": "Feature", "properties": { "rand_point_id": 4717 }, "geometry": { "type": "Point", "coordinates": [ 12.921859, 48.176086 ] } },
{ "type": "Feature", "properties": { "rand_point_id": 4718 }, "geometry": { "type": "Point", "coordinates": [ 13.655881, 47.069961 ] } },
{ "type": "Feature", "properties": { "rand_point_id": 4719 }, "geometry": { "type": "Point", "coordinates": [ 15.603906, 47.931142 ] } },
{ "type": "Feature", "properties": { "rand_point_id": 4720 }, "geometry": { "type": "Point", "coordinates": [ 13.973006, 47.811128 ] } },
{ "type": "Feature", "properties": { "rand_point_id": 4721 }, "geometry": { "type": "Point", "coordinates": [ 14.934177, 48.375989 ] } },
{ "type": "Feature", "properties": { "rand_point_id": 4722 }, "geometry": { "type": "Point", "coordinates": [ 13.55568, 47.179402 ] } },
{ "type": "Feature", "properties": { "rand_point_id": 4723 }, "geometry": { "type": "Point", "coordinates": [ 12.485163, 46.995078 ] } },
{ "type": "Feature", "properties": { "rand_point_id": 4724 }, "geometry": { "type": "Point", "coordinates": [ 13.587191, 46.870351 ] } },
{ "type": "Feature", "properties": { "rand_point_id": 4725 }, "geometry": { "type": "Point", "coordinates": [ 14.982194, 48.647373 ] } },
{ "type": "Feature", "properties": { "rand_point_id": 4726 }, "geometry": { "type": "Point", "coordinates": [ 14.069439, 48.043102 ] } },
{ "type": "Feature", "properties": { "rand_point_id": 4727 }, "geometry": { "type": "Point", "coordinates": [ 14.570714, 48.561145 ] } },
{ "type": "Feature", "properties": { "rand_point_id": 4728 }, "geometry": { "type": "Point", "coordinates": [ 12.956127, 48.042123 ] } },
{ "type": "Feature", "properties": { "rand_point_id": 4729 }, "geometry": { "type": "Point", "coordinates": [ 11.985738, 47.46097 ] } },
{ "type": "Feature", "properties": { "rand_point_id": 4730 }, "geometry": { "type": "Point", "coordinates": [ 13.72986, 48.235694 ] } },
{ "type": "Feature", "properties": { "rand_point_id": 4731 }, "geometry": { "type": "Point", "coordinates": [ 14.218609, 46.443418 ] } },
{ "type": "Feature", "properties": { "rand_point_id": 4732 }, "geometry": { "type": "Point", "coordinates": [ 15.724604, 48.814801 ] } },
{ "type": "Feature", "properties": { "rand_point_id": 4733 }, "geometry": { "type": "Point", "coordinates": [ 16.347537, 47.96859 ] } },
{ "type": "Feature", "properties": { "rand_point_id": 4734 }, "geometry": { "type": "Point", "coordinates": [ 12.927771, 47.465376 ] } },
{ "type": "Feature", "properties": { "rand_point_id": 4735 }, "geometry": { "type": "Point", "coordinates": [ 13.93507, 48.142709 ] } },
{ "type": "Feature", "properties": { "rand_point_id": 4736 }, "geometry": { "type": "Point", "coordinates": [ 14.797233, 47.504847 ] } },
{ "type": "Feature", "properties": { "rand_point_id": 4737 }, "geometry": { "type": "Point", "coordinates": [ 17.061888, 47.885313 ] } },
{ "type": "Feature", "properties": { "rand_point_id": 4738 }, "geometry": { "type": "Point", "coordinates": [ 14.961855, 48.076939 ] } },
{ "type": "Feature", "properties": { "rand_point_id": 4739 }, "geometry": { "type": "Point", "coordinates": [ 13.539386, 48.414204 ] } },
{ "type": "Feature", "properties": { "rand_point_id": 4740 }, "geometry": { "type": "Point", "coordinates": [ 10.240653, 47.047987 ] } },
{ "type": "Feature", "properties": { "rand_point_id": 4741 }, "geometry": { "type": "Point", "coordinates": [ 15.311114, 46.891258 ] } },
{ "type": "Feature", "properties": { "rand_point_id": 4742 }, "geometry": { "type": "Point", "coordinates": [ 15.713307, 47.482822 ] } },
{ "type": "Feature", "properties": { "rand_point_id": 4743 }, "geometry": { "type": "Point", "coordinates": [ 11.765831, 47.307839 ] } },
{ "type": "Feature", "properties": { "rand_point_id": 4744 }, "geometry": { "type": "Point", "coordinates": [ 15.135864, 48.194427 ] } },
{ "type": "Feature", "properties": { "rand_point_id": 4745 }, "geometry": { "type": "Point", "coordinates": [ 14.693012, 46.7092 ] } },
{ "type": "Feature", "properties": { "rand_point_id": 4746 }, "geometry": { "type": "Point", "coordinates": [ 15.052519, 46.831465 ] } },
{ "type": "Feature", "properties": { "rand_point_id": 4747 }, "geometry": { "type": "Point", "coordinates": [ 16.379931, 47.664404 ] } },
{ "type": "Feature", "properties": { "rand_point_id": 4748 }, "geometry": { "type": "Point", "coordinates": [ 15.935159, 48.269611 ] } },
{ "type": "Feature", "properties": { "rand_point_id": 4749 }, "geometry": { "type": "Point", "coordinates": [ 15.779346, 48.153121 ] } },
{ "type": "Feature", "properties": { "rand_point_id": 4750 }, "geometry": { "type": "Point", "coordinates": [ 13.70233, 48.249952 ] } },
{ "type": "Feature", "properties": { "rand_point_id": 4751 }, "geometry": { "type": "Point", "coordinates": [ 13.040999, 47.348661 ] } },
{ "type": "Feature", "properties": { "rand_point_id": 4752 }, "geometry": { "type": "Point", "coordinates": [ 15.489452, 48.57411 ] } },
{ "type": "Feature", "properties": { "rand_point_id": 4753 }, "geometry": { "type": "Point", "coordinates": [ 13.429729, 47.854494 ] } },
{ "type": "Feature", "properties": { "rand_point_id": 4754 }, "geometry": { "type": "Point", "coordinates": [ 12.341809, 46.859659 ] } },
{ "type": "Feature", "properties": { "rand_point_id": 4755 }, "geometry": { "type": "Point", "coordinates": [ 15.502015, 46.944854 ] } },
{ "type": "Feature", "properties": { "rand_point_id": 4756 }, "geometry": { "type": "Point", "coordinates": [ 15.411186, 47.506695 ] } },
{ "type": "Feature", "properties": { "rand_point_id": 4757 }, "geometry": { "type": "Point", "coordinates": [ 14.062223, 47.266165 ] } },
{ "type": "Feature", "properties": { "rand_point_id": 4758 }, "geometry": { "type": "Point", "coordinates": [ 13.294861, 47.515474 ] } },
{ "type": "Feature", "properties": { "rand_point_id": 4759 }, "geometry": { "type": "Point", "coordinates": [ 15.902414, 47.470278 ] } },
{ "type": "Feature", "properties": { "rand_point_id": 4760 }, "geometry": { "type": "Point", "coordinates": [ 10.79093, 47.126621 ] } },
{ "type": "Feature", "properties": { "rand_point_id": 4761 }, "geometry": { "type": "Point", "coordinates": [ 13.805845, 48.481776 ] } },
{ "type": "Feature", "properties": { "rand_point_id": 4762 }, "geometry": { "type": "Point", "coordinates": [ 15.719284, 47.984215 ] } },
{ "type": "Feature", "properties": { "rand_point_id": 4763 }, "geometry": { "type": "Point", "coordinates": [ 10.670297, 47.439709 ] } },
{ "type": "Feature", "properties": { "rand_point_id": 4764 }, "geometry": { "type": "Point", "coordinates": [ 15.513654, 47.631758 ] } },
{ "type": "Feature", "properties": { "rand_point_id": 4765 }, "geometry": { "type": "Point", "coordinates": [ 15.170819, 48.380769 ] } },
{ "type": "Feature", "properties": { "rand_point_id": 4766 }, "geometry": { "type": "Point", "coordinates": [ 14.280735, 47.947805 ] } },
{ "type": "Feature", "properties": { "rand_point_id": 4767 }, "geometry": { "type": "Point", "coordinates": [ 15.093902, 47.536688 ] } },
{ "type": "Feature", "properties": { "rand_point_id": 4768 }, "geometry": { "type": "Point", "coordinates": [ 12.146537, 47.297323 ] } },
{ "type": "Feature", "properties": { "rand_point_id": 4769 }, "geometry": { "type": "Point", "coordinates": [ 16.73294, 47.709041 ] } },
{ "type": "Feature", "properties": { "rand_point_id": 4770 }, "geometry": { "type": "Point", "coordinates": [ 16.651757, 48.433591 ] } },
{ "type": "Feature", "properties": { "rand_point_id": 4771 }, "geometry": { "type": "Point", "coordinates": [ 14.163752, 47.203652 ] } },
{ "type": "Feature", "properties": { "rand_point_id": 4772 }, "geometry": { "type": "Point", "coordinates": [ 12.207903, 47.604038 ] } },
{ "type": "Feature", "properties": { "rand_point_id": 4773 }, "geometry": { "type": "Point", "coordinates": [ 13.473996, 48.447532 ] } },
{ "type": "Feature", "properties": { "rand_point_id": 4774 }, "geometry": { "type": "Point", "coordinates": [ 11.7036, 47.423029 ] } },
{ "type": "Feature", "properties": { "rand_point_id": 4775 }, "geometry": { "type": "Point", "coordinates": [ 17.029369, 47.704396 ] } },
{ "type": "Feature", "properties": { "rand_point_id": 4776 }, "geometry": { "type": "Point", "coordinates": [ 13.216385, 47.564323 ] } },
{ "type": "Feature", "properties": { "rand_point_id": 4777 }, "geometry": { "type": "Point", "coordinates": [ 10.60378, 47.358974 ] } },
{ "type": "Feature", "properties": { "rand_point_id": 4778 }, "geometry": { "type": "Point", "coordinates": [ 16.68058, 48.249454 ] } },
{ "type": "Feature", "properties": { "rand_point_id": 4779 }, "geometry": { "type": "Point", "coordinates": [ 15.697695, 48.074778 ] } },
{ "type": "Feature", "properties": { "rand_point_id": 4780 }, "geometry": { "type": "Point", "coordinates": [ 13.905193, 48.672054 ] } },
{ "type": "Feature", "properties": { "rand_point_id": 4781 }, "geometry": { "type": "Point", "coordinates": [ 15.964497, 47.612292 ] } },
{ "type": "Feature", "properties": { "rand_point_id": 4782 }, "geometry": { "type": "Point", "coordinates": [ 13.760396, 47.966153 ] } },
{ "type": "Feature", "properties": { "rand_point_id": 4783 }, "geometry": { "type": "Point", "coordinates": [ 12.774701, 46.972518 ] } },
{ "type": "Feature", "properties": { "rand_point_id": 4784 }, "geometry": { "type": "Point", "coordinates": [ 12.506843, 47.605775 ] } },
{ "type": "Feature", "properties": { "rand_point_id": 4785 }, "geometry": { "type": "Point", "coordinates": [ 16.89068, 47.750973 ] } },
{ "type": "Feature", "properties": { "rand_point_id": 4786 }, "geometry": { "type": "Point", "coordinates": [ 16.338679, 47.019027 ] } },
{ "type": "Feature", "properties": { "rand_point_id": 4787 }, "geometry": { "type": "Point", "coordinates": [ 15.582644, 48.519684 ] } },
{ "type": "Feature", "properties": { "rand_point_id": 4788 }, "geometry": { "type": "Point", "coordinates": [ 16.287584, 48.25224 ] } },
{ "type": "Feature", "properties": { "rand_point_id": 4789 }, "geometry": { "type": "Point", "coordinates": [ 10.127219, 46.98353 ] } },
{ "type": "Feature", "properties": { "rand_point_id": 4790 }, "geometry": { "type": "Point", "coordinates": [ 16.323697, 48.190212 ] } },
{ "type": "Feature", "properties": { "rand_point_id": 4791 }, "geometry": { "type": "Point", "coordinates": [ 12.797429, 47.306717 ] } },
{ "type": "Feature", "properties": { "rand_point_id": 4792 }, "geometry": { "type": "Point", "coordinates": [ 13.06586, 48.220083 ] } },
{ "type": "Feature", "properties": { "rand_point_id": 4793 }, "geometry": { "type": "Point", "coordinates": [ 15.982775, 47.47582 ] } },
{ "type": "Feature", "properties": { "rand_point_id": 4794 }, "geometry": { "type": "Point", "coordinates": [ 12.839638, 48.086374 ] } },
{ "type": "Feature", "properties": { "rand_point_id": 4795 }, "geometry": { "type": "Point", "coordinates": [ 16.963937, 47.807881 ] } },
{ "type": "Feature", "properties": { "rand_point_id": 4796 }, "geometry": { "type": "Point", "coordinates": [ 14.473811, 47.946496 ] } },
{ "type": "Feature", "properties": { "rand_point_id": 4797 }, "geometry": { "type": "Point", "coordinates": [ 14.390934, 47.749048 ] } },
{ "type": "Feature", "properties": { "rand_point_id": 4798 }, "geometry": { "type": "Point", "coordinates": [ 12.8283, 48.064907 ] } },
{ "type": "Feature", "properties": { "rand_point_id": 4799 }, "geometry": { "type": "Point", "coordinates": [ 16.323585, 48.449914 ] } },
{ "type": "Feature", "properties": { "rand_point_id": 4800 }, "geometry": { "type": "Point", "coordinates": [ 13.019736, 46.889228 ] } },
{ "type": "Feature", "properties": { "rand_point_id": 4801 }, "geometry": { "type": "Point", "coordinates": [ 16.031786, 48.444162 ] } },
{ "type": "Feature", "properties": { "rand_point_id": 4802 }, "geometry": { "type": "Point", "coordinates": [ 12.769539, 48.107853 ] } },
{ "type": "Feature", "properties": { "rand_point_id": 4803 }, "geometry": { "type": "Point", "coordinates": [ 13.857723, 48.713561 ] } },
{ "type": "Feature", "properties": { "rand_point_id": 4804 }, "geometry": { "type": "Point", "coordinates": [ 14.520903, 47.145116 ] } },
{ "type": "Feature", "properties": { "rand_point_id": 4805 }, "geometry": { "type": "Point", "coordinates": [ 13.435915, 47.989769 ] } },
{ "type": "Feature", "properties": { "rand_point_id": 4806 }, "geometry": { "type": "Point", "coordinates": [ 13.466153, 48.238069 ] } },
{ "type": "Feature", "properties": { "rand_point_id": 4807 }, "geometry": { "type": "Point", "coordinates": [ 15.432649, 47.486968 ] } },
{ "type": "Feature", "properties": { "rand_point_id": 4808 }, "geometry": { "type": "Point", "coordinates": [ 15.966992, 46.903177 ] } },
{ "type": "Feature", "properties": { "rand_point_id": 4809 }, "geometry": { "type": "Point", "coordinates": [ 16.074615, 47.44445 ] } },
{ "type": "Feature", "properties": { "rand_point_id": 4810 }, "geometry": { "type": "Point", "coordinates": [ 15.504782, 48.225094 ] } },
{ "type": "Feature", "properties": { "rand_point_id": 4811 }, "geometry": { "type": "Point", "coordinates": [ 15.401901, 46.861931 ] } },
{ "type": "Feature", "properties": { "rand_point_id": 4812 }, "geometry": { "type": "Point", "coordinates": [ 16.460797, 47.024786 ] } },
{ "type": "Feature", "properties": { "rand_point_id": 4813 }, "geometry": { "type": "Point", "coordinates": [ 15.684168, 47.307997 ] } },
{ "type": "Feature", "properties": { "rand_point_id": 4814 }, "geometry": { "type": "Point", "coordinates": [ 15.519077, 48.317453 ] } },
{ "type": "Feature", "properties": { "rand_point_id": 4815 }, "geometry": { "type": "Point", "coordinates": [ 13.171715, 47.730969 ] } },
{ "type": "Feature", "properties": { "rand_point_id": 4816 }, "geometry": { "type": "Point", "coordinates": [ 14.484137, 46.660875 ] } },
{ "type": "Feature", "properties": { "rand_point_id": 4817 }, "geometry": { "type": "Point", "coordinates": [ 14.638283, 47.47354 ] } },
{ "type": "Feature", "properties": { "rand_point_id": 4818 }, "geometry": { "type": "Point", "coordinates": [ 14.373226, 47.467388 ] } },
{ "type": "Feature", "properties": { "rand_point_id": 4819 }, "geometry": { "type": "Point", "coordinates": [ 12.769855, 47.524121 ] } },
{ "type": "Feature", "properties": { "rand_point_id": 4820 }, "geometry": { "type": "Point", "coordinates": [ 11.569071, 47.18143 ] } },
{ "type": "Feature", "properties": { "rand_point_id": 4821 }, "geometry": { "type": "Point", "coordinates": [ 15.932788, 47.495478 ] } },
{ "type": "Feature", "properties": { "rand_point_id": 4822 }, "geometry": { "type": "Point", "coordinates": [ 13.367783, 47.901038 ] } },
{ "type": "Feature", "properties": { "rand_point_id": 4823 }, "geometry": { "type": "Point", "coordinates": [ 10.281644, 47.251266 ] } },
{ "type": "Feature", "properties": { "rand_point_id": 4824 }, "geometry": { "type": "Point", "coordinates": [ 15.480313, 47.364884 ] } },
{ "type": "Feature", "properties": { "rand_point_id": 4825 }, "geometry": { "type": "Point", "coordinates": [ 15.52004, 48.414094 ] } },
{ "type": "Feature", "properties": { "rand_point_id": 4826 }, "geometry": { "type": "Point", "coordinates": [ 16.966127, 47.945197 ] } },
{ "type": "Feature", "properties": { "rand_point_id": 4827 }, "geometry": { "type": "Point", "coordinates": [ 14.1908, 46.526813 ] } },
{ "type": "Feature", "properties": { "rand_point_id": 4828 }, "geometry": { "type": "Point", "coordinates": [ 16.607409, 47.925325 ] } },
{ "type": "Feature", "properties": { "rand_point_id": 4829 }, "geometry": { "type": "Point", "coordinates": [ 14.850869, 47.697262 ] } },
{ "type": "Feature", "properties": { "rand_point_id": 4830 }, "geometry": { "type": "Point", "coordinates": [ 15.382865, 48.163887 ] } },
{ "type": "Feature", "properties": { "rand_point_id": 4831 }, "geometry": { "type": "Point", "coordinates": [ 13.437958, 48.357549 ] } },
{ "type": "Feature", "properties": { "rand_point_id": 4832 }, "geometry": { "type": "Point", "coordinates": [ 16.449403, 48.567013 ] } },
{ "type": "Feature", "properties": { "rand_point_id": 4833 }, "geometry": { "type": "Point", "coordinates": [ 14.744392, 48.209058 ] } },
{ "type": "Feature", "properties": { "rand_point_id": 4834 }, "geometry": { "type": "Point", "coordinates": [ 16.430995, 48.072064 ] } },
{ "type": "Feature", "properties": { "rand_point_id": 4835 }, "geometry": { "type": "Point", "coordinates": [ 15.595836, 48.770998 ] } },
{ "type": "Feature", "properties": { "rand_point_id": 4836 }, "geometry": { "type": "Point", "coordinates": [ 15.906094, 47.42472 ] } },
{ "type": "Feature", "properties": { "rand_point_id": 4837 }, "geometry": { "type": "Point", "coordinates": [ 14.979703, 47.931874 ] } },
{ "type": "Feature", "properties": { "rand_point_id": 4838 }, "geometry": { "type": "Point", "coordinates": [ 15.3908, 48.349246 ] } },
{ "type": "Feature", "properties": { "rand_point_id": 4839 }, "geometry": { "type": "Point", "coordinates": [ 16.88994, 48.633755 ] } },
{ "type": "Feature", "properties": { "rand_point_id": 4840 }, "geometry": { "type": "Point", "coordinates": [ 15.763583, 47.906244 ] } },
{ "type": "Feature", "properties": { "rand_point_id": 4841 }, "geometry": { "type": "Point", "coordinates": [ 13.774657, 47.385612 ] } },
{ "type": "Feature", "properties": { "rand_point_id": 4842 }, "geometry": { "type": "Point", "coordinates": [ 12.392003, 47.032227 ] } },
{ "type": "Feature", "properties": { "rand_point_id": 4843 }, "geometry": { "type": "Point", "coordinates": [ 13.383352, 48.147964 ] } },
{ "type": "Feature", "properties": { "rand_point_id": 4844 }, "geometry": { "type": "Point", "coordinates": [ 12.002714, 47.614301 ] } },
{ "type": "Feature", "properties": { "rand_point_id": 4845 }, "geometry": { "type": "Point", "coordinates": [ 13.739769, 48.419661 ] } },
{ "type": "Feature", "properties": { "rand_point_id": 4846 }, "geometry": { "type": "Point", "coordinates": [ 9.957926, 46.925076 ] } },
{ "type": "Feature", "properties": { "rand_point_id": 4847 }, "geometry": { "type": "Point", "coordinates": [ 14.287613, 47.260837 ] } },
{ "type": "Feature", "properties": { "rand_point_id": 4848 }, "geometry": { "type": "Point", "coordinates": [ 10.23163, 46.919279 ] } },
{ "type": "Feature", "properties": { "rand_point_id": 4849 }, "geometry": { "type": "Point", "coordinates": [ 15.342093, 48.778522 ] } },
{ "type": "Feature", "properties": { "rand_point_id": 4850 }, "geometry": { "type": "Point", "coordinates": [ 15.621885, 46.830548 ] } },
{ "type": "Feature", "properties": { "rand_point_id": 4851 }, "geometry": { "type": "Point", "coordinates": [ 14.706914, 46.827187 ] } },
{ "type": "Feature", "properties": { "rand_point_id": 4852 }, "geometry": { "type": "Point", "coordinates": [ 14.183791, 46.980454 ] } },
{ "type": "Feature", "properties": { "rand_point_id": 4853 }, "geometry": { "type": "Point", "coordinates": [ 11.112037, 47.117834 ] } },
{ "type": "Feature", "properties": { "rand_point_id": 4854 }, "geometry": { "type": "Point", "coordinates": [ 16.470754, 47.713362 ] } },
{ "type": "Feature", "properties": { "rand_point_id": 4855 }, "geometry": { "type": "Point", "coordinates": [ 15.591566, 46.727172 ] } },
{ "type": "Feature", "properties": { "rand_point_id": 4856 }, "geometry": { "type": "Point", "coordinates": [ 15.836651, 46.816416 ] } },
{ "type": "Feature", "properties": { "rand_point_id": 4857 }, "geometry": { "type": "Point", "coordinates": [ 15.919308, 48.785777 ] } },
{ "type": "Feature", "properties": { "rand_point_id": 4858 }, "geometry": { "type": "Point", "coordinates": [ 14.375658, 46.70072 ] } },
{ "type": "Feature", "properties": { "rand_point_id": 4859 }, "geometry": { "type": "Point", "coordinates": [ 13.845811, 47.464727 ] } },
{ "type": "Feature", "properties": { "rand_point_id": 4860 }, "geometry": { "type": "Point", "coordinates": [ 14.597108, 48.175281 ] } },
{ "type": "Feature", "properties": { "rand_point_id": 4861 }, "geometry": { "type": "Point", "coordinates": [ 10.161951, 47.164162 ] } },
{ "type": "Feature", "properties": { "rand_point_id": 4862 }, "geometry": { "type": "Point", "coordinates": [ 15.18563, 46.880797 ] } },
{ "type": "Feature", "properties": { "rand_point_id": 4863 }, "geometry": { "type": "Point", "coordinates": [ 15.145935, 47.540161 ] } },
{ "type": "Feature", "properties": { "rand_point_id": 4864 }, "geometry": { "type": "Point", "coordinates": [ 11.031848, 47.017514 ] } },
{ "type": "Feature", "properties": { "rand_point_id": 4865 }, "geometry": { "type": "Point", "coordinates": [ 15.446342, 48.619216 ] } },
{ "type": "Feature", "properties": { "rand_point_id": 4866 }, "geometry": { "type": "Point", "coordinates": [ 15.125505, 48.015815 ] } },
{ "type": "Feature", "properties": { "rand_point_id": 4867 }, "geometry": { "type": "Point", "coordinates": [ 14.923336, 48.052347 ] } },
{ "type": "Feature", "properties": { "rand_point_id": 4868 }, "geometry": { "type": "Point", "coordinates": [ 13.564786, 46.643354 ] } },
{ "type": "Feature", "properties": { "rand_point_id": 4869 }, "geometry": { "type": "Point", "coordinates": [ 14.296916, 47.274283 ] } },
{ "type": "Feature", "properties": { "rand_point_id": 4870 }, "geometry": { "type": "Point", "coordinates": [ 14.860491, 47.372437 ] } },
{ "type": "Feature", "properties": { "rand_point_id": 4871 }, "geometry": { "type": "Point", "coordinates": [ 15.582063, 48.616985 ] } },
{ "type": "Feature", "properties": { "rand_point_id": 4872 }, "geometry": { "type": "Point", "coordinates": [ 11.762946, 46.974351 ] } },
{ "type": "Feature", "properties": { "rand_point_id": 4873 }, "geometry": { "type": "Point", "coordinates": [ 10.812415, 47.259402 ] } },
{ "type": "Feature", "properties": { "rand_point_id": 4874 }, "geometry": { "type": "Point", "coordinates": [ 13.455695, 46.97565 ] } },
{ "type": "Feature", "properties": { "rand_point_id": 4875 }, "geometry": { "type": "Point", "coordinates": [ 13.875184, 48.045917 ] } },
{ "type": "Feature", "properties": { "rand_point_id": 4876 }, "geometry": { "type": "Point", "coordinates": [ 13.488442, 47.714691 ] } },
{ "type": "Feature", "properties": { "rand_point_id": 4877 }, "geometry": { "type": "Point", "coordinates": [ 15.883612, 48.357907 ] } },
{ "type": "Feature", "properties": { "rand_point_id": 4878 }, "geometry": { "type": "Point", "coordinates": [ 14.968981, 48.795799 ] } },
{ "type": "Feature", "properties": { "rand_point_id": 4879 }, "geometry": { "type": "Point", "coordinates": [ 16.551669, 48.490832 ] } },
{ "type": "Feature", "properties": { "rand_point_id": 4880 }, "geometry": { "type": "Point", "coordinates": [ 14.018357, 46.79154 ] } },
{ "type": "Feature", "properties": { "rand_point_id": 4881 }, "geometry": { "type": "Point", "coordinates": [ 17.050729, 47.819675 ] } },
{ "type": "Feature", "properties": { "rand_point_id": 4882 }, "geometry": { "type": "Point", "coordinates": [ 14.522696, 48.388275 ] } },
{ "type": "Feature", "properties": { "rand_point_id": 4883 }, "geometry": { "type": "Point", "coordinates": [ 10.472293, 47.08599 ] } },
{ "type": "Feature", "properties": { "rand_point_id": 4884 }, "geometry": { "type": "Point", "coordinates": [ 15.521131, 47.916768 ] } },
{ "type": "Feature", "properties": { "rand_point_id": 4885 }, "geometry": { "type": "Point", "coordinates": [ 12.584714, 47.585575 ] } },
{ "type": "Feature", "properties": { "rand_point_id": 4886 }, "geometry": { "type": "Point", "coordinates": [ 16.737101, 48.616381 ] } },
{ "type": "Feature", "properties": { "rand_point_id": 4887 }, "geometry": { "type": "Point", "coordinates": [ 14.0242, 47.465663 ] } },
{ "type": "Feature", "properties": { "rand_point_id": 4888 }, "geometry": { "type": "Point", "coordinates": [ 14.195906, 46.544006 ] } },
{ "type": "Feature", "properties": { "rand_point_id": 4889 }, "geometry": { "type": "Point", "coordinates": [ 14.790917, 48.296161 ] } },
{ "type": "Feature", "properties": { "rand_point_id": 4890 }, "geometry": { "type": "Point", "coordinates": [ 16.302474, 47.825032 ] } },
{ "type": "Feature", "properties": { "rand_point_id": 4891 }, "geometry": { "type": "Point", "coordinates": [ 14.858345, 48.388818 ] } },
{ "type": "Feature", "properties": { "rand_point_id": 4892 }, "geometry": { "type": "Point", "coordinates": [ 15.968447, 47.923325 ] } },
{ "type": "Feature", "properties": { "rand_point_id": 4893 }, "geometry": { "type": "Point", "coordinates": [ 16.291387, 48.715962 ] } },
{ "type": "Feature", "properties": { "rand_point_id": 4894 }, "geometry": { "type": "Point", "coordinates": [ 16.653223, 48.045077 ] } },
{ "type": "Feature", "properties": { "rand_point_id": 4895 }, "geometry": { "type": "Point", "coordinates": [ 13.584333, 48.073912 ] } },
{ "type": "Feature", "properties": { "rand_point_id": 4896 }, "geometry": { "type": "Point", "coordinates": [ 14.327221, 48.002038 ] } },
{ "type": "Feature", "properties": { "rand_point_id": 4897 }, "geometry": { "type": "Point", "coordinates": [ 14.1778, 48.151665 ] } },
{ "type": "Feature", "properties": { "rand_point_id": 4898 }, "geometry": { "type": "Point", "coordinates": [ 13.688933, 46.817648 ] } },
{ "type": "Feature", "properties": { "rand_point_id": 4899 }, "geometry": { "type": "Point", "coordinates": [ 14.610946, 46.653371 ] } },
{ "type": "Feature", "properties": { "rand_point_id": 4900 }, "geometry": { "type": "Point", "coordinates": [ 15.623907, 47.67228 ] } },
{ "type": "Feature", "properties": { "rand_point_id": 4901 }, "geometry": { "type": "Point", "coordinates": [ 11.67056, 47.098814 ] } },
{ "type": "Feature", "properties": { "rand_point_id": 4902 }, "geometry": { "type": "Point", "coordinates": [ 11.993087, 47.395803 ] } },
{ "type": "Feature", "properties": { "rand_point_id": 4903 }, "geometry": { "type": "Point", "coordinates": [ 11.450902, 47.237503 ] } },
{ "type": "Feature", "properties": { "rand_point_id": 4904 }, "geometry": { "type": "Point", "coordinates": [ 14.569805, 46.929764 ] } },
{ "type": "Feature", "properties": { "rand_point_id": 4905 }, "geometry": { "type": "Point", "coordinates": [ 12.444747, 47.10955 ] } },
{ "type": "Feature", "properties": { "rand_point_id": 4906 }, "geometry": { "type": "Point", "coordinates": [ 16.719471, 47.992404 ] } },
{ "type": "Feature", "properties": { "rand_point_id": 4907 }, "geometry": { "type": "Point", "coordinates": [ 13.47718, 47.276243 ] } },
{ "type": "Feature", "properties": { "rand_point_id": 4908 }, "geometry": { "type": "Point", "coordinates": [ 15.282354, 47.960783 ] } },
{ "type": "Feature", "properties": { "rand_point_id": 4909 }, "geometry": { "type": "Point", "coordinates": [ 15.647326, 47.179687 ] } },
{ "type": "Feature", "properties": { "rand_point_id": 4910 }, "geometry": { "type": "Point", "coordinates": [ 15.515609, 47.921651 ] } },
{ "type": "Feature", "properties": { "rand_point_id": 4911 }, "geometry": { "type": "Point", "coordinates": [ 15.753436, 48.009267 ] } },
{ "type": "Feature", "properties": { "rand_point_id": 4912 }, "geometry": { "type": "Point", "coordinates": [ 15.954542, 48.366685 ] } },
{ "type": "Feature", "properties": { "rand_point_id": 4913 }, "geometry": { "type": "Point", "coordinates": [ 13.627032, 47.783009 ] } },
{ "type": "Feature", "properties": { "rand_point_id": 4914 }, "geometry": { "type": "Point", "coordinates": [ 14.308187, 46.639266 ] } },
{ "type": "Feature", "properties": { "rand_point_id": 4915 }, "geometry": { "type": "Point", "coordinates": [ 15.173591, 48.812368 ] } },
{ "type": "Feature", "properties": { "rand_point_id": 4916 }, "geometry": { "type": "Point", "coordinates": [ 14.09361, 46.596864 ] } },
{ "type": "Feature", "properties": { "rand_point_id": 4917 }, "geometry": { "type": "Point", "coordinates": [ 15.098153, 48.373484 ] } },
{ "type": "Feature", "properties": { "rand_point_id": 4918 }, "geometry": { "type": "Point", "coordinates": [ 13.21568, 47.769873 ] } },
{ "type": "Feature", "properties": { "rand_point_id": 4919 }, "geometry": { "type": "Point", "coordinates": [ 15.779515, 47.607821 ] } },
{ "type": "Feature", "properties": { "rand_point_id": 4920 }, "geometry": { "type": "Point", "coordinates": [ 14.559461, 47.034444 ] } },
{ "type": "Feature", "properties": { "rand_point_id": 4921 }, "geometry": { "type": "Point", "coordinates": [ 16.405925, 48.630317 ] } },
{ "type": "Feature", "properties": { "rand_point_id": 4922 }, "geometry": { "type": "Point", "coordinates": [ 13.787059, 48.156123 ] } },
{ "type": "Feature", "properties": { "rand_point_id": 4923 }, "geometry": { "type": "Point", "coordinates": [ 12.619835, 47.503156 ] } },
{ "type": "Feature", "properties": { "rand_point_id": 4924 }, "geometry": { "type": "Point", "coordinates": [ 11.608593, 47.368901 ] } },
{ "type": "Feature", "properties": { "rand_point_id": 4925 }, "geometry": { "type": "Point", "coordinates": [ 14.930561, 46.879986 ] } },
{ "type": "Feature", "properties": { "rand_point_id": 4926 }, "geometry": { "type": "Point", "coordinates": [ 12.428596, 46.777983 ] } },
{ "type": "Feature", "properties": { "rand_point_id": 4927 }, "geometry": { "type": "Point", "coordinates": [ 16.335777, 48.296889 ] } },
{ "type": "Feature", "properties": { "rand_point_id": 4928 }, "geometry": { "type": "Point", "coordinates": [ 12.569961, 46.939072 ] } },
{ "type": "Feature", "properties": { "rand_point_id": 4929 }, "geometry": { "type": "Point", "coordinates": [ 15.942947, 48.27695 ] } },
{ "type": "Feature", "properties": { "rand_point_id": 4930 }, "geometry": { "type": "Point", "coordinates": [ 15.771031, 48.595066 ] } },
{ "type": "Feature", "properties": { "rand_point_id": 4931 }, "geometry": { "type": "Point", "coordinates": [ 15.566711, 48.37873 ] } },
{ "type": "Feature", "properties": { "rand_point_id": 4932 }, "geometry": { "type": "Point", "coordinates": [ 15.055934, 47.136979 ] } },
{ "type": "Feature", "properties": { "rand_point_id": 4933 }, "geometry": { "type": "Point", "coordinates": [ 15.661676, 47.100411 ] } },
{ "type": "Feature", "properties": { "rand_point_id": 4934 }, "geometry": { "type": "Point", "coordinates": [ 13.08326, 47.786474 ] } },
{ "type": "Feature", "properties": { "rand_point_id": 4935 }, "geometry": { "type": "Point", "coordinates": [ 14.692929, 46.970638 ] } },
{ "type": "Feature", "properties": { "rand_point_id": 4936 }, "geometry": { "type": "Point", "coordinates": [ 16.649219, 48.23166 ] } },
{ "type": "Feature", "properties": { "rand_point_id": 4937 }, "geometry": { "type": "Point", "coordinates": [ 13.908845, 46.795912 ] } },
{ "type": "Feature", "properties": { "rand_point_id": 4938 }, "geometry": { "type": "Point", "coordinates": [ 15.35705, 46.982654 ] } },
{ "type": "Feature", "properties": { "rand_point_id": 4939 }, "geometry": { "type": "Point", "coordinates": [ 15.121845, 48.654965 ] } },
{ "type": "Feature", "properties": { "rand_point_id": 4940 }, "geometry": { "type": "Point", "coordinates": [ 11.498308, 47.387322 ] } },
{ "type": "Feature", "properties": { "rand_point_id": 4941 }, "geometry": { "type": "Point", "coordinates": [ 14.004419, 46.616087 ] } },
{ "type": "Feature", "properties": { "rand_point_id": 4942 }, "geometry": { "type": "Point", "coordinates": [ 14.137282, 47.987583 ] } },
{ "type": "Feature", "properties": { "rand_point_id": 4943 }, "geometry": { "type": "Point", "coordinates": [ 14.4219, 48.066059 ] } },
{ "type": "Feature", "properties": { "rand_point_id": 4944 }, "geometry": { "type": "Point", "coordinates": [ 15.177456, 48.109931 ] } },
{ "type": "Feature", "properties": { "rand_point_id": 4945 }, "geometry": { "type": "Point", "coordinates": [ 15.359882, 48.702414 ] } },
{ "type": "Feature", "properties": { "rand_point_id": 4946 }, "geometry": { "type": "Point", "coordinates": [ 15.608605, 48.34903 ] } },
{ "type": "Feature", "properties": { "rand_point_id": 4947 }, "geometry": { "type": "Point", "coordinates": [ 13.515497, 47.678742 ] } },
{ "type": "Feature", "properties": { "rand_point_id": 4948 }, "geometry": { "type": "Point", "coordinates": [ 13.087608, 47.337854 ] } },
{ "type": "Feature", "properties": { "rand_point_id": 4949 }, "geometry": { "type": "Point", "coordinates": [ 13.107738, 47.107314 ] } },
{ "type": "Feature", "properties": { "rand_point_id": 4950 }, "geometry": { "type": "Point", "coordinates": [ 14.358264, 48.283411 ] } },
{ "type": "Feature", "properties": { "rand_point_id": 4951 }, "geometry": { "type": "Point", "coordinates": [ 14.139185, 47.615162 ] } },
{ "type": "Feature", "properties": { "rand_point_id": 4952 }, "geometry": { "type": "Point", "coordinates": [ 15.196963, 47.493695 ] } },
{ "type": "Feature", "properties": { "rand_point_id": 4953 }, "geometry": { "type": "Point", "coordinates": [ 14.490153, 48.59428 ] } },
{ "type": "Feature", "properties": { "rand_point_id": 4954 }, "geometry": { "type": "Point", "coordinates": [ 13.366531, 46.887999 ] } },
{ "type": "Feature", "properties": { "rand_point_id": 4955 }, "geometry": { "type": "Point", "coordinates": [ 10.948986, 46.829158 ] } },
{ "type": "Feature", "properties": { "rand_point_id": 4956 }, "geometry": { "type": "Point", "coordinates": [ 14.736955, 47.880324 ] } },
{ "type": "Feature", "properties": { "rand_point_id": 4957 }, "geometry": { "type": "Point", "coordinates": [ 15.750484, 48.464629 ] } },
{ "type": "Feature", "properties": { "rand_point_id": 4958 }, "geometry": { "type": "Point", "coordinates": [ 12.24412, 47.098021 ] } },
{ "type": "Feature", "properties": { "rand_point_id": 4959 }, "geometry": { "type": "Point", "coordinates": [ 16.145563, 47.800926 ] } },
{ "type": "Feature", "properties": { "rand_point_id": 4960 }, "geometry": { "type": "Point", "coordinates": [ 14.171266, 48.027772 ] } },
{ "type": "Feature", "properties": { "rand_point_id": 4961 }, "geometry": { "type": "Point", "coordinates": [ 16.625912, 47.777748 ] } },
{ "type": "Feature", "properties": { "rand_point_id": 4962 }, "geometry": { "type": "Point", "coordinates": [ 10.472792, 47.185815 ] } },
{ "type": "Feature", "properties": { "rand_point_id": 4963 }, "geometry": { "type": "Point", "coordinates": [ 11.887045, 47.280055 ] } },
{ "type": "Feature", "properties": { "rand_point_id": 4964 }, "geometry": { "type": "Point", "coordinates": [ 16.334982, 47.843284 ] } },
{ "type": "Feature", "properties": { "rand_point_id": 4965 }, "geometry": { "type": "Point", "coordinates": [ 16.419269, 47.579089 ] } },
{ "type": "Feature", "properties": { "rand_point_id": 4966 }, "geometry": { "type": "Point", "coordinates": [ 13.478026, 48.364978 ] } },
{ "type": "Feature", "properties": { "rand_point_id": 4967 }, "geometry": { "type": "Point", "coordinates": [ 11.817501, 47.325677 ] } },
{ "type": "Feature", "properties": { "rand_point_id": 4968 }, "geometry": { "type": "Point", "coordinates": [ 13.910568, 47.771077 ] } },
{ "type": "Feature", "properties": { "rand_point_id": 4969 }, "geometry": { "type": "Point", "coordinates": [ 13.999396, 46.628777 ] } },
{ "type": "Feature", "properties": { "rand_point_id": 4970 }, "geometry": { "type": "Point", "coordinates": [ 16.104494, 47.806253 ] } },
{ "type": "Feature", "properties": { "rand_point_id": 4971 }, "geometry": { "type": "Point", "coordinates": [ 14.584964, 47.690653 ] } },
{ "type": "Feature", "properties": { "rand_point_id": 4972 }, "geometry": { "type": "Point", "coordinates": [ 16.33219, 48.115704 ] } },
{ "type": "Feature", "properties": { "rand_point_id": 4973 }, "geometry": { "type": "Point", "coordinates": [ 13.167371, 47.738013 ] } },
{ "type": "Feature", "properties": { "rand_point_id": 4974 }, "geometry": { "type": "Point", "coordinates": [ 15.019334, 46.821924 ] } },
{ "type": "Feature", "properties": { "rand_point_id": 4975 }, "geometry": { "type": "Point", "coordinates": [ 15.012116, 48.733913 ] } },
{ "type": "Feature", "properties": { "rand_point_id": 4976 }, "geometry": { "type": "Point", "coordinates": [ 12.264712, 47.57063 ] } },
{ "type": "Feature", "properties": { "rand_point_id": 4977 }, "geometry": { "type": "Point", "coordinates": [ 14.483235, 47.140615 ] } },
{ "type": "Feature", "properties": { "rand_point_id": 4978 }, "geometry": { "type": "Point", "coordinates": [ 13.814491, 47.911881 ] } },
{ "type": "Feature", "properties": { "rand_point_id": 4979 }, "geometry": { "type": "Point", "coordinates": [ 13.865775, 47.803303 ] } },
{ "type": "Feature", "properties": { "rand_point_id": 4980 }, "geometry": { "type": "Point", "coordinates": [ 16.792501, 48.098545 ] } },
{ "type": "Feature", "properties": { "rand_point_id": 4981 }, "geometry": { "type": "Point", "coordinates": [ 14.804939, 46.726007 ] } },
{ "type": "Feature", "properties": { "rand_point_id": 4982 }, "geometry": { "type": "Point", "coordinates": [ 13.75857, 46.912062 ] } },
{ "type": "Feature", "properties": { "rand_point_id": 4983 }, "geometry": { "type": "Point", "coordinates": [ 13.955715, 47.462333 ] } },
{ "type": "Feature", "properties": { "rand_point_id": 4984 }, "geometry": { "type": "Point", "coordinates": [ 14.227327, 46.781746 ] } },
{ "type": "Feature", "properties": { "rand_point_id": 4985 }, "geometry": { "type": "Point", "coordinates": [ 10.069825, 47.153634 ] } },
{ "type": "Feature", "properties": { "rand_point_id": 4986 }, "geometry": { "type": "Point", "coordinates": [ 14.266264, 46.593459 ] } },
{ "type": "Feature", "properties": { "rand_point_id": 4987 }, "geometry": { "type": "Point", "coordinates": [ 9.591795, 47.317711 ] } },
{ "type": "Feature", "properties": { "rand_point_id": 4988 }, "geometry": { "type": "Point", "coordinates": [ 10.776511, 47.28066 ] } },
{ "type": "Feature", "properties": { "rand_point_id": 4989 }, "geometry": { "type": "Point", "coordinates": [ 10.64106, 47.370561 ] } },
{ "type": "Feature", "properties": { "rand_point_id": 4990 }, "geometry": { "type": "Point", "coordinates": [ 15.460211, 48.9115 ] } },
{ "type": "Feature", "properties": { "rand_point_id": 4991 }, "geometry": { "type": "Point", "coordinates": [ 14.209864, 48.3835 ] } },
{ "type": "Feature", "properties": { "rand_point_id": 4992 }, "geometry": { "type": "Point", "coordinates": [ 16.298062, 47.192248 ] } },
{ "type": "Feature", "properties": { "rand_point_id": 4993 }, "geometry": { "type": "Point", "coordinates": [ 9.949714, 47.469224 ] } },
{ "type": "Feature", "properties": { "rand_point_id": 4994 }, "geometry": { "type": "Point", "coordinates": [ 15.649532, 46.8231 ] } },
{ "type": "Feature", "properties": { "rand_point_id": 4995 }, "geometry": { "type": "Point", "coordinates": [ 17.015194, 48.141534 ] } },
{ "type": "Feature", "properties": { "rand_point_id": 4996 }, "geometry": { "type": "Point", "coordinates": [ 15.905577, 48.812086 ] } },
{ "type": "Feature", "properties": { "rand_point_id": 4997 }, "geometry": { "type": "Point", "coordinates": [ 16.29357, 47.67631 ] } },
{ "type": "Feature", "properties": { "rand_point_id": 4998 }, "geometry": { "type": "Point", "coordinates": [ 13.212757, 47.46575 ] } },
{ "type": "Feature", "properties": { "rand_point_id": 4999 }, "geometry": { "type": "Point", "coordinates": [ 13.486022, 47.592615 ] } }
]
}
